_time,count,source,sourcetype
01-01-2024 00:00,24,firewall.log,firewall_event
01-01-2024 00:00,21,webserver.log,vpn_connection
01-01-2024 00:00,19,vpn.log,vpn_connection
01-01-2024 00:00,22,firewall.log,firewall_event
01-01-2024 00:00,29,auth.log,firewall_event
01-01-2024 00:00,270,firewall.log,firewall_event
01-01-2024 00:00,20,vpn.log,vpn_connection
01-01-2024 00:00,13,firewall.log,vpn_connection
01-01-2024 00:00,19,auth.log,vpn_connection
01-01-2024 00:00,21,auth.log,web_access
01-01-2024 00:00,16,firewall.log,vpn_connection
01-01-2024 01:00,17,auth.log,web_access
01-01-2024 01:00,20,webserver.log,vpn_connection
01-01-2024 01:00,21,vpn.log,web_access
01-01-2024 01:00,15,firewall.log,firewall_event
01-01-2024 01:00,18,auth.log,firewall_event
01-01-2024 01:00,18,webserver.log,web_access
01-01-2024 01:00,362,webserver.log,firewall_event
01-01-2024 01:00,15,auth.log,firewall_event
01-01-2024 01:00,21,auth.log,firewall_event
01-01-2024 01:00,27,webserver.log,web_access
01-01-2024 01:00,13,vpn.log,firewall_event
01-01-2024 01:00,22,firewall.log,vpn_connection
01-01-2024 02:00,20,webserver.log,firewall_event
01-01-2024 02:00,24,vpn.log,firewall_event
01-01-2024 02:00,20,auth.log,web_access
01-01-2024 02:00,17,auth.log,web_access
01-01-2024 02:00,16,vpn.log,web_access
01-01-2024 02:00,16,webserver.log,vpn_connection
01-01-2024 02:00,24,webserver.log,firewall_event
01-01-2024 03:00,27,vpn.log,vpn_connection
01-01-2024 03:00,27,vpn.log,user_auth
01-01-2024 03:00,16,auth.log,web_access
01-01-2024 03:00,26,vpn.log,web_access
01-01-2024 03:00,19,firewall.log,vpn_connection
01-01-2024 03:00,18,firewall.log,web_access
01-01-2024 03:00,20,auth.log,web_access
01-01-2024 03:00,16,firewall.log,vpn_connection
01-01-2024 04:00,22,webserver.log,vpn_connection
01-01-2024 04:00,19,auth.log,user_auth
01-01-2024 04:00,12,auth.log,vpn_connection
01-01-2024 04:00,24,webserver.log,vpn_connection
01-01-2024 04:00,19,vpn.log,web_access
01-01-2024 05:00,17,auth.log,user_auth
01-01-2024 05:00,21,webserver.log,vpn_connection
01-01-2024 05:00,20,vpn.log,user_auth
01-01-2024 05:00,15,firewall.log,firewall_event
01-01-2024 05:00,29,firewall.log,vpn_connection
01-01-2024 05:00,14,vpn.log,user_auth
01-01-2024 05:00,17,firewall.log,user_auth
01-01-2024 05:00,21,auth.log,user_auth
01-01-2024 05:00,27,webserver.log,firewall_event
01-01-2024 05:00,18,firewall.log,web_access
01-01-2024 05:00,26,webserver.log,firewall_event
01-01-2024 05:00,12,webserver.log,user_auth
01-01-2024 05:00,21,vpn.log,user_auth
01-01-2024 06:00,17,firewall.log,web_access
01-01-2024 06:00,15,vpn.log,firewall_event
01-01-2024 06:00,23,webserver.log,vpn_connection
01-01-2024 06:00,20,vpn.log,web_access
01-01-2024 06:00,20,vpn.log,firewall_event
01-01-2024 06:00,18,webserver.log,user_auth
01-01-2024 06:00,26,firewall.log,firewall_event
01-01-2024 07:00,18,webserver.log,web_access
01-01-2024 07:00,17,vpn.log,firewall_event
01-01-2024 07:00,17,vpn.log,firewall_event
01-01-2024 07:00,29,firewall.log,user_auth
01-01-2024 07:00,13,firewall.log,vpn_connection
01-01-2024 07:00,14,vpn.log,user_auth
01-01-2024 07:00,23,vpn.log,web_access
01-01-2024 07:00,18,auth.log,vpn_connection
01-01-2024 08:00,16,vpn.log,web_access
01-01-2024 08:00,15,auth.log,web_access
01-01-2024 08:00,19,auth.log,user_auth
01-01-2024 08:00,16,firewall.log,vpn_connection
01-01-2024 08:00,20,vpn.log,firewall_event
01-01-2024 08:00,19,webserver.log,firewall_event
01-01-2024 08:00,19,vpn.log,vpn_connection
01-01-2024 09:00,20,firewall.log,firewall_event
01-01-2024 09:00,17,firewall.log,vpn_connection
01-01-2024 09:00,25,firewall.log,firewall_event
01-01-2024 09:00,15,webserver.log,firewall_event
01-01-2024 09:00,21,vpn.log,web_access
01-01-2024 09:00,23,auth.log,vpn_connection
01-01-2024 10:00,15,vpn.log,user_auth
01-01-2024 10:00,13,vpn.log,user_auth
01-01-2024 10:00,24,auth.log,vpn_connection
01-01-2024 10:00,22,firewall.log,firewall_event
01-01-2024 10:00,26,auth.log,web_access
01-01-2024 10:00,28,auth.log,user_auth
01-01-2024 10:00,22,auth.log,firewall_event
01-01-2024 10:00,29,firewall.log,firewall_event
01-01-2024 10:00,24,auth.log,web_access
01-01-2024 10:00,14,firewall.log,vpn_connection
01-01-2024 10:00,22,vpn.log,vpn_connection
01-01-2024 11:00,18,auth.log,vpn_connection
01-01-2024 11:00,22,auth.log,vpn_connection
01-01-2024 11:00,20,webserver.log,user_auth
01-01-2024 11:00,29,vpn.log,firewall_event
01-01-2024 11:00,19,auth.log,firewall_event
01-01-2024 11:00,23,firewall.log,firewall_event
01-01-2024 12:00,26,firewall.log,vpn_connection
01-01-2024 12:00,22,vpn.log,user_auth
01-01-2024 12:00,18,auth.log,user_auth
01-01-2024 12:00,18,vpn.log,user_auth
01-01-2024 12:00,25,firewall.log,vpn_connection
01-01-2024 12:00,22,auth.log,firewall_event
01-01-2024 12:00,12,auth.log,web_access
01-01-2024 12:00,21,auth.log,web_access
01-01-2024 12:00,24,auth.log,user_auth
01-01-2024 12:00,11,vpn.log,vpn_connection
01-01-2024 12:00,19,webserver.log,vpn_connection
01-01-2024 12:00,27,firewall.log,firewall_event
01-01-2024 13:00,18,webserver.log,firewall_event
01-01-2024 13:00,18,firewall.log,user_auth
01-01-2024 13:00,21,vpn.log,firewall_event
01-01-2024 13:00,13,firewall.log,vpn_connection
01-01-2024 13:00,20,firewall.log,firewall_event
01-01-2024 13:00,14,vpn.log,user_auth
01-01-2024 13:00,18,firewall.log,vpn_connection
01-01-2024 13:00,12,firewall.log,firewall_event
01-01-2024 13:00,20,auth.log,web_access
01-01-2024 13:00,19,webserver.log,vpn_connection
01-01-2024 14:00,9,webserver.log,vpn_connection
01-01-2024 14:00,26,webserver.log,user_auth
01-01-2024 14:00,17,vpn.log,web_access
01-01-2024 14:00,18,auth.log,web_access
01-01-2024 14:00,23,firewall.log,firewall_event
01-01-2024 14:00,25,auth.log,firewall_event
01-01-2024 14:00,27,firewall.log,vpn_connection
01-01-2024 14:00,23,webserver.log,vpn_connection
01-01-2024 14:00,28,webserver.log,firewall_event
01-01-2024 14:00,15,vpn.log,web_access
01-01-2024 14:00,25,webserver.log,vpn_connection
01-01-2024 15:00,23,auth.log,web_access
01-01-2024 15:00,27,firewall.log,web_access
01-01-2024 15:00,24,firewall.log,vpn_connection
01-01-2024 15:00,16,webserver.log,firewall_event
01-01-2024 15:00,16,firewall.log,vpn_connection
01-01-2024 16:00,18,webserver.log,web_access
01-01-2024 16:00,20,vpn.log,web_access
01-01-2024 16:00,25,vpn.log,web_access
01-01-2024 16:00,26,auth.log,web_access
01-01-2024 16:00,22,firewall.log,firewall_event
01-01-2024 16:00,14,auth.log,web_access
01-01-2024 17:00,22,firewall.log,firewall_event
01-01-2024 17:00,23,webserver.log,vpn_connection
01-01-2024 17:00,27,webserver.log,vpn_connection
01-01-2024 17:00,23,auth.log,user_auth
01-01-2024 17:00,25,firewall.log,firewall_event
01-01-2024 17:00,18,firewall.log,vpn_connection
01-01-2024 18:00,20,firewall.log,web_access
01-01-2024 18:00,19,vpn.log,user_auth
01-01-2024 18:00,23,vpn.log,firewall_event
01-01-2024 18:00,21,webserver.log,web_access
01-01-2024 18:00,18,firewall.log,web_access
01-01-2024 18:00,21,vpn.log,vpn_connection
01-01-2024 18:00,27,firewall.log,web_access
01-01-2024 19:00,13,auth.log,vpn_connection
01-01-2024 19:00,20,vpn.log,vpn_connection
01-01-2024 19:00,12,vpn.log,user_auth
01-01-2024 19:00,20,firewall.log,vpn_connection
01-01-2024 19:00,24,webserver.log,user_auth
01-01-2024 19:00,11,vpn.log,web_access
01-01-2024 19:00,23,vpn.log,firewall_event
01-01-2024 19:00,18,auth.log,firewall_event
01-01-2024 19:00,23,auth.log,vpn_connection
01-01-2024 19:00,25,vpn.log,user_auth
01-01-2024 19:00,16,webserver.log,web_access
01-01-2024 19:00,18,vpn.log,vpn_connection
01-01-2024 19:00,21,firewall.log,vpn_connection
01-01-2024 20:00,19,auth.log,web_access
01-01-2024 20:00,18,webserver.log,firewall_event
01-01-2024 20:00,21,webserver.log,web_access
01-01-2024 20:00,15,auth.log,web_access
01-01-2024 20:00,15,firewall.log,firewall_event
01-01-2024 20:00,27,webserver.log,vpn_connection
01-01-2024 20:00,13,webserver.log,firewall_event
01-01-2024 20:00,17,firewall.log,user_auth
01-01-2024 20:00,28,webserver.log,web_access
01-01-2024 20:00,17,auth.log,firewall_event
01-01-2024 20:00,18,auth.log,vpn_connection
01-01-2024 20:00,16,webserver.log,firewall_event
01-01-2024 21:00,21,auth.log,firewall_event
01-01-2024 21:00,20,vpn.log,web_access
01-01-2024 21:00,14,auth.log,firewall_event
01-01-2024 21:00,17,webserver.log,web_access
01-01-2024 21:00,22,firewall.log,web_access
01-01-2024 21:00,20,webserver.log,user_auth
01-01-2024 21:00,28,webserver.log,user_auth
01-01-2024 21:00,14,webserver.log,vpn_connection
01-01-2024 21:00,15,vpn.log,user_auth
01-01-2024 21:00,21,auth.log,vpn_connection
01-01-2024 22:00,23,webserver.log,user_auth
01-01-2024 22:00,15,firewall.log,web_access
01-01-2024 22:00,27,webserver.log,vpn_connection
01-01-2024 22:00,22,auth.log,web_access
01-01-2024 22:00,27,auth.log,user_auth
01-01-2024 22:00,19,auth.log,vpn_connection
01-01-2024 22:00,18,auth.log,vpn_connection
01-01-2024 22:00,16,firewall.log,web_access
01-01-2024 22:00,18,webserver.log,firewall_event
01-01-2024 22:00,20,vpn.log,web_access
01-01-2024 22:00,23,vpn.log,vpn_connection
01-01-2024 22:00,16,vpn.log,firewall_event
01-01-2024 22:00,24,firewall.log,vpn_connection
01-01-2024 23:00,19,auth.log,firewall_event
01-01-2024 23:00,20,auth.log,user_auth
01-01-2024 23:00,24,vpn.log,user_auth
01-01-2024 23:00,21,auth.log,user_auth
01-01-2024 23:00,18,vpn.log,vpn_connection
01-01-2024 23:00,17,firewall.log,firewall_event
01-01-2024 23:00,14,auth.log,vpn_connection
01-01-2024 23:00,23,vpn.log,user_auth
02-01-2024 00:00,24,firewall.log,vpn_connection
02-01-2024 00:00,24,firewall.log,user_auth
02-01-2024 00:00,12,vpn.log,user_auth
02-01-2024 00:00,27,webserver.log,user_auth
02-01-2024 00:00,15,auth.log,user_auth
02-01-2024 00:00,18,vpn.log,user_auth
02-01-2024 00:00,21,auth.log,web_access
02-01-2024 00:00,16,vpn.log,web_access
02-01-2024 01:00,19,auth.log,vpn_connection
02-01-2024 01:00,18,webserver.log,user_auth
02-01-2024 01:00,19,firewall.log,web_access
02-01-2024 01:00,14,vpn.log,web_access
02-01-2024 01:00,19,webserver.log,web_access
02-01-2024 01:00,21,firewall.log,vpn_connection
02-01-2024 01:00,22,vpn.log,vpn_connection
02-01-2024 02:00,21,auth.log,vpn_connection
02-01-2024 02:00,15,vpn.log,firewall_event
02-01-2024 02:00,19,auth.log,user_auth
02-01-2024 02:00,18,webserver.log,user_auth
02-01-2024 02:00,18,auth.log,firewall_event
02-01-2024 03:00,24,vpn.log,user_auth
02-01-2024 03:00,19,auth.log,firewall_event
02-01-2024 03:00,15,auth.log,user_auth
02-01-2024 03:00,29,firewall.log,web_access
02-01-2024 03:00,22,webserver.log,user_auth
02-01-2024 04:00,26,auth.log,vpn_connection
02-01-2024 04:00,16,auth.log,vpn_connection
02-01-2024 04:00,21,webserver.log,user_auth
02-01-2024 04:00,26,auth.log,firewall_event
02-01-2024 04:00,21,auth.log,web_access
02-01-2024 04:00,29,auth.log,vpn_connection
02-01-2024 05:00,27,auth.log,vpn_connection
02-01-2024 05:00,16,firewall.log,user_auth
02-01-2024 05:00,21,firewall.log,firewall_event
02-01-2024 05:00,25,auth.log,vpn_connection
02-01-2024 05:00,18,auth.log,vpn_connection
02-01-2024 05:00,22,firewall.log,web_access
02-01-2024 05:00,19,auth.log,web_access
02-01-2024 05:00,24,vpn.log,user_auth
02-01-2024 05:00,20,webserver.log,web_access
02-01-2024 05:00,19,auth.log,web_access
02-01-2024 05:00,20,auth.log,web_access
02-01-2024 06:00,22,firewall.log,user_auth
02-01-2024 06:00,27,firewall.log,firewall_event
02-01-2024 06:00,25,webserver.log,vpn_connection
02-01-2024 06:00,20,firewall.log,firewall_event
02-01-2024 06:00,20,firewall.log,vpn_connection
02-01-2024 06:00,14,vpn.log,firewall_event
02-01-2024 06:00,23,vpn.log,vpn_connection
02-01-2024 06:00,20,vpn.log,user_auth
02-01-2024 06:00,19,firewall.log,vpn_connection
02-01-2024 06:00,15,auth.log,web_access
02-01-2024 07:00,25,webserver.log,vpn_connection
02-01-2024 07:00,23,firewall.log,vpn_connection
02-01-2024 07:00,19,webserver.log,firewall_event
02-01-2024 07:00,20,firewall.log,web_access
02-01-2024 07:00,15,auth.log,user_auth
02-01-2024 07:00,30,vpn.log,firewall_event
02-01-2024 07:00,20,vpn.log,firewall_event
02-01-2024 07:00,19,webserver.log,firewall_event
02-01-2024 07:00,19,firewall.log,web_access
02-01-2024 08:00,17,auth.log,web_access
02-01-2024 08:00,19,firewall.log,web_access
02-01-2024 08:00,26,firewall.log,user_auth
02-01-2024 08:00,22,auth.log,firewall_event
02-01-2024 08:00,16,auth.log,web_access
02-01-2024 08:00,28,auth.log,vpn_connection
02-01-2024 08:00,27,auth.log,vpn_connection
02-01-2024 09:00,15,webserver.log,user_auth
02-01-2024 09:00,24,auth.log,user_auth
02-01-2024 09:00,19,webserver.log,web_access
02-01-2024 09:00,22,vpn.log,firewall_event
02-01-2024 09:00,20,webserver.log,user_auth
02-01-2024 09:00,19,vpn.log,user_auth
02-01-2024 09:00,24,auth.log,web_access
02-01-2024 09:00,23,firewall.log,user_auth
02-01-2024 09:00,26,webserver.log,vpn_connection
02-01-2024 09:00,15,auth.log,vpn_connection
02-01-2024 09:00,12,webserver.log,web_access
02-01-2024 09:00,13,webserver.log,web_access
02-01-2024 09:00,21,webserver.log,firewall_event
02-01-2024 10:00,18,vpn.log,firewall_event
02-01-2024 10:00,17,vpn.log,user_auth
02-01-2024 10:00,21,auth.log,vpn_connection
02-01-2024 10:00,9,auth.log,user_auth
02-01-2024 10:00,24,auth.log,firewall_event
02-01-2024 10:00,21,firewall.log,web_access
02-01-2024 10:00,23,vpn.log,user_auth
02-01-2024 10:00,25,vpn.log,web_access
02-01-2024 10:00,14,webserver.log,user_auth
02-01-2024 10:00,22,webserver.log,user_auth
02-01-2024 10:00,21,webserver.log,web_access
02-01-2024 10:00,20,auth.log,web_access
02-01-2024 10:00,27,webserver.log,web_access
02-01-2024 11:00,21,vpn.log,firewall_event
02-01-2024 11:00,26,vpn.log,web_access
02-01-2024 11:00,22,firewall.log,vpn_connection
02-01-2024 11:00,19,vpn.log,vpn_connection
02-01-2024 11:00,23,auth.log,web_access
02-01-2024 11:00,16,webserver.log,firewall_event
02-01-2024 11:00,25,vpn.log,web_access
02-01-2024 11:00,21,vpn.log,web_access
02-01-2024 11:00,22,vpn.log,web_access
02-01-2024 11:00,22,firewall.log,vpn_connection
02-01-2024 11:00,23,webserver.log,firewall_event
02-01-2024 11:00,24,firewall.log,web_access
02-01-2024 11:00,26,vpn.log,user_auth
02-01-2024 12:00,25,firewall.log,firewall_event
02-01-2024 12:00,24,webserver.log,user_auth
02-01-2024 12:00,12,auth.log,user_auth
02-01-2024 12:00,376,webserver.log,vpn_connection
02-01-2024 12:00,14,firewall.log,web_access
02-01-2024 12:00,19,auth.log,firewall_event
02-01-2024 12:00,15,firewall.log,user_auth
02-01-2024 12:00,15,auth.log,firewall_event
02-01-2024 12:00,15,firewall.log,vpn_connection
02-01-2024 12:00,20,vpn.log,web_access
02-01-2024 12:00,22,firewall.log,vpn_connection
02-01-2024 12:00,21,firewall.log,user_auth
02-01-2024 12:00,25,vpn.log,user_auth
02-01-2024 12:00,16,auth.log,user_auth
02-01-2024 13:00,19,webserver.log,user_auth
02-01-2024 13:00,23,webserver.log,firewall_event
02-01-2024 13:00,22,firewall.log,vpn_connection
02-01-2024 13:00,30,vpn.log,web_access
02-01-2024 13:00,29,firewall.log,vpn_connection
02-01-2024 13:00,19,vpn.log,vpn_connection
02-01-2024 14:00,17,firewall.log,vpn_connection
02-01-2024 14:00,16,firewall.log,user_auth
02-01-2024 14:00,21,auth.log,user_auth
02-01-2024 14:00,15,webserver.log,firewall_event
02-01-2024 14:00,15,vpn.log,web_access
02-01-2024 15:00,22,webserver.log,user_auth
02-01-2024 15:00,28,firewall.log,vpn_connection
02-01-2024 15:00,20,webserver.log,vpn_connection
02-01-2024 15:00,22,auth.log,firewall_event
02-01-2024 15:00,20,vpn.log,vpn_connection
02-01-2024 15:00,17,webserver.log,vpn_connection
02-01-2024 15:00,19,firewall.log,firewall_event
02-01-2024 15:00,18,vpn.log,web_access
02-01-2024 15:00,17,webserver.log,user_auth
02-01-2024 15:00,24,firewall.log,user_auth
02-01-2024 15:00,13,webserver.log,user_auth
02-01-2024 16:00,22,webserver.log,user_auth
02-01-2024 16:00,20,auth.log,firewall_event
02-01-2024 16:00,7,firewall.log,user_auth
02-01-2024 16:00,14,webserver.log,web_access
02-01-2024 16:00,24,firewall.log,firewall_event
02-01-2024 16:00,13,vpn.log,firewall_event
02-01-2024 16:00,23,webserver.log,firewall_event
02-01-2024 16:00,25,vpn.log,user_auth
02-01-2024 16:00,21,auth.log,web_access
02-01-2024 16:00,22,vpn.log,user_auth
02-01-2024 17:00,11,auth.log,firewall_event
02-01-2024 17:00,26,auth.log,web_access
02-01-2024 17:00,18,auth.log,web_access
02-01-2024 17:00,22,webserver.log,firewall_event
02-01-2024 17:00,23,vpn.log,web_access
02-01-2024 17:00,16,auth.log,user_auth
02-01-2024 18:00,25,webserver.log,user_auth
02-01-2024 18:00,19,firewall.log,user_auth
02-01-2024 18:00,23,firewall.log,web_access
02-01-2024 18:00,21,webserver.log,web_access
02-01-2024 18:00,21,firewall.log,user_auth
02-01-2024 19:00,17,firewall.log,user_auth
02-01-2024 19:00,16,auth.log,firewall_event
02-01-2024 19:00,23,vpn.log,web_access
02-01-2024 19:00,27,auth.log,user_auth
02-01-2024 19:00,34,firewall.log,vpn_connection
02-01-2024 19:00,20,webserver.log,vpn_connection
02-01-2024 19:00,19,webserver.log,user_auth
02-01-2024 19:00,21,auth.log,firewall_event
02-01-2024 19:00,33,firewall.log,vpn_connection
02-01-2024 19:00,18,vpn.log,web_access
02-01-2024 19:00,33,firewall.log,user_auth
02-01-2024 20:00,19,firewall.log,vpn_connection
02-01-2024 20:00,22,firewall.log,user_auth
02-01-2024 20:00,16,firewall.log,vpn_connection
02-01-2024 20:00,21,auth.log,web_access
02-01-2024 20:00,24,webserver.log,user_auth
02-01-2024 20:00,26,auth.log,user_auth
02-01-2024 20:00,14,vpn.log,user_auth
02-01-2024 21:00,14,vpn.log,user_auth
02-01-2024 21:00,17,vpn.log,vpn_connection
02-01-2024 21:00,32,firewall.log,web_access
02-01-2024 21:00,19,auth.log,web_access
02-01-2024 21:00,22,webserver.log,firewall_event
02-01-2024 22:00,23,webserver.log,web_access
02-01-2024 22:00,33,auth.log,vpn_connection
02-01-2024 22:00,19,auth.log,user_auth
02-01-2024 22:00,29,webserver.log,web_access
02-01-2024 22:00,21,auth.log,user_auth
02-01-2024 22:00,23,webserver.log,vpn_connection
02-01-2024 22:00,22,vpn.log,user_auth
02-01-2024 22:00,13,vpn.log,user_auth
02-01-2024 23:00,17,firewall.log,web_access
02-01-2024 23:00,24,auth.log,user_auth
02-01-2024 23:00,13,auth.log,vpn_connection
02-01-2024 23:00,28,auth.log,firewall_event
02-01-2024 23:00,26,vpn.log,web_access
02-01-2024 23:00,18,firewall.log,user_auth
02-01-2024 23:00,18,firewall.log,user_auth
02-01-2024 23:00,21,firewall.log,vpn_connection
02-01-2024 23:00,21,auth.log,vpn_connection
02-01-2024 23:00,15,firewall.log,user_auth
03-01-2024 00:00,18,webserver.log,web_access
03-01-2024 00:00,20,auth.log,firewall_event
03-01-2024 00:00,18,webserver.log,user_auth
03-01-2024 00:00,20,webserver.log,user_auth
03-01-2024 00:00,31,firewall.log,firewall_event
03-01-2024 00:00,27,vpn.log,web_access
03-01-2024 00:00,18,vpn.log,firewall_event
03-01-2024 00:00,16,auth.log,firewall_event
03-01-2024 00:00,24,firewall.log,user_auth
03-01-2024 00:00,21,vpn.log,web_access
03-01-2024 00:00,19,firewall.log,firewall_event
03-01-2024 00:00,22,webserver.log,firewall_event
03-01-2024 00:00,23,webserver.log,web_access
03-01-2024 01:00,28,webserver.log,user_auth
03-01-2024 01:00,25,vpn.log,vpn_connection
03-01-2024 01:00,13,auth.log,vpn_connection
03-01-2024 01:00,20,vpn.log,vpn_connection
03-01-2024 01:00,22,firewall.log,user_auth
03-01-2024 01:00,27,vpn.log,user_auth
03-01-2024 01:00,16,vpn.log,vpn_connection
03-01-2024 01:00,25,auth.log,web_access
03-01-2024 01:00,24,auth.log,web_access
03-01-2024 01:00,15,firewall.log,user_auth
03-01-2024 01:00,20,webserver.log,vpn_connection
03-01-2024 01:00,17,firewall.log,user_auth
03-01-2024 01:00,22,webserver.log,web_access
03-01-2024 01:00,11,auth.log,web_access
03-01-2024 02:00,23,auth.log,web_access
03-01-2024 02:00,23,vpn.log,user_auth
03-01-2024 02:00,14,auth.log,firewall_event
03-01-2024 02:00,21,vpn.log,user_auth
03-01-2024 02:00,15,webserver.log,web_access
03-01-2024 02:00,18,webserver.log,firewall_event
03-01-2024 02:00,12,auth.log,web_access
03-01-2024 02:00,20,firewall.log,firewall_event
03-01-2024 02:00,20,auth.log,web_access
03-01-2024 02:00,22,vpn.log,web_access
03-01-2024 02:00,19,vpn.log,vpn_connection
03-01-2024 03:00,31,webserver.log,vpn_connection
03-01-2024 03:00,15,firewall.log,firewall_event
03-01-2024 03:00,25,webserver.log,user_auth
03-01-2024 03:00,18,firewall.log,web_access
03-01-2024 03:00,24,vpn.log,firewall_event
03-01-2024 03:00,13,webserver.log,web_access
03-01-2024 03:00,26,auth.log,vpn_connection
03-01-2024 03:00,15,vpn.log,vpn_connection
03-01-2024 04:00,17,webserver.log,web_access
03-01-2024 04:00,29,vpn.log,web_access
03-01-2024 04:00,19,auth.log,web_access
03-01-2024 04:00,20,webserver.log,firewall_event
03-01-2024 04:00,14,auth.log,firewall_event
03-01-2024 04:00,24,vpn.log,vpn_connection
03-01-2024 04:00,12,auth.log,web_access
03-01-2024 04:00,23,firewall.log,user_auth
03-01-2024 04:00,22,firewall.log,web_access
03-01-2024 04:00,20,firewall.log,user_auth
03-01-2024 04:00,15,webserver.log,web_access
03-01-2024 05:00,22,auth.log,web_access
03-01-2024 05:00,20,firewall.log,vpn_connection
03-01-2024 05:00,24,auth.log,firewall_event
03-01-2024 05:00,259,webserver.log,vpn_connection
03-01-2024 05:00,22,firewall.log,user_auth
03-01-2024 05:00,19,webserver.log,user_auth
03-01-2024 05:00,11,firewall.log,vpn_connection
03-01-2024 05:00,16,firewall.log,firewall_event
03-01-2024 05:00,17,webserver.log,user_auth
03-01-2024 05:00,11,firewall.log,firewall_event
03-01-2024 05:00,25,vpn.log,vpn_connection
03-01-2024 05:00,22,auth.log,user_auth
03-01-2024 05:00,19,webserver.log,user_auth
03-01-2024 06:00,24,vpn.log,user_auth
03-01-2024 06:00,20,firewall.log,user_auth
03-01-2024 06:00,24,auth.log,web_access
03-01-2024 06:00,16,firewall.log,web_access
03-01-2024 06:00,31,vpn.log,user_auth
03-01-2024 06:00,21,auth.log,vpn_connection
03-01-2024 06:00,13,webserver.log,firewall_event
03-01-2024 06:00,18,webserver.log,web_access
03-01-2024 06:00,18,firewall.log,user_auth
03-01-2024 06:00,17,webserver.log,vpn_connection
03-01-2024 07:00,25,firewall.log,user_auth
03-01-2024 07:00,19,firewall.log,vpn_connection
03-01-2024 07:00,27,firewall.log,firewall_event
03-01-2024 07:00,11,webserver.log,vpn_connection
03-01-2024 07:00,23,vpn.log,vpn_connection
03-01-2024 08:00,12,firewall.log,vpn_connection
03-01-2024 08:00,18,vpn.log,vpn_connection
03-01-2024 08:00,24,webserver.log,vpn_connection
03-01-2024 08:00,15,firewall.log,web_access
03-01-2024 08:00,24,vpn.log,vpn_connection
03-01-2024 08:00,17,webserver.log,vpn_connection
03-01-2024 08:00,18,firewall.log,firewall_event
03-01-2024 08:00,21,vpn.log,firewall_event
03-01-2024 08:00,20,webserver.log,vpn_connection
03-01-2024 08:00,24,webserver.log,firewall_event
03-01-2024 08:00,21,vpn.log,web_access
03-01-2024 08:00,25,firewall.log,vpn_connection
03-01-2024 09:00,28,auth.log,firewall_event
03-01-2024 09:00,19,firewall.log,user_auth
03-01-2024 09:00,29,auth.log,web_access
03-01-2024 09:00,22,firewall.log,user_auth
03-01-2024 09:00,28,vpn.log,firewall_event
03-01-2024 10:00,21,webserver.log,user_auth
03-01-2024 10:00,17,firewall.log,firewall_event
03-01-2024 10:00,20,auth.log,user_auth
03-01-2024 10:00,22,auth.log,firewall_event
03-01-2024 10:00,20,auth.log,user_auth
03-01-2024 10:00,19,firewall.log,firewall_event
03-01-2024 10:00,21,webserver.log,vpn_connection
03-01-2024 10:00,13,firewall.log,vpn_connection
03-01-2024 10:00,19,webserver.log,web_access
03-01-2024 11:00,16,auth.log,web_access
03-01-2024 11:00,13,auth.log,user_auth
03-01-2024 11:00,16,firewall.log,firewall_event
03-01-2024 11:00,21,vpn.log,user_auth
03-01-2024 11:00,313,auth.log,vpn_connection
03-01-2024 11:00,24,auth.log,web_access
03-01-2024 11:00,25,auth.log,user_auth
03-01-2024 11:00,14,auth.log,firewall_event
03-01-2024 11:00,24,webserver.log,user_auth
03-01-2024 11:00,22,webserver.log,web_access
03-01-2024 11:00,15,webserver.log,vpn_connection
03-01-2024 11:00,26,auth.log,firewall_event
03-01-2024 12:00,21,firewall.log,firewall_event
03-01-2024 12:00,21,firewall.log,user_auth
03-01-2024 12:00,17,firewall.log,web_access
03-01-2024 12:00,12,vpn.log,firewall_event
03-01-2024 12:00,24,webserver.log,firewall_event
03-01-2024 12:00,20,auth.log,web_access
03-01-2024 12:00,18,auth.log,firewall_event
03-01-2024 12:00,16,webserver.log,web_access
03-01-2024 12:00,22,webserver.log,firewall_event
03-01-2024 13:00,16,vpn.log,vpn_connection
03-01-2024 13:00,15,auth.log,vpn_connection
03-01-2024 13:00,21,firewall.log,web_access
03-01-2024 13:00,24,webserver.log,firewall_event
03-01-2024 13:00,16,webserver.log,vpn_connection
03-01-2024 13:00,20,auth.log,firewall_event
03-01-2024 13:00,23,webserver.log,firewall_event
03-01-2024 13:00,24,vpn.log,web_access
03-01-2024 13:00,16,webserver.log,web_access
03-01-2024 13:00,28,webserver.log,firewall_event
03-01-2024 14:00,11,vpn.log,vpn_connection
03-01-2024 14:00,16,auth.log,firewall_event
03-01-2024 14:00,19,vpn.log,firewall_event
03-01-2024 14:00,20,firewall.log,vpn_connection
03-01-2024 14:00,27,auth.log,user_auth
03-01-2024 14:00,19,auth.log,web_access
03-01-2024 14:00,29,vpn.log,web_access
03-01-2024 14:00,17,webserver.log,web_access
03-01-2024 14:00,16,firewall.log,firewall_event
03-01-2024 14:00,21,vpn.log,vpn_connection
03-01-2024 14:00,21,firewall.log,firewall_event
03-01-2024 14:00,15,webserver.log,user_auth
03-01-2024 15:00,22,auth.log,user_auth
03-01-2024 15:00,16,auth.log,user_auth
03-01-2024 15:00,24,webserver.log,vpn_connection
03-01-2024 15:00,16,firewall.log,web_access
03-01-2024 15:00,14,auth.log,firewall_event
03-01-2024 15:00,19,webserver.log,user_auth
03-01-2024 15:00,24,webserver.log,firewall_event
03-01-2024 15:00,20,vpn.log,user_auth
03-01-2024 15:00,21,firewall.log,firewall_event
03-01-2024 15:00,22,vpn.log,web_access
03-01-2024 15:00,30,vpn.log,vpn_connection
03-01-2024 16:00,19,webserver.log,web_access
03-01-2024 16:00,20,webserver.log,firewall_event
03-01-2024 16:00,25,firewall.log,user_auth
03-01-2024 16:00,32,auth.log,vpn_connection
03-01-2024 16:00,17,vpn.log,user_auth
03-01-2024 17:00,17,vpn.log,web_access
03-01-2024 17:00,27,firewall.log,user_auth
03-01-2024 17:00,21,firewall.log,user_auth
03-01-2024 17:00,18,firewall.log,user_auth
03-01-2024 17:00,20,firewall.log,web_access
03-01-2024 17:00,18,auth.log,user_auth
03-01-2024 17:00,17,auth.log,web_access
03-01-2024 17:00,26,firewall.log,user_auth
03-01-2024 17:00,20,firewall.log,web_access
03-01-2024 18:00,19,vpn.log,user_auth
03-01-2024 18:00,21,webserver.log,firewall_event
03-01-2024 18:00,26,auth.log,firewall_event
03-01-2024 18:00,25,vpn.log,user_auth
03-01-2024 18:00,17,auth.log,firewall_event
03-01-2024 18:00,19,auth.log,web_access
03-01-2024 19:00,26,webserver.log,vpn_connection
03-01-2024 19:00,14,webserver.log,vpn_connection
03-01-2024 19:00,19,firewall.log,firewall_event
03-01-2024 19:00,15,vpn.log,web_access
03-01-2024 19:00,21,webserver.log,vpn_connection
03-01-2024 19:00,25,vpn.log,firewall_event
03-01-2024 19:00,23,vpn.log,web_access
03-01-2024 20:00,12,vpn.log,vpn_connection
03-01-2024 20:00,16,vpn.log,firewall_event
03-01-2024 20:00,22,vpn.log,user_auth
03-01-2024 20:00,17,auth.log,user_auth
03-01-2024 20:00,17,webserver.log,web_access
03-01-2024 20:00,24,vpn.log,user_auth
03-01-2024 20:00,27,firewall.log,user_auth
03-01-2024 20:00,13,auth.log,web_access
03-01-2024 20:00,26,webserver.log,firewall_event
03-01-2024 20:00,36,webserver.log,firewall_event
03-01-2024 20:00,28,webserver.log,user_auth
03-01-2024 20:00,17,auth.log,firewall_event
03-01-2024 21:00,22,firewall.log,web_access
03-01-2024 21:00,20,webserver.log,firewall_event
03-01-2024 21:00,16,firewall.log,user_auth
03-01-2024 21:00,17,auth.log,firewall_event
03-01-2024 21:00,17,auth.log,vpn_connection
03-01-2024 21:00,16,webserver.log,user_auth
03-01-2024 21:00,26,vpn.log,firewall_event
03-01-2024 21:00,20,auth.log,firewall_event
03-01-2024 21:00,19,webserver.log,firewall_event
03-01-2024 21:00,21,vpn.log,firewall_event
03-01-2024 21:00,16,vpn.log,user_auth
03-01-2024 21:00,20,auth.log,vpn_connection
03-01-2024 21:00,19,webserver.log,web_access
03-01-2024 22:00,19,webserver.log,user_auth
03-01-2024 22:00,21,auth.log,web_access
03-01-2024 22:00,20,firewall.log,web_access
03-01-2024 22:00,20,firewall.log,web_access
03-01-2024 22:00,21,firewall.log,user_auth
03-01-2024 22:00,22,webserver.log,web_access
03-01-2024 22:00,18,vpn.log,web_access
03-01-2024 22:00,14,firewall.log,vpn_connection
03-01-2024 23:00,22,webserver.log,web_access
03-01-2024 23:00,20,auth.log,vpn_connection
03-01-2024 23:00,25,firewall.log,web_access
03-01-2024 23:00,25,auth.log,web_access
03-01-2024 23:00,19,vpn.log,firewall_event
04-01-2024 00:00,28,auth.log,web_access
04-01-2024 00:00,22,firewall.log,web_access
04-01-2024 00:00,20,webserver.log,vpn_connection
04-01-2024 00:00,14,vpn.log,web_access
04-01-2024 00:00,19,auth.log,vpn_connection
04-01-2024 00:00,23,vpn.log,vpn_connection
04-01-2024 00:00,25,vpn.log,firewall_event
04-01-2024 00:00,10,webserver.log,firewall_event
04-01-2024 00:00,21,firewall.log,web_access
04-01-2024 00:00,18,vpn.log,user_auth
04-01-2024 01:00,21,vpn.log,vpn_connection
04-01-2024 01:00,19,vpn.log,vpn_connection
04-01-2024 01:00,19,auth.log,firewall_event
04-01-2024 01:00,26,auth.log,web_access
04-01-2024 01:00,14,vpn.log,user_auth
04-01-2024 01:00,15,webserver.log,user_auth
04-01-2024 01:00,20,vpn.log,vpn_connection
04-01-2024 02:00,17,webserver.log,user_auth
04-01-2024 02:00,9,vpn.log,web_access
04-01-2024 02:00,18,auth.log,user_auth
04-01-2024 02:00,25,webserver.log,user_auth
04-01-2024 02:00,22,auth.log,vpn_connection
04-01-2024 02:00,24,vpn.log,vpn_connection
04-01-2024 03:00,19,webserver.log,firewall_event
04-01-2024 03:00,20,auth.log,web_access
04-01-2024 03:00,22,firewall.log,firewall_event
04-01-2024 03:00,30,webserver.log,firewall_event
04-01-2024 03:00,18,vpn.log,web_access
04-01-2024 03:00,24,auth.log,vpn_connection
04-01-2024 03:00,25,auth.log,firewall_event
04-01-2024 04:00,23,vpn.log,user_auth
04-01-2024 04:00,32,webserver.log,firewall_event
04-01-2024 04:00,15,auth.log,firewall_event
04-01-2024 04:00,19,auth.log,web_access
04-01-2024 04:00,17,vpn.log,user_auth
04-01-2024 04:00,18,firewall.log,web_access
04-01-2024 04:00,20,vpn.log,firewall_event
04-01-2024 04:00,20,webserver.log,firewall_event
04-01-2024 04:00,19,webserver.log,vpn_connection
04-01-2024 04:00,15,vpn.log,firewall_event
04-01-2024 04:00,21,webserver.log,user_auth
04-01-2024 04:00,14,vpn.log,user_auth
04-01-2024 05:00,26,auth.log,firewall_event
04-01-2024 05:00,22,firewall.log,firewall_event
04-01-2024 05:00,21,webserver.log,vpn_connection
04-01-2024 05:00,27,vpn.log,user_auth
04-01-2024 05:00,26,firewall.log,web_access
04-01-2024 05:00,14,vpn.log,web_access
04-01-2024 05:00,14,firewall.log,firewall_event
04-01-2024 05:00,20,vpn.log,user_auth
04-01-2024 06:00,20,auth.log,firewall_event
04-01-2024 06:00,19,firewall.log,user_auth
04-01-2024 06:00,18,firewall.log,vpn_connection
04-01-2024 06:00,19,vpn.log,web_access
04-01-2024 06:00,21,auth.log,firewall_event
04-01-2024 06:00,17,webserver.log,vpn_connection
04-01-2024 06:00,16,auth.log,vpn_connection
04-01-2024 06:00,16,firewall.log,web_access
04-01-2024 06:00,28,firewall.log,firewall_event
04-01-2024 06:00,20,auth.log,user_auth
04-01-2024 06:00,25,firewall.log,user_auth
04-01-2024 06:00,20,webserver.log,web_access
04-01-2024 06:00,13,firewall.log,web_access
04-01-2024 06:00,18,firewall.log,web_access
04-01-2024 07:00,23,vpn.log,firewall_event
04-01-2024 07:00,23,webserver.log,vpn_connection
04-01-2024 07:00,21,firewall.log,web_access
04-01-2024 07:00,23,webserver.log,vpn_connection
04-01-2024 07:00,26,auth.log,user_auth
04-01-2024 07:00,25,vpn.log,vpn_connection
04-01-2024 07:00,14,firewall.log,user_auth
04-01-2024 07:00,16,firewall.log,web_access
04-01-2024 07:00,17,vpn.log,firewall_event
04-01-2024 07:00,25,vpn.log,firewall_event
04-01-2024 07:00,19,webserver.log,web_access
04-01-2024 07:00,19,auth.log,user_auth
04-01-2024 08:00,22,webserver.log,firewall_event
04-01-2024 08:00,21,vpn.log,web_access
04-01-2024 08:00,24,webserver.log,firewall_event
04-01-2024 08:00,17,webserver.log,web_access
04-01-2024 08:00,17,firewall.log,web_access
04-01-2024 08:00,10,auth.log,user_auth
04-01-2024 08:00,23,auth.log,user_auth
04-01-2024 08:00,18,webserver.log,vpn_connection
04-01-2024 09:00,19,auth.log,user_auth
04-01-2024 09:00,32,webserver.log,web_access
04-01-2024 09:00,20,firewall.log,user_auth
04-01-2024 09:00,23,firewall.log,user_auth
04-01-2024 09:00,23,vpn.log,web_access
04-01-2024 09:00,23,webserver.log,firewall_event
04-01-2024 09:00,24,firewall.log,web_access
04-01-2024 09:00,20,webserver.log,web_access
04-01-2024 10:00,234,auth.log,user_auth
04-01-2024 10:00,19,vpn.log,user_auth
04-01-2024 10:00,16,webserver.log,user_auth
04-01-2024 10:00,26,firewall.log,web_access
04-01-2024 10:00,21,auth.log,web_access
04-01-2024 10:00,22,firewall.log,firewall_event
04-01-2024 11:00,22,auth.log,web_access
04-01-2024 11:00,12,vpn.log,firewall_event
04-01-2024 11:00,21,vpn.log,user_auth
04-01-2024 11:00,25,firewall.log,vpn_connection
04-01-2024 11:00,18,firewall.log,vpn_connection
04-01-2024 11:00,24,webserver.log,web_access
04-01-2024 11:00,16,auth.log,firewall_event
04-01-2024 11:00,21,vpn.log,user_auth
04-01-2024 11:00,18,webserver.log,web_access
04-01-2024 12:00,18,auth.log,firewall_event
04-01-2024 12:00,22,vpn.log,web_access
04-01-2024 12:00,22,auth.log,web_access
04-01-2024 12:00,22,webserver.log,vpn_connection
04-01-2024 12:00,21,firewall.log,firewall_event
04-01-2024 12:00,15,vpn.log,user_auth
04-01-2024 12:00,29,auth.log,firewall_event
04-01-2024 12:00,11,webserver.log,web_access
04-01-2024 12:00,20,auth.log,vpn_connection
04-01-2024 13:00,18,webserver.log,user_auth
04-01-2024 13:00,14,vpn.log,firewall_event
04-01-2024 13:00,21,vpn.log,firewall_event
04-01-2024 13:00,22,auth.log,vpn_connection
04-01-2024 13:00,17,auth.log,firewall_event
04-01-2024 13:00,17,webserver.log,web_access
04-01-2024 13:00,23,firewall.log,web_access
04-01-2024 13:00,19,webserver.log,vpn_connection
04-01-2024 13:00,20,vpn.log,web_access
04-01-2024 13:00,22,vpn.log,firewall_event
04-01-2024 14:00,24,vpn.log,vpn_connection
04-01-2024 14:00,19,vpn.log,user_auth
04-01-2024 14:00,20,firewall.log,web_access
04-01-2024 14:00,20,webserver.log,user_auth
04-01-2024 14:00,13,vpn.log,firewall_event
04-01-2024 14:00,19,firewall.log,web_access
04-01-2024 14:00,16,auth.log,user_auth
04-01-2024 14:00,15,auth.log,user_auth
04-01-2024 14:00,23,firewall.log,vpn_connection
04-01-2024 14:00,19,webserver.log,firewall_event
04-01-2024 15:00,15,auth.log,user_auth
04-01-2024 15:00,16,webserver.log,vpn_connection
04-01-2024 15:00,15,vpn.log,vpn_connection
04-01-2024 15:00,320,auth.log,firewall_event
04-01-2024 15:00,18,firewall.log,vpn_connection
04-01-2024 15:00,15,webserver.log,vpn_connection
04-01-2024 15:00,16,vpn.log,web_access
04-01-2024 15:00,27,vpn.log,web_access
04-01-2024 15:00,30,webserver.log,firewall_event
04-01-2024 15:00,20,webserver.log,vpn_connection
04-01-2024 15:00,7,webserver.log,vpn_connection
04-01-2024 15:00,17,webserver.log,firewall_event
04-01-2024 16:00,21,vpn.log,vpn_connection
04-01-2024 16:00,35,vpn.log,web_access
04-01-2024 16:00,24,firewall.log,firewall_event
04-01-2024 16:00,14,firewall.log,firewall_event
04-01-2024 16:00,19,webserver.log,vpn_connection
04-01-2024 16:00,19,auth.log,firewall_event
04-01-2024 16:00,14,auth.log,web_access
04-01-2024 16:00,25,webserver.log,user_auth
04-01-2024 17:00,20,vpn.log,user_auth
04-01-2024 17:00,21,webserver.log,user_auth
04-01-2024 17:00,25,firewall.log,firewall_event
04-01-2024 17:00,20,vpn.log,user_auth
04-01-2024 17:00,25,auth.log,user_auth
04-01-2024 17:00,24,auth.log,vpn_connection
04-01-2024 17:00,26,webserver.log,vpn_connection
04-01-2024 17:00,19,webserver.log,web_access
04-01-2024 17:00,24,webserver.log,user_auth
04-01-2024 17:00,20,vpn.log,web_access
04-01-2024 17:00,16,firewall.log,web_access
04-01-2024 18:00,26,vpn.log,user_auth
04-01-2024 18:00,17,firewall.log,web_access
04-01-2024 18:00,19,auth.log,vpn_connection
04-01-2024 18:00,16,vpn.log,firewall_event
04-01-2024 18:00,19,firewall.log,web_access
04-01-2024 18:00,20,auth.log,user_auth
04-01-2024 18:00,19,vpn.log,vpn_connection
04-01-2024 19:00,24,webserver.log,web_access
04-01-2024 19:00,9,vpn.log,vpn_connection
04-01-2024 19:00,17,auth.log,user_auth
04-01-2024 19:00,13,auth.log,web_access
04-01-2024 19:00,18,auth.log,firewall_event
04-01-2024 19:00,23,firewall.log,user_auth
04-01-2024 20:00,14,auth.log,vpn_connection
04-01-2024 20:00,18,vpn.log,web_access
04-01-2024 20:00,14,firewall.log,firewall_event
04-01-2024 20:00,15,webserver.log,user_auth
04-01-2024 20:00,22,auth.log,web_access
04-01-2024 21:00,18,firewall.log,firewall_event
04-01-2024 21:00,23,auth.log,vpn_connection
04-01-2024 21:00,25,webserver.log,web_access
04-01-2024 21:00,33,auth.log,web_access
04-01-2024 21:00,15,firewall.log,user_auth
04-01-2024 22:00,22,firewall.log,vpn_connection
04-01-2024 22:00,20,webserver.log,web_access
04-01-2024 22:00,16,firewall.log,user_auth
04-01-2024 22:00,15,auth.log,web_access
04-01-2024 22:00,19,firewall.log,vpn_connection
04-01-2024 22:00,16,firewall.log,user_auth
04-01-2024 22:00,18,webserver.log,web_access
04-01-2024 22:00,16,webserver.log,vpn_connection
04-01-2024 22:00,24,vpn.log,user_auth
04-01-2024 22:00,18,firewall.log,firewall_event
04-01-2024 22:00,36,firewall.log,vpn_connection
04-01-2024 22:00,15,webserver.log,user_auth
04-01-2024 22:00,20,auth.log,vpn_connection
04-01-2024 22:00,20,vpn.log,web_access
04-01-2024 23:00,21,webserver.log,vpn_connection
04-01-2024 23:00,30,auth.log,web_access
04-01-2024 23:00,21,webserver.log,user_auth
04-01-2024 23:00,17,webserver.log,user_auth
04-01-2024 23:00,16,firewall.log,web_access
04-01-2024 23:00,21,webserver.log,firewall_event
04-01-2024 23:00,21,auth.log,web_access
04-01-2024 23:00,13,firewall.log,user_auth
04-01-2024 23:00,16,webserver.log,vpn_connection
04-01-2024 23:00,22,firewall.log,user_auth
04-01-2024 23:00,21,vpn.log,user_auth
04-01-2024 23:00,31,vpn.log,vpn_connection
05-01-2024 00:00,23,firewall.log,firewall_event
05-01-2024 00:00,20,vpn.log,firewall_event
05-01-2024 00:00,26,auth.log,web_access
05-01-2024 00:00,20,auth.log,vpn_connection
05-01-2024 00:00,16,auth.log,vpn_connection
05-01-2024 00:00,23,auth.log,user_auth
05-01-2024 00:00,25,firewall.log,vpn_connection
05-01-2024 00:00,27,vpn.log,web_access
05-01-2024 00:00,16,auth.log,user_auth
05-01-2024 00:00,18,webserver.log,vpn_connection
05-01-2024 00:00,18,auth.log,web_access
05-01-2024 00:00,24,webserver.log,web_access
05-01-2024 00:00,17,auth.log,vpn_connection
05-01-2024 00:00,16,vpn.log,web_access
05-01-2024 01:00,27,webserver.log,vpn_connection
05-01-2024 01:00,19,webserver.log,web_access
05-01-2024 01:00,23,vpn.log,user_auth
05-01-2024 01:00,17,webserver.log,user_auth
05-01-2024 01:00,17,webserver.log,web_access
05-01-2024 02:00,17,webserver.log,firewall_event
05-01-2024 02:00,19,auth.log,user_auth
05-01-2024 02:00,20,webserver.log,vpn_connection
05-01-2024 02:00,23,webserver.log,firewall_event
05-01-2024 02:00,358,webserver.log,firewall_event
05-01-2024 02:00,16,webserver.log,user_auth
05-01-2024 02:00,18,webserver.log,user_auth
05-01-2024 02:00,24,vpn.log,vpn_connection
05-01-2024 02:00,30,webserver.log,web_access
05-01-2024 02:00,26,vpn.log,firewall_event
05-01-2024 03:00,25,vpn.log,vpn_connection
05-01-2024 03:00,18,firewall.log,vpn_connection
05-01-2024 03:00,19,vpn.log,firewall_event
05-01-2024 03:00,18,firewall.log,user_auth
05-01-2024 03:00,20,webserver.log,user_auth
05-01-2024 03:00,20,firewall.log,vpn_connection
05-01-2024 03:00,14,firewall.log,vpn_connection
05-01-2024 04:00,20,auth.log,user_auth
05-01-2024 04:00,11,auth.log,vpn_connection
05-01-2024 04:00,22,webserver.log,web_access
05-01-2024 04:00,19,webserver.log,firewall_event
05-01-2024 04:00,23,firewall.log,vpn_connection
05-01-2024 04:00,19,firewall.log,vpn_connection
05-01-2024 05:00,20,auth.log,vpn_connection
05-01-2024 05:00,14,firewall.log,user_auth
05-01-2024 05:00,24,auth.log,vpn_connection
05-01-2024 05:00,22,webserver.log,firewall_event
05-01-2024 05:00,16,firewall.log,web_access
05-01-2024 06:00,23,firewall.log,web_access
05-01-2024 06:00,20,webserver.log,user_auth
05-01-2024 06:00,19,auth.log,vpn_connection
05-01-2024 06:00,26,auth.log,web_access
05-01-2024 06:00,18,vpn.log,firewall_event
05-01-2024 06:00,16,webserver.log,vpn_connection
05-01-2024 06:00,18,auth.log,web_access
05-01-2024 06:00,12,vpn.log,firewall_event
05-01-2024 06:00,21,webserver.log,web_access
05-01-2024 06:00,18,vpn.log,vpn_connection
05-01-2024 07:00,19,auth.log,user_auth
05-01-2024 07:00,23,webserver.log,firewall_event
05-01-2024 07:00,345,auth.log,firewall_event
05-01-2024 07:00,13,vpn.log,vpn_connection
05-01-2024 07:00,21,auth.log,web_access
05-01-2024 07:00,20,vpn.log,firewall_event
05-01-2024 07:00,24,webserver.log,user_auth
05-01-2024 07:00,23,vpn.log,user_auth
05-01-2024 08:00,24,webserver.log,web_access
05-01-2024 08:00,26,webserver.log,firewall_event
05-01-2024 08:00,15,webserver.log,web_access
05-01-2024 08:00,17,vpn.log,firewall_event
05-01-2024 08:00,16,firewall.log,user_auth
05-01-2024 08:00,27,webserver.log,vpn_connection
05-01-2024 08:00,12,auth.log,web_access
05-01-2024 08:00,25,firewall.log,web_access
05-01-2024 08:00,17,webserver.log,vpn_connection
05-01-2024 08:00,29,vpn.log,vpn_connection
05-01-2024 09:00,23,auth.log,vpn_connection
05-01-2024 09:00,17,auth.log,web_access
05-01-2024 09:00,24,auth.log,user_auth
05-01-2024 09:00,13,vpn.log,vpn_connection
05-01-2024 09:00,19,firewall.log,user_auth
05-01-2024 09:00,16,webserver.log,firewall_event
05-01-2024 09:00,22,firewall.log,firewall_event
05-01-2024 09:00,26,vpn.log,vpn_connection
05-01-2024 09:00,25,vpn.log,web_access
05-01-2024 10:00,18,auth.log,firewall_event
05-01-2024 10:00,16,vpn.log,user_auth
05-01-2024 10:00,14,firewall.log,user_auth
05-01-2024 10:00,24,firewall.log,user_auth
05-01-2024 10:00,22,vpn.log,user_auth
05-01-2024 10:00,24,auth.log,firewall_event
05-01-2024 10:00,22,auth.log,web_access
05-01-2024 10:00,26,firewall.log,user_auth
05-01-2024 10:00,19,webserver.log,firewall_event
05-01-2024 10:00,16,vpn.log,firewall_event
05-01-2024 11:00,18,firewall.log,user_auth
05-01-2024 11:00,22,webserver.log,firewall_event
05-01-2024 11:00,21,firewall.log,firewall_event
05-01-2024 11:00,22,auth.log,firewall_event
05-01-2024 11:00,29,webserver.log,user_auth
05-01-2024 11:00,23,vpn.log,vpn_connection
05-01-2024 12:00,21,auth.log,web_access
05-01-2024 12:00,19,auth.log,user_auth
05-01-2024 12:00,21,auth.log,user_auth
05-01-2024 12:00,19,firewall.log,vpn_connection
05-01-2024 12:00,27,webserver.log,firewall_event
05-01-2024 12:00,26,vpn.log,user_auth
05-01-2024 12:00,22,vpn.log,vpn_connection
05-01-2024 12:00,13,firewall.log,firewall_event
05-01-2024 12:00,11,webserver.log,user_auth
05-01-2024 12:00,22,auth.log,user_auth
05-01-2024 12:00,21,vpn.log,vpn_connection
05-01-2024 12:00,22,auth.log,web_access
05-01-2024 12:00,26,vpn.log,web_access
05-01-2024 12:00,16,vpn.log,firewall_event
05-01-2024 13:00,19,firewall.log,user_auth
05-01-2024 13:00,18,firewall.log,vpn_connection
05-01-2024 13:00,29,vpn.log,firewall_event
05-01-2024 13:00,12,firewall.log,firewall_event
05-01-2024 13:00,20,auth.log,firewall_event
05-01-2024 13:00,15,vpn.log,firewall_event
05-01-2024 13:00,19,auth.log,user_auth
05-01-2024 13:00,18,vpn.log,vpn_connection
05-01-2024 13:00,14,firewall.log,vpn_connection
05-01-2024 13:00,22,webserver.log,vpn_connection
05-01-2024 13:00,25,webserver.log,web_access
05-01-2024 13:00,26,vpn.log,web_access
05-01-2024 13:00,20,vpn.log,vpn_connection
05-01-2024 14:00,20,auth.log,web_access
05-01-2024 14:00,17,webserver.log,firewall_event
05-01-2024 14:00,26,vpn.log,user_auth
05-01-2024 14:00,19,auth.log,firewall_event
05-01-2024 14:00,18,webserver.log,user_auth
05-01-2024 14:00,22,webserver.log,user_auth
05-01-2024 14:00,14,auth.log,vpn_connection
05-01-2024 14:00,29,webserver.log,user_auth
05-01-2024 14:00,20,vpn.log,user_auth
05-01-2024 15:00,25,vpn.log,vpn_connection
05-01-2024 15:00,19,webserver.log,vpn_connection
05-01-2024 15:00,24,auth.log,firewall_event
05-01-2024 15:00,30,auth.log,user_auth
05-01-2024 15:00,21,vpn.log,user_auth
05-01-2024 15:00,16,vpn.log,web_access
05-01-2024 15:00,22,vpn.log,web_access
05-01-2024 15:00,15,firewall.log,user_auth
05-01-2024 15:00,14,webserver.log,firewall_event
05-01-2024 15:00,18,vpn.log,firewall_event
05-01-2024 16:00,15,webserver.log,user_auth
05-01-2024 16:00,16,firewall.log,firewall_event
05-01-2024 16:00,17,vpn.log,vpn_connection
05-01-2024 16:00,24,auth.log,vpn_connection
05-01-2024 16:00,15,webserver.log,web_access
05-01-2024 16:00,13,firewall.log,vpn_connection
05-01-2024 16:00,9,vpn.log,firewall_event
05-01-2024 16:00,20,auth.log,vpn_connection
05-01-2024 16:00,15,vpn.log,user_auth
05-01-2024 17:00,18,vpn.log,web_access
05-01-2024 17:00,22,webserver.log,user_auth
05-01-2024 17:00,22,auth.log,web_access
05-01-2024 17:00,20,webserver.log,web_access
05-01-2024 17:00,22,webserver.log,user_auth
05-01-2024 18:00,25,auth.log,firewall_event
05-01-2024 18:00,19,auth.log,web_access
05-01-2024 18:00,23,vpn.log,web_access
05-01-2024 18:00,17,webserver.log,user_auth
05-01-2024 18:00,24,firewall.log,vpn_connection
05-01-2024 18:00,14,vpn.log,firewall_event
05-01-2024 18:00,22,webserver.log,user_auth
05-01-2024 18:00,18,webserver.log,vpn_connection
05-01-2024 18:00,25,vpn.log,web_access
05-01-2024 18:00,16,vpn.log,user_auth
05-01-2024 18:00,31,vpn.log,user_auth
05-01-2024 18:00,17,webserver.log,web_access
05-01-2024 18:00,17,auth.log,user_auth
05-01-2024 19:00,20,auth.log,vpn_connection
05-01-2024 19:00,18,webserver.log,vpn_connection
05-01-2024 19:00,21,vpn.log,user_auth
05-01-2024 19:00,24,vpn.log,firewall_event
05-01-2024 19:00,17,firewall.log,firewall_event
05-01-2024 19:00,19,firewall.log,firewall_event
05-01-2024 19:00,16,auth.log,vpn_connection
05-01-2024 20:00,20,vpn.log,firewall_event
05-01-2024 20:00,22,vpn.log,firewall_event
05-01-2024 20:00,21,vpn.log,user_auth
05-01-2024 20:00,328,webserver.log,firewall_event
05-01-2024 20:00,22,auth.log,user_auth
05-01-2024 20:00,27,firewall.log,firewall_event
05-01-2024 20:00,17,auth.log,firewall_event
05-01-2024 20:00,18,firewall.log,web_access
05-01-2024 20:00,14,webserver.log,firewall_event
05-01-2024 20:00,17,auth.log,vpn_connection
05-01-2024 20:00,21,firewall.log,firewall_event
05-01-2024 21:00,18,vpn.log,vpn_connection
05-01-2024 21:00,16,vpn.log,web_access
05-01-2024 21:00,20,webserver.log,web_access
05-01-2024 21:00,12,auth.log,firewall_event
05-01-2024 21:00,13,webserver.log,user_auth
05-01-2024 21:00,13,auth.log,vpn_connection
05-01-2024 21:00,23,vpn.log,web_access
05-01-2024 21:00,16,firewall.log,firewall_event
05-01-2024 21:00,23,firewall.log,user_auth
05-01-2024 21:00,19,auth.log,user_auth
05-01-2024 21:00,24,auth.log,firewall_event
05-01-2024 21:00,14,firewall.log,vpn_connection
05-01-2024 21:00,21,firewall.log,user_auth
05-01-2024 22:00,20,auth.log,web_access
05-01-2024 22:00,24,firewall.log,firewall_event
05-01-2024 22:00,12,vpn.log,vpn_connection
05-01-2024 22:00,25,auth.log,web_access
05-01-2024 22:00,24,firewall.log,firewall_event
05-01-2024 22:00,19,webserver.log,firewall_event
05-01-2024 22:00,22,vpn.log,web_access
05-01-2024 22:00,20,firewall.log,vpn_connection
05-01-2024 22:00,21,vpn.log,user_auth
05-01-2024 22:00,19,firewall.log,web_access
05-01-2024 22:00,29,vpn.log,vpn_connection
05-01-2024 22:00,18,auth.log,web_access
05-01-2024 22:00,21,auth.log,vpn_connection
05-01-2024 22:00,13,firewall.log,web_access
05-01-2024 23:00,20,firewall.log,firewall_event
05-01-2024 23:00,17,auth.log,vpn_connection
05-01-2024 23:00,27,firewall.log,web_access
05-01-2024 23:00,20,auth.log,web_access
05-01-2024 23:00,17,firewall.log,web_access
05-01-2024 23:00,10,auth.log,user_auth
05-01-2024 23:00,17,vpn.log,web_access
05-01-2024 23:00,17,auth.log,user_auth
05-01-2024 23:00,19,vpn.log,user_auth
05-01-2024 23:00,22,firewall.log,web_access
05-01-2024 23:00,16,vpn.log,firewall_event
05-01-2024 23:00,20,firewall.log,web_access
05-01-2024 23:00,21,vpn.log,user_auth
05-01-2024 23:00,16,vpn.log,user_auth
06-01-2024 00:00,32,webserver.log,web_access
06-01-2024 00:00,18,firewall.log,firewall_event
06-01-2024 00:00,30,firewall.log,web_access
06-01-2024 00:00,22,auth.log,web_access
06-01-2024 00:00,29,webserver.log,firewall_event
06-01-2024 00:00,16,vpn.log,firewall_event
06-01-2024 00:00,19,vpn.log,user_auth
06-01-2024 00:00,19,auth.log,user_auth
06-01-2024 00:00,12,firewall.log,firewall_event
06-01-2024 00:00,21,firewall.log,web_access
06-01-2024 00:00,35,firewall.log,web_access
06-01-2024 00:00,19,auth.log,firewall_event
06-01-2024 00:00,21,webserver.log,user_auth
06-01-2024 00:00,21,auth.log,firewall_event
06-01-2024 01:00,21,vpn.log,vpn_connection
06-01-2024 01:00,21,auth.log,vpn_connection
06-01-2024 01:00,17,vpn.log,web_access
06-01-2024 01:00,21,webserver.log,web_access
06-01-2024 01:00,16,auth.log,vpn_connection
06-01-2024 01:00,28,firewall.log,vpn_connection
06-01-2024 01:00,18,auth.log,web_access
06-01-2024 01:00,16,auth.log,web_access
06-01-2024 01:00,20,auth.log,firewall_event
06-01-2024 01:00,19,webserver.log,web_access
06-01-2024 01:00,21,vpn.log,user_auth
06-01-2024 01:00,15,vpn.log,user_auth
06-01-2024 01:00,18,firewall.log,vpn_connection
06-01-2024 01:00,11,webserver.log,firewall_event
06-01-2024 02:00,24,auth.log,web_access
06-01-2024 02:00,18,auth.log,web_access
06-01-2024 02:00,14,auth.log,web_access
06-01-2024 02:00,14,auth.log,vpn_connection
06-01-2024 02:00,20,webserver.log,web_access
06-01-2024 02:00,19,vpn.log,user_auth
06-01-2024 02:00,15,webserver.log,vpn_connection
06-01-2024 02:00,20,auth.log,web_access
06-01-2024 02:00,24,webserver.log,user_auth
06-01-2024 02:00,22,vpn.log,web_access
06-01-2024 02:00,22,auth.log,web_access
06-01-2024 03:00,25,auth.log,web_access
06-01-2024 03:00,16,firewall.log,vpn_connection
06-01-2024 03:00,26,vpn.log,firewall_event
06-01-2024 03:00,25,auth.log,vpn_connection
06-01-2024 03:00,21,auth.log,web_access
06-01-2024 03:00,21,firewall.log,user_auth
06-01-2024 03:00,24,auth.log,vpn_connection
06-01-2024 03:00,16,webserver.log,vpn_connection
06-01-2024 03:00,16,webserver.log,vpn_connection
06-01-2024 03:00,21,auth.log,user_auth
06-01-2024 03:00,23,firewall.log,user_auth
06-01-2024 03:00,28,auth.log,user_auth
06-01-2024 04:00,22,auth.log,firewall_event
06-01-2024 04:00,20,webserver.log,firewall_event
06-01-2024 04:00,23,firewall.log,vpn_connection
06-01-2024 04:00,24,webserver.log,vpn_connection
06-01-2024 04:00,21,firewall.log,user_auth
06-01-2024 04:00,18,webserver.log,user_auth
06-01-2024 04:00,14,firewall.log,firewall_event
06-01-2024 04:00,15,firewall.log,web_access
06-01-2024 04:00,23,vpn.log,vpn_connection
06-01-2024 04:00,21,auth.log,web_access
06-01-2024 04:00,21,auth.log,user_auth
06-01-2024 04:00,24,vpn.log,web_access
06-01-2024 04:00,18,firewall.log,user_auth
06-01-2024 05:00,22,firewall.log,web_access
06-01-2024 05:00,14,auth.log,firewall_event
06-01-2024 05:00,28,firewall.log,vpn_connection
06-01-2024 05:00,22,webserver.log,web_access
06-01-2024 05:00,26,webserver.log,user_auth
06-01-2024 05:00,21,vpn.log,user_auth
06-01-2024 05:00,21,webserver.log,user_auth
06-01-2024 05:00,16,firewall.log,user_auth
06-01-2024 05:00,14,auth.log,web_access
06-01-2024 05:00,13,firewall.log,web_access
06-01-2024 06:00,25,firewall.log,firewall_event
06-01-2024 06:00,19,firewall.log,web_access
06-01-2024 06:00,17,firewall.log,vpn_connection
06-01-2024 06:00,14,vpn.log,vpn_connection
06-01-2024 06:00,23,vpn.log,web_access
06-01-2024 06:00,20,auth.log,user_auth
06-01-2024 06:00,15,vpn.log,user_auth
06-01-2024 07:00,20,vpn.log,vpn_connection
06-01-2024 07:00,16,auth.log,user_auth
06-01-2024 07:00,17,firewall.log,vpn_connection
06-01-2024 07:00,24,auth.log,user_auth
06-01-2024 07:00,11,auth.log,firewall_event
06-01-2024 07:00,28,vpn.log,vpn_connection
06-01-2024 07:00,19,webserver.log,firewall_event
06-01-2024 07:00,21,firewall.log,vpn_connection
06-01-2024 08:00,22,webserver.log,web_access
06-01-2024 08:00,23,vpn.log,user_auth
06-01-2024 08:00,27,firewall.log,web_access
06-01-2024 08:00,23,auth.log,web_access
06-01-2024 08:00,19,auth.log,user_auth
06-01-2024 08:00,19,firewall.log,web_access
06-01-2024 08:00,14,webserver.log,user_auth
06-01-2024 08:00,18,vpn.log,web_access
06-01-2024 08:00,20,firewall.log,vpn_connection
06-01-2024 08:00,18,webserver.log,firewall_event
06-01-2024 08:00,26,vpn.log,web_access
06-01-2024 09:00,19,firewall.log,vpn_connection
06-01-2024 09:00,15,webserver.log,vpn_connection
06-01-2024 09:00,21,auth.log,user_auth
06-01-2024 09:00,14,vpn.log,user_auth
06-01-2024 09:00,23,auth.log,vpn_connection
06-01-2024 09:00,21,auth.log,vpn_connection
06-01-2024 09:00,21,vpn.log,user_auth
06-01-2024 09:00,20,webserver.log,vpn_connection
06-01-2024 09:00,27,vpn.log,web_access
06-01-2024 10:00,15,auth.log,firewall_event
06-01-2024 10:00,24,webserver.log,firewall_event
06-01-2024 10:00,12,auth.log,vpn_connection
06-01-2024 10:00,34,vpn.log,user_auth
06-01-2024 10:00,20,auth.log,user_auth
06-01-2024 10:00,22,auth.log,user_auth
06-01-2024 10:00,30,auth.log,user_auth
06-01-2024 11:00,21,vpn.log,firewall_event
06-01-2024 11:00,14,firewall.log,vpn_connection
06-01-2024 11:00,25,webserver.log,firewall_event
06-01-2024 11:00,16,webserver.log,vpn_connection
06-01-2024 11:00,12,webserver.log,vpn_connection
06-01-2024 11:00,19,auth.log,user_auth
06-01-2024 11:00,15,firewall.log,firewall_event
06-01-2024 11:00,20,webserver.log,web_access
06-01-2024 11:00,17,firewall.log,user_auth
06-01-2024 12:00,12,vpn.log,user_auth
06-01-2024 12:00,15,firewall.log,vpn_connection
06-01-2024 12:00,10,webserver.log,firewall_event
06-01-2024 12:00,20,auth.log,web_access
06-01-2024 12:00,14,webserver.log,firewall_event
06-01-2024 12:00,12,auth.log,firewall_event
06-01-2024 12:00,26,vpn.log,vpn_connection
06-01-2024 12:00,10,webserver.log,user_auth
06-01-2024 12:00,15,vpn.log,vpn_connection
06-01-2024 12:00,25,vpn.log,vpn_connection
06-01-2024 12:00,15,firewall.log,web_access
06-01-2024 12:00,20,webserver.log,vpn_connection
06-01-2024 12:00,30,webserver.log,web_access
06-01-2024 12:00,312,webserver.log,web_access
06-01-2024 13:00,18,firewall.log,vpn_connection
06-01-2024 13:00,22,auth.log,firewall_event
06-01-2024 13:00,32,webserver.log,vpn_connection
06-01-2024 13:00,15,vpn.log,vpn_connection
06-01-2024 13:00,16,vpn.log,web_access
06-01-2024 13:00,18,vpn.log,user_auth
06-01-2024 13:00,22,auth.log,vpn_connection
06-01-2024 14:00,25,webserver.log,user_auth
06-01-2024 14:00,15,auth.log,user_auth
06-01-2024 14:00,23,firewall.log,firewall_event
06-01-2024 14:00,26,auth.log,web_access
06-01-2024 14:00,14,webserver.log,user_auth
06-01-2024 14:00,19,auth.log,web_access
06-01-2024 14:00,14,firewall.log,firewall_event
06-01-2024 14:00,14,auth.log,web_access
06-01-2024 14:00,18,firewall.log,user_auth
06-01-2024 14:00,19,vpn.log,user_auth
06-01-2024 14:00,21,vpn.log,user_auth
06-01-2024 15:00,17,webserver.log,web_access
06-01-2024 15:00,25,webserver.log,web_access
06-01-2024 15:00,18,vpn.log,user_auth
06-01-2024 15:00,15,webserver.log,firewall_event
06-01-2024 15:00,19,firewall.log,firewall_event
06-01-2024 15:00,15,auth.log,firewall_event
06-01-2024 15:00,27,firewall.log,vpn_connection
06-01-2024 15:00,17,auth.log,user_auth
06-01-2024 15:00,21,firewall.log,user_auth
06-01-2024 15:00,23,vpn.log,vpn_connection
06-01-2024 15:00,16,webserver.log,vpn_connection
06-01-2024 16:00,26,webserver.log,firewall_event
06-01-2024 16:00,21,webserver.log,web_access
06-01-2024 16:00,21,firewall.log,web_access
06-01-2024 16:00,15,vpn.log,firewall_event
06-01-2024 16:00,21,auth.log,web_access
06-01-2024 17:00,12,vpn.log,user_auth
06-01-2024 17:00,20,firewall.log,firewall_event
06-01-2024 17:00,19,firewall.log,vpn_connection
06-01-2024 17:00,22,auth.log,firewall_event
06-01-2024 17:00,28,vpn.log,vpn_connection
06-01-2024 17:00,26,auth.log,firewall_event
06-01-2024 17:00,22,firewall.log,web_access
06-01-2024 17:00,17,firewall.log,user_auth
06-01-2024 17:00,16,vpn.log,user_auth
06-01-2024 17:00,26,firewall.log,vpn_connection
06-01-2024 17:00,16,auth.log,firewall_event
06-01-2024 17:00,17,firewall.log,firewall_event
06-01-2024 17:00,29,webserver.log,web_access
06-01-2024 18:00,15,webserver.log,vpn_connection
06-01-2024 18:00,10,auth.log,vpn_connection
06-01-2024 18:00,19,vpn.log,firewall_event
06-01-2024 18:00,18,firewall.log,vpn_connection
06-01-2024 18:00,17,auth.log,web_access
06-01-2024 18:00,18,vpn.log,vpn_connection
06-01-2024 18:00,22,auth.log,user_auth
06-01-2024 18:00,17,vpn.log,firewall_event
06-01-2024 18:00,21,firewall.log,vpn_connection
06-01-2024 18:00,24,firewall.log,user_auth
06-01-2024 18:00,18,webserver.log,user_auth
06-01-2024 19:00,16,webserver.log,vpn_connection
06-01-2024 19:00,15,vpn.log,web_access
06-01-2024 19:00,26,firewall.log,vpn_connection
06-01-2024 19:00,21,webserver.log,firewall_event
06-01-2024 19:00,22,webserver.log,vpn_connection
06-01-2024 19:00,16,vpn.log,user_auth
06-01-2024 19:00,25,webserver.log,firewall_event
06-01-2024 19:00,19,vpn.log,user_auth
06-01-2024 19:00,20,auth.log,firewall_event
06-01-2024 19:00,28,vpn.log,user_auth
06-01-2024 19:00,20,firewall.log,firewall_event
06-01-2024 19:00,14,webserver.log,web_access
06-01-2024 19:00,21,vpn.log,user_auth
06-01-2024 19:00,12,auth.log,web_access
06-01-2024 20:00,17,vpn.log,user_auth
06-01-2024 20:00,17,firewall.log,firewall_event
06-01-2024 20:00,14,firewall.log,firewall_event
06-01-2024 20:00,18,webserver.log,vpn_connection
06-01-2024 20:00,19,firewall.log,firewall_event
06-01-2024 20:00,20,auth.log,web_access
06-01-2024 20:00,16,auth.log,user_auth
06-01-2024 20:00,21,auth.log,firewall_event
06-01-2024 20:00,24,vpn.log,web_access
06-01-2024 20:00,22,firewall.log,web_access
06-01-2024 20:00,16,firewall.log,vpn_connection
06-01-2024 21:00,23,vpn.log,web_access
06-01-2024 21:00,17,auth.log,firewall_event
06-01-2024 21:00,21,webserver.log,user_auth
06-01-2024 21:00,13,vpn.log,firewall_event
06-01-2024 21:00,17,vpn.log,firewall_event
06-01-2024 21:00,23,auth.log,firewall_event
06-01-2024 22:00,20,auth.log,firewall_event
06-01-2024 22:00,22,webserver.log,vpn_connection
06-01-2024 22:00,16,firewall.log,firewall_event
06-01-2024 22:00,24,vpn.log,firewall_event
06-01-2024 22:00,22,vpn.log,user_auth
06-01-2024 22:00,26,webserver.log,web_access
06-01-2024 22:00,24,vpn.log,web_access
06-01-2024 22:00,13,vpn.log,web_access
06-01-2024 23:00,16,firewall.log,firewall_event
06-01-2024 23:00,25,webserver.log,user_auth
06-01-2024 23:00,16,webserver.log,firewall_event
06-01-2024 23:00,15,webserver.log,firewall_event
06-01-2024 23:00,19,auth.log,user_auth
06-01-2024 23:00,27,webserver.log,firewall_event
06-01-2024 23:00,11,auth.log,vpn_connection
06-01-2024 23:00,17,webserver.log,vpn_connection
06-01-2024 23:00,14,webserver.log,firewall_event
06-01-2024 23:00,21,firewall.log,vpn_connection
06-01-2024 23:00,15,firewall.log,firewall_event
06-01-2024 23:00,20,firewall.log,vpn_connection
06-01-2024 23:00,27,firewall.log,user_auth
06-01-2024 23:00,16,webserver.log,user_auth
07-01-2024 00:00,24,vpn.log,vpn_connection
07-01-2024 00:00,23,firewall.log,user_auth
07-01-2024 00:00,25,vpn.log,web_access
07-01-2024 00:00,22,vpn.log,user_auth
07-01-2024 00:00,24,webserver.log,web_access
07-01-2024 00:00,30,firewall.log,web_access
07-01-2024 00:00,14,firewall.log,firewall_event
07-01-2024 00:00,25,vpn.log,vpn_connection
07-01-2024 01:00,24,firewall.log,user_auth
07-01-2024 01:00,19,firewall.log,user_auth
07-01-2024 01:00,25,webserver.log,web_access
07-01-2024 01:00,25,webserver.log,firewall_event
07-01-2024 01:00,28,auth.log,firewall_event
07-01-2024 01:00,23,webserver.log,vpn_connection
07-01-2024 01:00,22,webserver.log,web_access
07-01-2024 01:00,21,vpn.log,user_auth
07-01-2024 01:00,23,webserver.log,user_auth
07-01-2024 01:00,20,vpn.log,vpn_connection
07-01-2024 01:00,19,vpn.log,firewall_event
07-01-2024 01:00,12,auth.log,firewall_event
07-01-2024 01:00,23,vpn.log,web_access
07-01-2024 01:00,16,firewall.log,web_access
07-01-2024 02:00,349,firewall.log,user_auth
07-01-2024 02:00,18,webserver.log,firewall_event
07-01-2024 02:00,21,vpn.log,vpn_connection
07-01-2024 02:00,19,auth.log,user_auth
07-01-2024 02:00,26,firewall.log,vpn_connection
07-01-2024 03:00,16,webserver.log,firewall_event
07-01-2024 03:00,21,firewall.log,vpn_connection
07-01-2024 03:00,17,auth.log,web_access
07-01-2024 03:00,26,auth.log,firewall_event
07-01-2024 03:00,23,firewall.log,vpn_connection
07-01-2024 03:00,25,auth.log,firewall_event
07-01-2024 04:00,21,firewall.log,user_auth
07-01-2024 04:00,18,vpn.log,vpn_connection
07-01-2024 04:00,18,webserver.log,web_access
07-01-2024 04:00,22,webserver.log,user_auth
07-01-2024 04:00,25,webserver.log,web_access
07-01-2024 04:00,19,auth.log,web_access
07-01-2024 04:00,23,vpn.log,firewall_event
07-01-2024 05:00,23,vpn.log,vpn_connection
07-01-2024 05:00,17,firewall.log,vpn_connection
07-01-2024 05:00,19,firewall.log,vpn_connection
07-01-2024 05:00,20,auth.log,user_auth
07-01-2024 05:00,19,webserver.log,user_auth
07-01-2024 05:00,22,firewall.log,web_access
07-01-2024 05:00,15,vpn.log,user_auth
07-01-2024 05:00,23,webserver.log,user_auth
07-01-2024 05:00,21,webserver.log,firewall_event
07-01-2024 05:00,12,firewall.log,vpn_connection
07-01-2024 05:00,18,webserver.log,firewall_event
07-01-2024 06:00,15,vpn.log,web_access
07-01-2024 06:00,16,vpn.log,firewall_event
07-01-2024 06:00,18,vpn.log,web_access
07-01-2024 06:00,24,auth.log,firewall_event
07-01-2024 06:00,17,webserver.log,web_access
07-01-2024 06:00,25,vpn.log,firewall_event
07-01-2024 06:00,23,auth.log,user_auth
07-01-2024 07:00,28,vpn.log,firewall_event
07-01-2024 07:00,14,auth.log,firewall_event
07-01-2024 07:00,21,vpn.log,firewall_event
07-01-2024 07:00,18,firewall.log,firewall_event
07-01-2024 07:00,24,vpn.log,vpn_connection
07-01-2024 07:00,22,vpn.log,user_auth
07-01-2024 07:00,20,webserver.log,firewall_event
07-01-2024 07:00,20,webserver.log,firewall_event
07-01-2024 07:00,15,firewall.log,firewall_event
07-01-2024 07:00,22,vpn.log,user_auth
07-01-2024 07:00,21,vpn.log,firewall_event
07-01-2024 07:00,28,webserver.log,firewall_event
07-01-2024 07:00,23,firewall.log,user_auth
07-01-2024 07:00,18,firewall.log,vpn_connection
07-01-2024 08:00,22,auth.log,user_auth
07-01-2024 08:00,22,auth.log,firewall_event
07-01-2024 08:00,17,auth.log,user_auth
07-01-2024 08:00,24,vpn.log,web_access
07-01-2024 08:00,25,vpn.log,vpn_connection
07-01-2024 09:00,24,webserver.log,web_access
07-01-2024 09:00,14,auth.log,vpn_connection
07-01-2024 09:00,25,firewall.log,vpn_connection
07-01-2024 09:00,19,webserver.log,user_auth
07-01-2024 09:00,19,auth.log,user_auth
07-01-2024 09:00,21,firewall.log,firewall_event
07-01-2024 09:00,17,webserver.log,user_auth
07-01-2024 09:00,13,vpn.log,user_auth
07-01-2024 09:00,21,vpn.log,vpn_connection
07-01-2024 09:00,22,firewall.log,user_auth
07-01-2024 09:00,24,webserver.log,user_auth
07-01-2024 09:00,28,auth.log,web_access
07-01-2024 09:00,27,webserver.log,user_auth
07-01-2024 10:00,18,webserver.log,vpn_connection
07-01-2024 10:00,20,firewall.log,web_access
07-01-2024 10:00,32,vpn.log,firewall_event
07-01-2024 10:00,12,webserver.log,firewall_event
07-01-2024 10:00,21,auth.log,web_access
07-01-2024 10:00,24,vpn.log,vpn_connection
07-01-2024 10:00,22,firewall.log,vpn_connection
07-01-2024 11:00,20,vpn.log,web_access
07-01-2024 11:00,17,firewall.log,vpn_connection
07-01-2024 11:00,18,auth.log,web_access
07-01-2024 11:00,19,vpn.log,vpn_connection
07-01-2024 11:00,25,vpn.log,web_access
07-01-2024 11:00,17,webserver.log,firewall_event
07-01-2024 11:00,17,webserver.log,vpn_connection
07-01-2024 11:00,19,vpn.log,user_auth
07-01-2024 11:00,15,webserver.log,vpn_connection
07-01-2024 11:00,25,auth.log,firewall_event
07-01-2024 11:00,22,firewall.log,firewall_event
07-01-2024 11:00,17,vpn.log,vpn_connection
07-01-2024 11:00,28,firewall.log,user_auth
07-01-2024 11:00,19,firewall.log,web_access
07-01-2024 12:00,26,vpn.log,vpn_connection
07-01-2024 12:00,16,webserver.log,vpn_connection
07-01-2024 12:00,18,webserver.log,firewall_event
07-01-2024 12:00,23,firewall.log,vpn_connection
07-01-2024 12:00,17,vpn.log,firewall_event
07-01-2024 12:00,18,webserver.log,firewall_event
07-01-2024 12:00,21,webserver.log,user_auth
07-01-2024 12:00,21,firewall.log,web_access
07-01-2024 12:00,23,webserver.log,web_access
07-01-2024 12:00,22,vpn.log,vpn_connection
07-01-2024 12:00,20,auth.log,user_auth
07-01-2024 12:00,21,webserver.log,vpn_connection
07-01-2024 12:00,19,webserver.log,vpn_connection
07-01-2024 13:00,24,vpn.log,user_auth
07-01-2024 13:00,13,webserver.log,web_access
07-01-2024 13:00,26,vpn.log,vpn_connection
07-01-2024 13:00,17,firewall.log,user_auth
07-01-2024 13:00,25,firewall.log,vpn_connection
07-01-2024 13:00,15,webserver.log,vpn_connection
07-01-2024 13:00,350,firewall.log,user_auth
07-01-2024 13:00,18,vpn.log,web_access
07-01-2024 14:00,19,firewall.log,vpn_connection
07-01-2024 14:00,19,webserver.log,web_access
07-01-2024 14:00,23,vpn.log,firewall_event
07-01-2024 14:00,31,webserver.log,user_auth
07-01-2024 14:00,12,firewall.log,web_access
07-01-2024 14:00,15,vpn.log,vpn_connection
07-01-2024 14:00,19,firewall.log,web_access
07-01-2024 14:00,13,webserver.log,firewall_event
07-01-2024 14:00,16,firewall.log,firewall_event
07-01-2024 14:00,24,auth.log,user_auth
07-01-2024 14:00,26,auth.log,vpn_connection
07-01-2024 14:00,18,auth.log,user_auth
07-01-2024 14:00,23,auth.log,web_access
07-01-2024 14:00,18,auth.log,firewall_event
07-01-2024 15:00,11,auth.log,vpn_connection
07-01-2024 15:00,26,vpn.log,user_auth
07-01-2024 15:00,18,firewall.log,firewall_event
07-01-2024 15:00,24,webserver.log,firewall_event
07-01-2024 15:00,22,webserver.log,web_access
07-01-2024 15:00,29,firewall.log,firewall_event
07-01-2024 15:00,20,webserver.log,vpn_connection
07-01-2024 15:00,16,auth.log,vpn_connection
07-01-2024 15:00,13,firewall.log,firewall_event
07-01-2024 15:00,11,webserver.log,user_auth
07-01-2024 16:00,21,firewall.log,user_auth
07-01-2024 16:00,15,vpn.log,user_auth
07-01-2024 16:00,19,vpn.log,firewall_event
07-01-2024 16:00,24,firewall.log,web_access
07-01-2024 16:00,25,vpn.log,vpn_connection
07-01-2024 16:00,322,auth.log,web_access
07-01-2024 16:00,20,webserver.log,web_access
07-01-2024 16:00,21,vpn.log,firewall_event
07-01-2024 16:00,21,firewall.log,user_auth
07-01-2024 17:00,18,auth.log,vpn_connection
07-01-2024 17:00,19,firewall.log,web_access
07-01-2024 17:00,16,firewall.log,user_auth
07-01-2024 17:00,32,firewall.log,web_access
07-01-2024 17:00,20,auth.log,vpn_connection
07-01-2024 17:00,23,firewall.log,firewall_event
07-01-2024 18:00,14,vpn.log,vpn_connection
07-01-2024 18:00,20,webserver.log,firewall_event
07-01-2024 18:00,22,auth.log,firewall_event
07-01-2024 18:00,262,webserver.log,user_auth
07-01-2024 18:00,23,auth.log,user_auth
07-01-2024 18:00,19,webserver.log,firewall_event
07-01-2024 18:00,30,auth.log,vpn_connection
07-01-2024 18:00,18,webserver.log,user_auth
07-01-2024 18:00,14,webserver.log,vpn_connection
07-01-2024 18:00,16,auth.log,firewall_event
07-01-2024 18:00,16,webserver.log,user_auth
07-01-2024 18:00,24,auth.log,web_access
07-01-2024 19:00,18,vpn.log,web_access
07-01-2024 19:00,13,firewall.log,vpn_connection
07-01-2024 19:00,22,firewall.log,firewall_event
07-01-2024 19:00,24,webserver.log,user_auth
07-01-2024 19:00,26,vpn.log,firewall_event
07-01-2024 19:00,25,auth.log,user_auth
07-01-2024 19:00,21,auth.log,vpn_connection
07-01-2024 19:00,19,auth.log,web_access
07-01-2024 19:00,20,firewall.log,user_auth
07-01-2024 19:00,21,firewall.log,vpn_connection
07-01-2024 20:00,14,firewall.log,user_auth
07-01-2024 20:00,19,vpn.log,vpn_connection
07-01-2024 20:00,19,vpn.log,vpn_connection
07-01-2024 20:00,22,vpn.log,firewall_event
07-01-2024 20:00,22,auth.log,firewall_event
07-01-2024 20:00,20,auth.log,vpn_connection
07-01-2024 20:00,24,vpn.log,web_access
07-01-2024 20:00,20,webserver.log,firewall_event
07-01-2024 20:00,16,firewall.log,user_auth
07-01-2024 20:00,20,auth.log,web_access
07-01-2024 20:00,17,webserver.log,user_auth
07-01-2024 21:00,25,firewall.log,user_auth
07-01-2024 21:00,13,firewall.log,user_auth
07-01-2024 21:00,14,vpn.log,vpn_connection
07-01-2024 21:00,29,firewall.log,firewall_event
07-01-2024 21:00,23,firewall.log,web_access
07-01-2024 21:00,17,webserver.log,user_auth
07-01-2024 21:00,17,webserver.log,user_auth
07-01-2024 21:00,23,auth.log,user_auth
07-01-2024 21:00,22,firewall.log,vpn_connection
07-01-2024 21:00,27,webserver.log,user_auth
07-01-2024 21:00,18,vpn.log,user_auth
07-01-2024 22:00,11,firewall.log,user_auth
07-01-2024 22:00,28,webserver.log,vpn_connection
07-01-2024 22:00,20,firewall.log,user_auth
07-01-2024 22:00,18,webserver.log,web_access
07-01-2024 22:00,22,firewall.log,web_access
07-01-2024 22:00,17,webserver.log,web_access
07-01-2024 22:00,22,webserver.log,user_auth
07-01-2024 22:00,19,firewall.log,vpn_connection
07-01-2024 22:00,22,vpn.log,web_access
07-01-2024 22:00,19,auth.log,web_access
07-01-2024 22:00,16,webserver.log,user_auth
07-01-2024 22:00,19,firewall.log,vpn_connection
07-01-2024 22:00,13,auth.log,vpn_connection
07-01-2024 22:00,15,auth.log,user_auth
07-01-2024 23:00,30,webserver.log,firewall_event
07-01-2024 23:00,20,vpn.log,firewall_event
07-01-2024 23:00,32,webserver.log,user_auth
07-01-2024 23:00,25,vpn.log,firewall_event
07-01-2024 23:00,17,vpn.log,vpn_connection
07-01-2024 23:00,24,vpn.log,firewall_event
07-01-2024 23:00,20,vpn.log,firewall_event
07-01-2024 23:00,21,auth.log,firewall_event
07-01-2024 23:00,12,webserver.log,vpn_connection
07-01-2024 23:00,22,webserver.log,web_access
08-01-2024 00:00,22,auth.log,user_auth
08-01-2024 00:00,15,firewall.log,firewall_event
08-01-2024 00:00,16,vpn.log,web_access
08-01-2024 00:00,16,auth.log,user_auth
08-01-2024 00:00,20,vpn.log,user_auth
08-01-2024 00:00,22,webserver.log,web_access
08-01-2024 00:00,22,vpn.log,web_access
08-01-2024 00:00,17,firewall.log,web_access
08-01-2024 01:00,27,firewall.log,user_auth
08-01-2024 01:00,19,firewall.log,vpn_connection
08-01-2024 01:00,16,vpn.log,vpn_connection
08-01-2024 01:00,21,vpn.log,vpn_connection
08-01-2024 01:00,20,webserver.log,user_auth
08-01-2024 01:00,25,firewall.log,firewall_event
08-01-2024 01:00,20,auth.log,vpn_connection
08-01-2024 01:00,19,vpn.log,firewall_event
08-01-2024 01:00,25,vpn.log,web_access
08-01-2024 01:00,16,webserver.log,web_access
08-01-2024 01:00,18,auth.log,user_auth
08-01-2024 01:00,10,webserver.log,user_auth
08-01-2024 01:00,15,webserver.log,vpn_connection
08-01-2024 01:00,14,auth.log,web_access
08-01-2024 02:00,23,auth.log,firewall_event
08-01-2024 02:00,16,firewall.log,web_access
08-01-2024 02:00,18,webserver.log,web_access
08-01-2024 02:00,19,firewall.log,user_auth
08-01-2024 02:00,23,firewall.log,web_access
08-01-2024 02:00,17,webserver.log,web_access
08-01-2024 03:00,16,webserver.log,web_access
08-01-2024 03:00,18,webserver.log,vpn_connection
08-01-2024 03:00,25,vpn.log,vpn_connection
08-01-2024 03:00,19,firewall.log,user_auth
08-01-2024 03:00,17,webserver.log,vpn_connection
08-01-2024 03:00,16,firewall.log,user_auth
08-01-2024 03:00,20,webserver.log,web_access
08-01-2024 03:00,15,auth.log,user_auth
08-01-2024 03:00,17,auth.log,firewall_event
08-01-2024 03:00,13,vpn.log,web_access
08-01-2024 03:00,22,vpn.log,user_auth
08-01-2024 03:00,17,webserver.log,web_access
08-01-2024 03:00,14,vpn.log,vpn_connection
08-01-2024 04:00,17,webserver.log,firewall_event
08-01-2024 04:00,18,auth.log,vpn_connection
08-01-2024 04:00,14,webserver.log,vpn_connection
08-01-2024 04:00,26,webserver.log,firewall_event
08-01-2024 04:00,26,vpn.log,web_access
08-01-2024 04:00,15,vpn.log,web_access
08-01-2024 05:00,17,auth.log,web_access
08-01-2024 05:00,15,webserver.log,web_access
08-01-2024 05:00,31,webserver.log,user_auth
08-01-2024 05:00,22,firewall.log,user_auth
08-01-2024 05:00,22,firewall.log,firewall_event
08-01-2024 05:00,16,auth.log,vpn_connection
08-01-2024 05:00,18,firewall.log,user_auth
08-01-2024 05:00,19,webserver.log,user_auth
08-01-2024 05:00,21,firewall.log,vpn_connection
08-01-2024 05:00,20,vpn.log,vpn_connection
08-01-2024 06:00,22,webserver.log,user_auth
08-01-2024 06:00,20,auth.log,vpn_connection
08-01-2024 06:00,27,webserver.log,vpn_connection
08-01-2024 06:00,23,firewall.log,user_auth
08-01-2024 06:00,15,webserver.log,vpn_connection
08-01-2024 06:00,27,webserver.log,firewall_event
08-01-2024 06:00,20,firewall.log,user_auth
08-01-2024 06:00,14,webserver.log,vpn_connection
08-01-2024 06:00,22,vpn.log,vpn_connection
08-01-2024 07:00,15,auth.log,firewall_event
08-01-2024 07:00,23,vpn.log,user_auth
08-01-2024 07:00,22,auth.log,user_auth
08-01-2024 07:00,15,auth.log,user_auth
08-01-2024 07:00,23,auth.log,firewall_event
08-01-2024 07:00,21,firewall.log,vpn_connection
08-01-2024 07:00,18,webserver.log,firewall_event
08-01-2024 07:00,18,webserver.log,vpn_connection
08-01-2024 07:00,16,firewall.log,firewall_event
08-01-2024 07:00,19,vpn.log,vpn_connection
08-01-2024 07:00,383,webserver.log,web_access
08-01-2024 07:00,26,vpn.log,firewall_event
08-01-2024 07:00,22,auth.log,web_access
08-01-2024 08:00,22,vpn.log,firewall_event
08-01-2024 08:00,19,firewall.log,web_access
08-01-2024 08:00,24,webserver.log,user_auth
08-01-2024 08:00,27,webserver.log,user_auth
08-01-2024 08:00,16,vpn.log,web_access
08-01-2024 08:00,10,auth.log,web_access
08-01-2024 08:00,21,vpn.log,vpn_connection
08-01-2024 08:00,31,auth.log,firewall_event
08-01-2024 08:00,28,vpn.log,vpn_connection
08-01-2024 09:00,22,vpn.log,vpn_connection
08-01-2024 09:00,16,firewall.log,vpn_connection
08-01-2024 09:00,20,firewall.log,web_access
08-01-2024 09:00,21,firewall.log,user_auth
08-01-2024 09:00,24,webserver.log,firewall_event
08-01-2024 09:00,16,firewall.log,firewall_event
08-01-2024 09:00,20,firewall.log,firewall_event
08-01-2024 09:00,305,firewall.log,user_auth
08-01-2024 09:00,13,auth.log,user_auth
08-01-2024 10:00,13,firewall.log,web_access
08-01-2024 10:00,23,auth.log,vpn_connection
08-01-2024 10:00,17,vpn.log,firewall_event
08-01-2024 10:00,18,webserver.log,user_auth
08-01-2024 10:00,17,firewall.log,web_access
08-01-2024 10:00,19,vpn.log,user_auth
08-01-2024 10:00,12,firewall.log,firewall_event
08-01-2024 10:00,18,webserver.log,firewall_event
08-01-2024 10:00,21,firewall.log,user_auth
08-01-2024 10:00,24,vpn.log,vpn_connection
08-01-2024 10:00,21,webserver.log,vpn_connection
08-01-2024 10:00,27,webserver.log,user_auth
08-01-2024 10:00,24,webserver.log,vpn_connection
08-01-2024 11:00,21,firewall.log,user_auth
08-01-2024 11:00,18,vpn.log,user_auth
08-01-2024 11:00,19,webserver.log,vpn_connection
08-01-2024 11:00,23,firewall.log,firewall_event
08-01-2024 11:00,24,firewall.log,firewall_event
08-01-2024 12:00,28,auth.log,vpn_connection
08-01-2024 12:00,25,firewall.log,firewall_event
08-01-2024 12:00,25,firewall.log,web_access
08-01-2024 12:00,17,vpn.log,user_auth
08-01-2024 12:00,16,webserver.log,web_access
08-01-2024 12:00,21,auth.log,firewall_event
08-01-2024 12:00,8,firewall.log,vpn_connection
08-01-2024 12:00,20,firewall.log,web_access
08-01-2024 12:00,23,webserver.log,web_access
08-01-2024 12:00,13,auth.log,firewall_event
08-01-2024 13:00,24,firewall.log,firewall_event
08-01-2024 13:00,15,firewall.log,vpn_connection
08-01-2024 13:00,24,vpn.log,web_access
08-01-2024 13:00,19,webserver.log,user_auth
08-01-2024 13:00,24,webserver.log,firewall_event
08-01-2024 14:00,15,webserver.log,web_access
08-01-2024 14:00,21,vpn.log,firewall_event
08-01-2024 14:00,11,auth.log,user_auth
08-01-2024 14:00,23,auth.log,web_access
08-01-2024 14:00,25,auth.log,user_auth
08-01-2024 14:00,16,auth.log,vpn_connection
08-01-2024 14:00,20,firewall.log,vpn_connection
08-01-2024 14:00,11,firewall.log,vpn_connection
08-01-2024 14:00,22,firewall.log,user_auth
08-01-2024 14:00,20,auth.log,user_auth
08-01-2024 14:00,15,vpn.log,user_auth
08-01-2024 14:00,21,webserver.log,firewall_event
08-01-2024 15:00,13,vpn.log,user_auth
08-01-2024 15:00,13,auth.log,firewall_event
08-01-2024 15:00,21,auth.log,user_auth
08-01-2024 15:00,20,firewall.log,firewall_event
08-01-2024 15:00,28,webserver.log,web_access
08-01-2024 16:00,22,firewall.log,vpn_connection
08-01-2024 16:00,13,webserver.log,firewall_event
08-01-2024 16:00,21,auth.log,vpn_connection
08-01-2024 16:00,18,auth.log,web_access
08-01-2024 16:00,18,auth.log,vpn_connection
08-01-2024 16:00,31,firewall.log,firewall_event
08-01-2024 16:00,442,vpn.log,user_auth
08-01-2024 16:00,15,auth.log,vpn_connection
08-01-2024 16:00,18,firewall.log,user_auth
08-01-2024 16:00,16,webserver.log,vpn_connection
08-01-2024 16:00,19,webserver.log,web_access
08-01-2024 16:00,21,firewall.log,vpn_connection
08-01-2024 17:00,14,auth.log,user_auth
08-01-2024 17:00,28,vpn.log,firewall_event
08-01-2024 17:00,26,auth.log,user_auth
08-01-2024 17:00,15,auth.log,firewall_event
08-01-2024 17:00,18,auth.log,user_auth
08-01-2024 17:00,22,webserver.log,firewall_event
08-01-2024 17:00,24,auth.log,firewall_event
08-01-2024 17:00,25,firewall.log,user_auth
08-01-2024 17:00,20,auth.log,firewall_event
08-01-2024 17:00,19,firewall.log,firewall_event
08-01-2024 17:00,20,webserver.log,vpn_connection
08-01-2024 17:00,23,auth.log,web_access
08-01-2024 18:00,18,webserver.log,firewall_event
08-01-2024 18:00,15,vpn.log,user_auth
08-01-2024 18:00,21,webserver.log,user_auth
08-01-2024 18:00,20,webserver.log,user_auth
08-01-2024 18:00,18,firewall.log,firewall_event
08-01-2024 18:00,17,vpn.log,firewall_event
08-01-2024 18:00,23,webserver.log,web_access
08-01-2024 18:00,19,webserver.log,web_access
08-01-2024 18:00,17,firewall.log,firewall_event
08-01-2024 18:00,18,vpn.log,user_auth
08-01-2024 18:00,13,vpn.log,user_auth
08-01-2024 18:00,22,firewall.log,web_access
08-01-2024 19:00,25,vpn.log,vpn_connection
08-01-2024 19:00,227,firewall.log,user_auth
08-01-2024 19:00,20,vpn.log,user_auth
08-01-2024 19:00,22,vpn.log,web_access
08-01-2024 19:00,16,firewall.log,user_auth
08-01-2024 19:00,21,firewall.log,firewall_event
08-01-2024 19:00,20,auth.log,user_auth
08-01-2024 19:00,18,vpn.log,user_auth
08-01-2024 19:00,16,firewall.log,firewall_event
08-01-2024 19:00,26,auth.log,user_auth
08-01-2024 20:00,23,vpn.log,vpn_connection
08-01-2024 20:00,17,vpn.log,firewall_event
08-01-2024 20:00,22,auth.log,web_access
08-01-2024 20:00,14,auth.log,user_auth
08-01-2024 20:00,25,vpn.log,web_access
08-01-2024 20:00,19,auth.log,web_access
08-01-2024 20:00,22,webserver.log,user_auth
08-01-2024 20:00,19,vpn.log,vpn_connection
08-01-2024 20:00,16,auth.log,web_access
08-01-2024 20:00,14,webserver.log,vpn_connection
08-01-2024 20:00,24,vpn.log,vpn_connection
08-01-2024 20:00,17,webserver.log,web_access
08-01-2024 20:00,18,vpn.log,vpn_connection
08-01-2024 21:00,17,webserver.log,firewall_event
08-01-2024 21:00,20,webserver.log,user_auth
08-01-2024 21:00,21,auth.log,web_access
08-01-2024 21:00,20,auth.log,firewall_event
08-01-2024 21:00,23,firewall.log,firewall_event
08-01-2024 21:00,20,auth.log,vpn_connection
08-01-2024 21:00,19,firewall.log,firewall_event
08-01-2024 21:00,15,vpn.log,web_access
08-01-2024 21:00,9,vpn.log,web_access
08-01-2024 22:00,30,webserver.log,vpn_connection
08-01-2024 22:00,25,firewall.log,web_access
08-01-2024 22:00,29,vpn.log,firewall_event
08-01-2024 22:00,19,webserver.log,user_auth
08-01-2024 22:00,22,firewall.log,vpn_connection
08-01-2024 23:00,20,auth.log,vpn_connection
08-01-2024 23:00,20,webserver.log,firewall_event
08-01-2024 23:00,15,auth.log,user_auth
08-01-2024 23:00,18,auth.log,web_access
08-01-2024 23:00,21,firewall.log,firewall_event
08-01-2024 23:00,14,webserver.log,vpn_connection
08-01-2024 23:00,16,auth.log,vpn_connection
08-01-2024 23:00,223,webserver.log,vpn_connection
08-01-2024 23:00,22,vpn.log,web_access
08-01-2024 23:00,17,auth.log,vpn_connection
08-01-2024 23:00,16,firewall.log,vpn_connection
08-01-2024 23:00,13,vpn.log,firewall_event
09-01-2024 00:00,16,auth.log,firewall_event
09-01-2024 00:00,22,auth.log,web_access
09-01-2024 00:00,23,webserver.log,vpn_connection
09-01-2024 00:00,18,vpn.log,web_access
09-01-2024 00:00,14,firewall.log,web_access
09-01-2024 00:00,20,auth.log,vpn_connection
09-01-2024 01:00,33,firewall.log,vpn_connection
09-01-2024 01:00,13,webserver.log,firewall_event
09-01-2024 01:00,14,webserver.log,user_auth
09-01-2024 01:00,425,webserver.log,firewall_event
09-01-2024 01:00,361,webserver.log,vpn_connection
09-01-2024 01:00,18,vpn.log,firewall_event
09-01-2024 01:00,15,vpn.log,user_auth
09-01-2024 01:00,21,auth.log,firewall_event
09-01-2024 02:00,21,webserver.log,vpn_connection
09-01-2024 02:00,25,vpn.log,web_access
09-01-2024 02:00,28,webserver.log,web_access
09-01-2024 02:00,27,webserver.log,vpn_connection
09-01-2024 02:00,19,auth.log,firewall_event
09-01-2024 02:00,17,firewall.log,web_access
09-01-2024 02:00,15,auth.log,vpn_connection
09-01-2024 02:00,20,vpn.log,firewall_event
09-01-2024 02:00,27,webserver.log,user_auth
09-01-2024 02:00,29,firewall.log,user_auth
09-01-2024 02:00,20,webserver.log,web_access
09-01-2024 03:00,29,firewall.log,web_access
09-01-2024 03:00,24,auth.log,user_auth
09-01-2024 03:00,13,firewall.log,web_access
09-01-2024 03:00,18,vpn.log,web_access
09-01-2024 03:00,14,firewall.log,firewall_event
09-01-2024 03:00,20,vpn.log,firewall_event
09-01-2024 03:00,24,firewall.log,vpn_connection
09-01-2024 03:00,23,vpn.log,user_auth
09-01-2024 04:00,12,firewall.log,vpn_connection
09-01-2024 04:00,16,auth.log,firewall_event
09-01-2024 04:00,16,vpn.log,firewall_event
09-01-2024 04:00,13,auth.log,web_access
09-01-2024 04:00,23,firewall.log,firewall_event
09-01-2024 05:00,13,firewall.log,firewall_event
09-01-2024 05:00,15,vpn.log,web_access
09-01-2024 05:00,16,firewall.log,vpn_connection
09-01-2024 05:00,17,webserver.log,user_auth
09-01-2024 05:00,18,auth.log,user_auth
09-01-2024 05:00,24,auth.log,user_auth
09-01-2024 06:00,24,webserver.log,firewall_event
09-01-2024 06:00,26,auth.log,firewall_event
09-01-2024 06:00,21,firewall.log,firewall_event
09-01-2024 06:00,26,firewall.log,firewall_event
09-01-2024 06:00,26,webserver.log,firewall_event
09-01-2024 06:00,20,webserver.log,web_access
09-01-2024 07:00,18,firewall.log,web_access
09-01-2024 07:00,24,auth.log,user_auth
09-01-2024 07:00,24,auth.log,firewall_event
09-01-2024 07:00,22,auth.log,vpn_connection
09-01-2024 07:00,17,vpn.log,vpn_connection
09-01-2024 07:00,18,auth.log,web_access
09-01-2024 07:00,21,vpn.log,web_access
09-01-2024 07:00,13,webserver.log,firewall_event
09-01-2024 07:00,19,vpn.log,firewall_event
09-01-2024 07:00,16,firewall.log,firewall_event
09-01-2024 07:00,19,auth.log,firewall_event
09-01-2024 07:00,18,webserver.log,vpn_connection
09-01-2024 07:00,24,webserver.log,vpn_connection
09-01-2024 07:00,28,auth.log,vpn_connection
09-01-2024 08:00,23,vpn.log,vpn_connection
09-01-2024 08:00,19,vpn.log,web_access
09-01-2024 08:00,24,vpn.log,firewall_event
09-01-2024 08:00,19,vpn.log,firewall_event
09-01-2024 08:00,23,auth.log,firewall_event
09-01-2024 08:00,21,webserver.log,firewall_event
09-01-2024 08:00,15,webserver.log,firewall_event
09-01-2024 08:00,19,vpn.log,user_auth
09-01-2024 09:00,21,webserver.log,web_access
09-01-2024 09:00,21,vpn.log,vpn_connection
09-01-2024 09:00,20,firewall.log,web_access
09-01-2024 09:00,21,firewall.log,vpn_connection
09-01-2024 09:00,21,webserver.log,user_auth
09-01-2024 09:00,21,auth.log,web_access
09-01-2024 09:00,19,webserver.log,vpn_connection
09-01-2024 09:00,26,webserver.log,web_access
09-01-2024 09:00,18,auth.log,vpn_connection
09-01-2024 09:00,23,firewall.log,web_access
09-01-2024 10:00,17,vpn.log,vpn_connection
09-01-2024 10:00,11,auth.log,web_access
09-01-2024 10:00,19,webserver.log,vpn_connection
09-01-2024 10:00,23,webserver.log,user_auth
09-01-2024 10:00,17,auth.log,user_auth
09-01-2024 10:00,20,webserver.log,web_access
09-01-2024 10:00,28,auth.log,firewall_event
09-01-2024 10:00,20,vpn.log,firewall_event
09-01-2024 10:00,32,webserver.log,vpn_connection
09-01-2024 10:00,15,vpn.log,web_access
09-01-2024 10:00,19,firewall.log,firewall_event
09-01-2024 11:00,18,firewall.log,firewall_event
09-01-2024 11:00,22,auth.log,vpn_connection
09-01-2024 11:00,21,firewall.log,web_access
09-01-2024 11:00,20,auth.log,vpn_connection
09-01-2024 11:00,17,webserver.log,user_auth
09-01-2024 11:00,25,vpn.log,web_access
09-01-2024 11:00,23,vpn.log,user_auth
09-01-2024 11:00,20,firewall.log,user_auth
09-01-2024 11:00,22,webserver.log,firewall_event
09-01-2024 12:00,31,vpn.log,vpn_connection
09-01-2024 12:00,17,vpn.log,user_auth
09-01-2024 12:00,20,vpn.log,vpn_connection
09-01-2024 12:00,18,vpn.log,user_auth
09-01-2024 12:00,15,webserver.log,firewall_event
09-01-2024 12:00,17,vpn.log,user_auth
09-01-2024 12:00,17,vpn.log,firewall_event
09-01-2024 12:00,28,webserver.log,web_access
09-01-2024 12:00,14,vpn.log,firewall_event
09-01-2024 12:00,18,vpn.log,web_access
09-01-2024 12:00,24,auth.log,user_auth
09-01-2024 12:00,19,auth.log,firewall_event
09-01-2024 12:00,17,firewall.log,web_access
09-01-2024 13:00,24,firewall.log,web_access
09-01-2024 13:00,12,webserver.log,vpn_connection
09-01-2024 13:00,22,auth.log,user_auth
09-01-2024 13:00,22,webserver.log,firewall_event
09-01-2024 13:00,26,webserver.log,user_auth
09-01-2024 14:00,22,vpn.log,user_auth
09-01-2024 14:00,17,webserver.log,web_access
09-01-2024 14:00,20,auth.log,user_auth
09-01-2024 14:00,20,firewall.log,vpn_connection
09-01-2024 14:00,26,auth.log,vpn_connection
09-01-2024 14:00,21,vpn.log,firewall_event
09-01-2024 14:00,487,webserver.log,vpn_connection
09-01-2024 14:00,26,vpn.log,vpn_connection
09-01-2024 15:00,20,vpn.log,web_access
09-01-2024 15:00,22,firewall.log,vpn_connection
09-01-2024 15:00,25,auth.log,web_access
09-01-2024 15:00,20,firewall.log,user_auth
09-01-2024 15:00,11,auth.log,user_auth
09-01-2024 16:00,18,vpn.log,vpn_connection
09-01-2024 16:00,20,auth.log,firewall_event
09-01-2024 16:00,18,vpn.log,firewall_event
09-01-2024 16:00,18,vpn.log,vpn_connection
09-01-2024 16:00,18,vpn.log,firewall_event
09-01-2024 16:00,27,vpn.log,firewall_event
09-01-2024 16:00,16,vpn.log,web_access
09-01-2024 16:00,18,vpn.log,user_auth
09-01-2024 16:00,18,firewall.log,web_access
09-01-2024 16:00,22,firewall.log,vpn_connection
09-01-2024 16:00,15,auth.log,user_auth
09-01-2024 16:00,27,auth.log,vpn_connection
09-01-2024 16:00,16,vpn.log,user_auth
09-01-2024 17:00,24,vpn.log,vpn_connection
09-01-2024 17:00,18,webserver.log,vpn_connection
09-01-2024 17:00,17,webserver.log,user_auth
09-01-2024 17:00,19,firewall.log,vpn_connection
09-01-2024 17:00,19,auth.log,user_auth
09-01-2024 17:00,24,vpn.log,firewall_event
09-01-2024 17:00,15,firewall.log,vpn_connection
09-01-2024 18:00,14,auth.log,vpn_connection
09-01-2024 18:00,17,firewall.log,vpn_connection
09-01-2024 18:00,19,auth.log,firewall_event
09-01-2024 18:00,21,firewall.log,firewall_event
09-01-2024 18:00,19,auth.log,vpn_connection
09-01-2024 18:00,18,firewall.log,user_auth
09-01-2024 18:00,28,auth.log,web_access
09-01-2024 18:00,16,firewall.log,user_auth
09-01-2024 19:00,21,vpn.log,user_auth
09-01-2024 19:00,24,auth.log,web_access
09-01-2024 19:00,22,firewall.log,user_auth
09-01-2024 19:00,22,vpn.log,web_access
09-01-2024 19:00,23,auth.log,vpn_connection
09-01-2024 20:00,25,firewall.log,web_access
09-01-2024 20:00,26,auth.log,web_access
09-01-2024 20:00,31,vpn.log,firewall_event
09-01-2024 20:00,11,firewall.log,firewall_event
09-01-2024 20:00,26,firewall.log,user_auth
09-01-2024 20:00,28,vpn.log,web_access
09-01-2024 20:00,20,auth.log,web_access
09-01-2024 20:00,21,firewall.log,vpn_connection
09-01-2024 20:00,20,auth.log,web_access
09-01-2024 21:00,12,webserver.log,user_auth
09-01-2024 21:00,29,webserver.log,web_access
09-01-2024 21:00,22,auth.log,vpn_connection
09-01-2024 21:00,22,auth.log,user_auth
09-01-2024 21:00,29,vpn.log,web_access
09-01-2024 22:00,20,auth.log,web_access
09-01-2024 22:00,22,webserver.log,web_access
09-01-2024 22:00,25,auth.log,vpn_connection
09-01-2024 22:00,17,firewall.log,vpn_connection
09-01-2024 22:00,23,auth.log,vpn_connection
09-01-2024 22:00,20,firewall.log,vpn_connection
09-01-2024 22:00,22,auth.log,web_access
09-01-2024 22:00,17,firewall.log,vpn_connection
09-01-2024 23:00,18,auth.log,firewall_event
09-01-2024 23:00,24,firewall.log,vpn_connection
09-01-2024 23:00,16,auth.log,user_auth
09-01-2024 23:00,24,firewall.log,firewall_event
09-01-2024 23:00,21,webserver.log,vpn_connection
09-01-2024 23:00,21,webserver.log,firewall_event
09-01-2024 23:00,20,firewall.log,user_auth
10-01-2024 00:00,17,auth.log,web_access
10-01-2024 00:00,17,firewall.log,vpn_connection
10-01-2024 00:00,26,auth.log,user_auth
10-01-2024 00:00,17,firewall.log,vpn_connection
10-01-2024 00:00,24,webserver.log,vpn_connection
10-01-2024 00:00,24,firewall.log,vpn_connection
10-01-2024 00:00,13,vpn.log,firewall_event
10-01-2024 00:00,21,webserver.log,vpn_connection
10-01-2024 00:00,21,firewall.log,vpn_connection
10-01-2024 00:00,17,firewall.log,web_access
10-01-2024 00:00,14,auth.log,web_access
10-01-2024 01:00,19,auth.log,user_auth
10-01-2024 01:00,14,vpn.log,firewall_event
10-01-2024 01:00,26,firewall.log,firewall_event
10-01-2024 01:00,17,webserver.log,web_access
10-01-2024 01:00,21,webserver.log,web_access
10-01-2024 01:00,23,vpn.log,vpn_connection
10-01-2024 01:00,270,auth.log,user_auth
10-01-2024 01:00,23,firewall.log,web_access
10-01-2024 01:00,19,vpn.log,user_auth
10-01-2024 01:00,14,firewall.log,firewall_event
10-01-2024 01:00,22,webserver.log,web_access
10-01-2024 01:00,10,firewall.log,web_access
10-01-2024 01:00,20,webserver.log,user_auth
10-01-2024 02:00,30,auth.log,user_auth
10-01-2024 02:00,21,vpn.log,web_access
10-01-2024 02:00,24,auth.log,user_auth
10-01-2024 02:00,18,firewall.log,user_auth
10-01-2024 02:00,16,firewall.log,web_access
10-01-2024 02:00,19,firewall.log,user_auth
10-01-2024 02:00,503,vpn.log,vpn_connection
10-01-2024 02:00,22,webserver.log,user_auth
10-01-2024 02:00,16,webserver.log,firewall_event
10-01-2024 02:00,23,webserver.log,vpn_connection
10-01-2024 02:00,16,webserver.log,firewall_event
10-01-2024 02:00,21,auth.log,web_access
10-01-2024 03:00,20,firewall.log,vpn_connection
10-01-2024 03:00,10,auth.log,web_access
10-01-2024 03:00,20,webserver.log,vpn_connection
10-01-2024 03:00,23,webserver.log,vpn_connection
10-01-2024 03:00,17,vpn.log,user_auth
10-01-2024 03:00,18,vpn.log,vpn_connection
10-01-2024 03:00,21,vpn.log,web_access
10-01-2024 04:00,15,vpn.log,vpn_connection
10-01-2024 04:00,16,vpn.log,vpn_connection
10-01-2024 04:00,18,webserver.log,vpn_connection
10-01-2024 04:00,15,firewall.log,firewall_event
10-01-2024 04:00,13,firewall.log,user_auth
10-01-2024 04:00,17,firewall.log,firewall_event
10-01-2024 04:00,17,auth.log,web_access
10-01-2024 04:00,16,webserver.log,user_auth
10-01-2024 04:00,20,webserver.log,user_auth
10-01-2024 04:00,21,vpn.log,web_access
10-01-2024 04:00,27,auth.log,vpn_connection
10-01-2024 04:00,23,vpn.log,firewall_event
10-01-2024 04:00,21,auth.log,user_auth
10-01-2024 04:00,25,firewall.log,web_access
10-01-2024 05:00,17,auth.log,vpn_connection
10-01-2024 05:00,20,auth.log,firewall_event
10-01-2024 05:00,20,auth.log,web_access
10-01-2024 05:00,12,firewall.log,firewall_event
10-01-2024 05:00,18,vpn.log,user_auth
10-01-2024 06:00,21,firewall.log,web_access
10-01-2024 06:00,15,webserver.log,web_access
10-01-2024 06:00,19,vpn.log,web_access
10-01-2024 06:00,13,vpn.log,web_access
10-01-2024 06:00,22,auth.log,web_access
10-01-2024 06:00,15,webserver.log,vpn_connection
10-01-2024 06:00,27,auth.log,user_auth
10-01-2024 06:00,17,vpn.log,user_auth
10-01-2024 07:00,19,webserver.log,web_access
10-01-2024 07:00,24,auth.log,web_access
10-01-2024 07:00,19,auth.log,vpn_connection
10-01-2024 07:00,13,vpn.log,vpn_connection
10-01-2024 07:00,31,firewall.log,web_access
10-01-2024 07:00,25,vpn.log,user_auth
10-01-2024 07:00,27,auth.log,vpn_connection
10-01-2024 07:00,23,vpn.log,vpn_connection
10-01-2024 08:00,21,auth.log,firewall_event
10-01-2024 08:00,400,vpn.log,user_auth
10-01-2024 08:00,18,auth.log,vpn_connection
10-01-2024 08:00,20,webserver.log,user_auth
10-01-2024 08:00,19,webserver.log,web_access
10-01-2024 08:00,24,firewall.log,user_auth
10-01-2024 08:00,18,firewall.log,vpn_connection
10-01-2024 08:00,12,firewall.log,vpn_connection
10-01-2024 08:00,16,webserver.log,user_auth
10-01-2024 08:00,25,firewall.log,user_auth
10-01-2024 08:00,19,webserver.log,web_access
10-01-2024 08:00,28,webserver.log,web_access
10-01-2024 08:00,21,webserver.log,web_access
10-01-2024 09:00,24,firewall.log,user_auth
10-01-2024 09:00,20,firewall.log,web_access
10-01-2024 09:00,18,vpn.log,vpn_connection
10-01-2024 09:00,21,webserver.log,web_access
10-01-2024 09:00,12,webserver.log,user_auth
10-01-2024 10:00,25,auth.log,firewall_event
10-01-2024 10:00,18,auth.log,web_access
10-01-2024 10:00,15,auth.log,vpn_connection
10-01-2024 10:00,19,vpn.log,web_access
10-01-2024 10:00,22,auth.log,user_auth
10-01-2024 11:00,20,firewall.log,firewall_event
10-01-2024 11:00,22,vpn.log,web_access
10-01-2024 11:00,20,vpn.log,web_access
10-01-2024 11:00,20,webserver.log,web_access
10-01-2024 11:00,21,webserver.log,user_auth
10-01-2024 11:00,23,webserver.log,user_auth
10-01-2024 11:00,20,webserver.log,user_auth
10-01-2024 11:00,23,auth.log,vpn_connection
10-01-2024 12:00,29,vpn.log,firewall_event
10-01-2024 12:00,25,vpn.log,vpn_connection
10-01-2024 12:00,23,webserver.log,firewall_event
10-01-2024 12:00,24,vpn.log,vpn_connection
10-01-2024 12:00,24,auth.log,firewall_event
10-01-2024 12:00,26,firewall.log,firewall_event
10-01-2024 12:00,31,auth.log,firewall_event
10-01-2024 12:00,13,firewall.log,user_auth
10-01-2024 12:00,22,firewall.log,firewall_event
10-01-2024 12:00,19,webserver.log,vpn_connection
10-01-2024 13:00,20,firewall.log,user_auth
10-01-2024 13:00,13,webserver.log,vpn_connection
10-01-2024 13:00,10,vpn.log,web_access
10-01-2024 13:00,24,auth.log,vpn_connection
10-01-2024 13:00,20,vpn.log,vpn_connection
10-01-2024 14:00,14,firewall.log,firewall_event
10-01-2024 14:00,23,webserver.log,web_access
10-01-2024 14:00,22,auth.log,user_auth
10-01-2024 14:00,24,webserver.log,user_auth
10-01-2024 14:00,17,vpn.log,vpn_connection
10-01-2024 14:00,26,auth.log,user_auth
10-01-2024 15:00,20,webserver.log,web_access
10-01-2024 15:00,12,auth.log,vpn_connection
10-01-2024 15:00,20,firewall.log,user_auth
10-01-2024 15:00,13,webserver.log,web_access
10-01-2024 15:00,17,auth.log,web_access
10-01-2024 15:00,16,vpn.log,web_access
10-01-2024 15:00,22,firewall.log,firewall_event
10-01-2024 15:00,18,vpn.log,web_access
10-01-2024 15:00,23,webserver.log,user_auth
10-01-2024 15:00,10,firewall.log,user_auth
10-01-2024 15:00,24,auth.log,web_access
10-01-2024 15:00,16,firewall.log,user_auth
10-01-2024 16:00,14,webserver.log,vpn_connection
10-01-2024 16:00,22,firewall.log,web_access
10-01-2024 16:00,15,vpn.log,user_auth
10-01-2024 16:00,28,auth.log,user_auth
10-01-2024 16:00,23,vpn.log,vpn_connection
10-01-2024 16:00,18,auth.log,user_auth
10-01-2024 16:00,21,vpn.log,web_access
10-01-2024 16:00,21,firewall.log,user_auth
10-01-2024 16:00,19,vpn.log,web_access
10-01-2024 17:00,22,webserver.log,web_access
10-01-2024 17:00,14,auth.log,vpn_connection
10-01-2024 17:00,23,firewall.log,vpn_connection
10-01-2024 17:00,27,vpn.log,web_access
10-01-2024 17:00,13,firewall.log,user_auth
10-01-2024 17:00,22,auth.log,web_access
10-01-2024 17:00,18,auth.log,vpn_connection
10-01-2024 17:00,20,webserver.log,firewall_event
10-01-2024 17:00,18,vpn.log,firewall_event
10-01-2024 17:00,18,firewall.log,vpn_connection
10-01-2024 17:00,20,firewall.log,web_access
10-01-2024 17:00,26,webserver.log,vpn_connection
10-01-2024 17:00,20,auth.log,firewall_event
10-01-2024 17:00,21,vpn.log,firewall_event
10-01-2024 18:00,28,vpn.log,firewall_event
10-01-2024 18:00,25,auth.log,vpn_connection
10-01-2024 18:00,17,webserver.log,user_auth
10-01-2024 18:00,22,webserver.log,user_auth
10-01-2024 18:00,20,webserver.log,user_auth
10-01-2024 18:00,19,firewall.log,web_access
10-01-2024 18:00,19,firewall.log,vpn_connection
10-01-2024 19:00,21,firewall.log,web_access
10-01-2024 19:00,19,auth.log,firewall_event
10-01-2024 19:00,18,auth.log,vpn_connection
10-01-2024 19:00,16,vpn.log,web_access
10-01-2024 19:00,26,auth.log,firewall_event
10-01-2024 19:00,21,firewall.log,vpn_connection
10-01-2024 20:00,21,auth.log,user_auth
10-01-2024 20:00,19,vpn.log,firewall_event
10-01-2024 20:00,25,vpn.log,user_auth
10-01-2024 20:00,23,firewall.log,vpn_connection
10-01-2024 20:00,20,auth.log,user_auth
10-01-2024 20:00,16,webserver.log,web_access
10-01-2024 20:00,395,vpn.log,firewall_event
10-01-2024 20:00,15,firewall.log,web_access
10-01-2024 20:00,27,auth.log,web_access
10-01-2024 20:00,22,vpn.log,web_access
10-01-2024 20:00,9,firewall.log,vpn_connection
10-01-2024 20:00,21,firewall.log,vpn_connection
10-01-2024 20:00,25,auth.log,web_access
10-01-2024 21:00,19,firewall.log,vpn_connection
10-01-2024 21:00,24,webserver.log,firewall_event
10-01-2024 21:00,25,auth.log,vpn_connection
10-01-2024 21:00,17,firewall.log,firewall_event
10-01-2024 21:00,16,auth.log,vpn_connection
10-01-2024 21:00,14,webserver.log,firewall_event
10-01-2024 21:00,20,vpn.log,vpn_connection
10-01-2024 21:00,315,auth.log,firewall_event
10-01-2024 21:00,24,webserver.log,firewall_event
10-01-2024 22:00,13,firewall.log,web_access
10-01-2024 22:00,17,vpn.log,firewall_event
10-01-2024 22:00,22,vpn.log,user_auth
10-01-2024 22:00,23,vpn.log,web_access
10-01-2024 22:00,14,webserver.log,user_auth
10-01-2024 22:00,26,vpn.log,firewall_event
10-01-2024 22:00,22,auth.log,web_access
10-01-2024 22:00,22,vpn.log,web_access
10-01-2024 23:00,21,firewall.log,user_auth
10-01-2024 23:00,20,auth.log,web_access
10-01-2024 23:00,15,auth.log,vpn_connection
10-01-2024 23:00,17,vpn.log,web_access
10-01-2024 23:00,21,webserver.log,user_auth
10-01-2024 23:00,22,webserver.log,vpn_connection
10-01-2024 23:00,20,firewall.log,vpn_connection
10-01-2024 23:00,23,auth.log,web_access
10-01-2024 23:00,23,webserver.log,web_access
10-01-2024 23:00,19,auth.log,firewall_event
10-01-2024 23:00,22,auth.log,vpn_connection
10-01-2024 23:00,17,firewall.log,web_access
10-01-2024 23:00,16,vpn.log,web_access
10-01-2024 23:00,13,firewall.log,user_auth
11-01-2024 00:00,28,vpn.log,user_auth
11-01-2024 00:00,24,vpn.log,web_access
11-01-2024 00:00,19,webserver.log,user_auth
11-01-2024 00:00,22,webserver.log,firewall_event
11-01-2024 00:00,22,firewall.log,firewall_event
11-01-2024 01:00,16,firewall.log,vpn_connection
11-01-2024 01:00,19,vpn.log,firewall_event
11-01-2024 01:00,25,vpn.log,firewall_event
11-01-2024 01:00,18,auth.log,vpn_connection
11-01-2024 01:00,25,firewall.log,firewall_event
11-01-2024 01:00,25,auth.log,user_auth
11-01-2024 01:00,19,webserver.log,firewall_event
11-01-2024 01:00,13,webserver.log,vpn_connection
11-01-2024 01:00,17,firewall.log,firewall_event
11-01-2024 01:00,19,vpn.log,user_auth
11-01-2024 01:00,27,firewall.log,user_auth
11-01-2024 01:00,18,firewall.log,web_access
11-01-2024 01:00,18,auth.log,web_access
11-01-2024 01:00,19,firewall.log,web_access
11-01-2024 02:00,18,firewall.log,firewall_event
11-01-2024 02:00,19,webserver.log,firewall_event
11-01-2024 02:00,22,vpn.log,firewall_event
11-01-2024 02:00,21,firewall.log,vpn_connection
11-01-2024 02:00,20,auth.log,vpn_connection
11-01-2024 02:00,16,vpn.log,vpn_connection
11-01-2024 02:00,23,vpn.log,user_auth
11-01-2024 02:00,26,firewall.log,web_access
11-01-2024 02:00,27,auth.log,user_auth
11-01-2024 02:00,19,firewall.log,vpn_connection
11-01-2024 02:00,21,vpn.log,user_auth
11-01-2024 02:00,23,webserver.log,vpn_connection
11-01-2024 03:00,19,auth.log,web_access
11-01-2024 03:00,16,webserver.log,web_access
11-01-2024 03:00,17,webserver.log,user_auth
11-01-2024 03:00,344,auth.log,web_access
11-01-2024 03:00,28,vpn.log,vpn_connection
11-01-2024 03:00,24,auth.log,web_access
11-01-2024 03:00,18,webserver.log,user_auth
11-01-2024 03:00,19,auth.log,user_auth
11-01-2024 03:00,17,firewall.log,firewall_event
11-01-2024 03:00,22,webserver.log,firewall_event
11-01-2024 04:00,14,vpn.log,web_access
11-01-2024 04:00,18,firewall.log,web_access
11-01-2024 04:00,13,vpn.log,vpn_connection
11-01-2024 04:00,26,webserver.log,firewall_event
11-01-2024 04:00,21,webserver.log,vpn_connection
11-01-2024 04:00,13,firewall.log,firewall_event
11-01-2024 04:00,22,auth.log,web_access
11-01-2024 04:00,16,vpn.log,vpn_connection
11-01-2024 04:00,14,webserver.log,web_access
11-01-2024 04:00,17,vpn.log,vpn_connection
11-01-2024 04:00,20,webserver.log,web_access
11-01-2024 04:00,18,firewall.log,user_auth
11-01-2024 04:00,23,vpn.log,firewall_event
11-01-2024 04:00,18,webserver.log,user_auth
11-01-2024 05:00,509,vpn.log,user_auth
11-01-2024 05:00,29,firewall.log,web_access
11-01-2024 05:00,16,firewall.log,user_auth
11-01-2024 05:00,17,firewall.log,firewall_event
11-01-2024 05:00,24,webserver.log,web_access
11-01-2024 05:00,18,auth.log,user_auth
11-01-2024 05:00,17,firewall.log,vpn_connection
11-01-2024 05:00,26,firewall.log,user_auth
11-01-2024 05:00,27,firewall.log,web_access
11-01-2024 05:00,18,firewall.log,web_access
11-01-2024 05:00,20,vpn.log,web_access
11-01-2024 05:00,24,vpn.log,vpn_connection
11-01-2024 06:00,23,firewall.log,user_auth
11-01-2024 06:00,15,auth.log,firewall_event
11-01-2024 06:00,18,vpn.log,user_auth
11-01-2024 06:00,21,webserver.log,user_auth
11-01-2024 06:00,19,vpn.log,vpn_connection
11-01-2024 06:00,24,webserver.log,firewall_event
11-01-2024 06:00,24,auth.log,firewall_event
11-01-2024 06:00,18,auth.log,web_access
11-01-2024 06:00,18,firewall.log,user_auth
11-01-2024 07:00,26,auth.log,vpn_connection
11-01-2024 07:00,21,vpn.log,user_auth
11-01-2024 07:00,19,vpn.log,user_auth
11-01-2024 07:00,13,auth.log,vpn_connection
11-01-2024 07:00,23,vpn.log,vpn_connection
11-01-2024 07:00,20,firewall.log,web_access
11-01-2024 07:00,14,auth.log,web_access
11-01-2024 07:00,24,firewall.log,firewall_event
11-01-2024 07:00,22,auth.log,user_auth
11-01-2024 07:00,28,webserver.log,web_access
11-01-2024 07:00,15,vpn.log,web_access
11-01-2024 07:00,15,webserver.log,firewall_event
11-01-2024 07:00,23,webserver.log,vpn_connection
11-01-2024 07:00,23,webserver.log,user_auth
11-01-2024 08:00,19,vpn.log,user_auth
11-01-2024 08:00,19,firewall.log,vpn_connection
11-01-2024 08:00,18,vpn.log,web_access
11-01-2024 08:00,15,vpn.log,firewall_event
11-01-2024 08:00,26,firewall.log,firewall_event
11-01-2024 08:00,20,vpn.log,vpn_connection
11-01-2024 08:00,18,webserver.log,firewall_event
11-01-2024 08:00,25,webserver.log,firewall_event
11-01-2024 08:00,22,webserver.log,user_auth
11-01-2024 08:00,19,auth.log,firewall_event
11-01-2024 09:00,23,webserver.log,vpn_connection
11-01-2024 09:00,15,vpn.log,vpn_connection
11-01-2024 09:00,19,webserver.log,user_auth
11-01-2024 09:00,22,vpn.log,firewall_event
11-01-2024 09:00,18,auth.log,firewall_event
11-01-2024 09:00,21,webserver.log,vpn_connection
11-01-2024 09:00,23,firewall.log,web_access
11-01-2024 09:00,21,vpn.log,web_access
11-01-2024 09:00,31,firewall.log,user_auth
11-01-2024 09:00,21,firewall.log,firewall_event
11-01-2024 09:00,16,auth.log,web_access
11-01-2024 09:00,20,webserver.log,firewall_event
11-01-2024 09:00,19,firewall.log,web_access
11-01-2024 10:00,21,auth.log,vpn_connection
11-01-2024 10:00,21,auth.log,firewall_event
11-01-2024 10:00,17,webserver.log,user_auth
11-01-2024 10:00,17,firewall.log,vpn_connection
11-01-2024 10:00,21,vpn.log,user_auth
11-01-2024 10:00,31,firewall.log,firewall_event
11-01-2024 10:00,19,vpn.log,web_access
11-01-2024 10:00,22,webserver.log,user_auth
11-01-2024 10:00,23,auth.log,vpn_connection
11-01-2024 10:00,14,firewall.log,web_access
11-01-2024 10:00,14,webserver.log,web_access
11-01-2024 10:00,29,webserver.log,vpn_connection
11-01-2024 11:00,25,webserver.log,firewall_event
11-01-2024 11:00,22,webserver.log,user_auth
11-01-2024 11:00,13,firewall.log,web_access
11-01-2024 11:00,32,vpn.log,vpn_connection
11-01-2024 11:00,11,webserver.log,user_auth
11-01-2024 11:00,23,vpn.log,firewall_event
11-01-2024 11:00,24,auth.log,vpn_connection
11-01-2024 12:00,19,auth.log,vpn_connection
11-01-2024 12:00,14,vpn.log,user_auth
11-01-2024 12:00,28,webserver.log,web_access
11-01-2024 12:00,26,auth.log,vpn_connection
11-01-2024 12:00,19,vpn.log,vpn_connection
11-01-2024 12:00,26,vpn.log,vpn_connection
11-01-2024 12:00,28,webserver.log,vpn_connection
11-01-2024 12:00,24,auth.log,vpn_connection
11-01-2024 12:00,26,vpn.log,web_access
11-01-2024 12:00,10,firewall.log,firewall_event
11-01-2024 12:00,20,vpn.log,web_access
11-01-2024 12:00,15,vpn.log,firewall_event
11-01-2024 12:00,22,webserver.log,user_auth
11-01-2024 13:00,19,auth.log,web_access
11-01-2024 13:00,24,auth.log,web_access
11-01-2024 13:00,20,vpn.log,vpn_connection
11-01-2024 13:00,22,firewall.log,vpn_connection
11-01-2024 13:00,19,vpn.log,firewall_event
11-01-2024 13:00,18,webserver.log,vpn_connection
11-01-2024 13:00,27,vpn.log,vpn_connection
11-01-2024 13:00,19,firewall.log,web_access
11-01-2024 13:00,20,firewall.log,user_auth
11-01-2024 13:00,27,vpn.log,user_auth
11-01-2024 13:00,18,webserver.log,vpn_connection
11-01-2024 13:00,17,auth.log,user_auth
11-01-2024 14:00,15,auth.log,vpn_connection
11-01-2024 14:00,17,vpn.log,vpn_connection
11-01-2024 14:00,16,vpn.log,firewall_event
11-01-2024 14:00,20,auth.log,firewall_event
11-01-2024 14:00,27,webserver.log,user_auth
11-01-2024 14:00,20,vpn.log,vpn_connection
11-01-2024 14:00,22,vpn.log,firewall_event
11-01-2024 14:00,26,vpn.log,user_auth
11-01-2024 14:00,19,auth.log,web_access
11-01-2024 15:00,15,auth.log,vpn_connection
11-01-2024 15:00,19,auth.log,user_auth
11-01-2024 15:00,24,firewall.log,user_auth
11-01-2024 15:00,22,webserver.log,user_auth
11-01-2024 15:00,18,firewall.log,firewall_event
11-01-2024 15:00,19,auth.log,user_auth
11-01-2024 15:00,25,firewall.log,vpn_connection
11-01-2024 15:00,20,auth.log,firewall_event
11-01-2024 15:00,18,auth.log,firewall_event
11-01-2024 15:00,21,vpn.log,web_access
11-01-2024 15:00,28,auth.log,user_auth
11-01-2024 15:00,22,webserver.log,web_access
11-01-2024 15:00,20,auth.log,vpn_connection
11-01-2024 16:00,20,auth.log,web_access
11-01-2024 16:00,26,firewall.log,vpn_connection
11-01-2024 16:00,21,auth.log,user_auth
11-01-2024 16:00,15,firewall.log,firewall_event
11-01-2024 16:00,30,vpn.log,vpn_connection
11-01-2024 16:00,16,auth.log,user_auth
11-01-2024 16:00,14,webserver.log,user_auth
11-01-2024 16:00,14,firewall.log,vpn_connection
11-01-2024 17:00,18,auth.log,vpn_connection
11-01-2024 17:00,13,auth.log,firewall_event
11-01-2024 17:00,19,webserver.log,web_access
11-01-2024 17:00,21,vpn.log,firewall_event
11-01-2024 17:00,28,firewall.log,firewall_event
11-01-2024 18:00,22,auth.log,web_access
11-01-2024 18:00,26,firewall.log,user_auth
11-01-2024 18:00,22,vpn.log,user_auth
11-01-2024 18:00,25,auth.log,firewall_event
11-01-2024 18:00,11,vpn.log,web_access
11-01-2024 18:00,22,vpn.log,vpn_connection
11-01-2024 18:00,29,vpn.log,vpn_connection
11-01-2024 18:00,22,firewall.log,user_auth
11-01-2024 18:00,19,webserver.log,web_access
11-01-2024 18:00,17,auth.log,web_access
11-01-2024 18:00,14,vpn.log,firewall_event
11-01-2024 18:00,15,vpn.log,vpn_connection
11-01-2024 18:00,23,firewall.log,web_access
11-01-2024 19:00,13,firewall.log,user_auth
11-01-2024 19:00,21,auth.log,user_auth
11-01-2024 19:00,25,firewall.log,user_auth
11-01-2024 19:00,16,vpn.log,vpn_connection
11-01-2024 19:00,22,auth.log,user_auth
11-01-2024 19:00,15,auth.log,user_auth
11-01-2024 19:00,14,firewall.log,firewall_event
11-01-2024 19:00,16,vpn.log,web_access
11-01-2024 20:00,23,vpn.log,firewall_event
11-01-2024 20:00,17,vpn.log,vpn_connection
11-01-2024 20:00,25,firewall.log,web_access
11-01-2024 20:00,19,firewall.log,vpn_connection
11-01-2024 20:00,14,firewall.log,web_access
11-01-2024 20:00,18,webserver.log,firewall_event
11-01-2024 20:00,22,firewall.log,firewall_event
11-01-2024 20:00,20,auth.log,vpn_connection
11-01-2024 20:00,20,vpn.log,web_access
11-01-2024 20:00,21,vpn.log,user_auth
11-01-2024 20:00,16,webserver.log,firewall_event
11-01-2024 21:00,19,firewall.log,web_access
11-01-2024 21:00,22,webserver.log,web_access
11-01-2024 21:00,18,auth.log,firewall_event
11-01-2024 21:00,14,auth.log,firewall_event
11-01-2024 21:00,17,webserver.log,user_auth
11-01-2024 21:00,18,vpn.log,firewall_event
11-01-2024 21:00,19,webserver.log,web_access
11-01-2024 21:00,29,auth.log,vpn_connection
11-01-2024 21:00,21,vpn.log,firewall_event
11-01-2024 21:00,21,firewall.log,firewall_event
11-01-2024 21:00,26,auth.log,web_access
11-01-2024 22:00,22,auth.log,web_access
11-01-2024 22:00,20,webserver.log,web_access
11-01-2024 22:00,19,vpn.log,user_auth
11-01-2024 22:00,19,auth.log,user_auth
11-01-2024 22:00,16,vpn.log,vpn_connection
11-01-2024 22:00,22,webserver.log,vpn_connection
11-01-2024 22:00,21,firewall.log,firewall_event
11-01-2024 23:00,28,firewall.log,user_auth
11-01-2024 23:00,328,firewall.log,vpn_connection
11-01-2024 23:00,19,auth.log,user_auth
11-01-2024 23:00,19,firewall.log,web_access
11-01-2024 23:00,17,webserver.log,vpn_connection
12-01-2024 00:00,21,firewall.log,vpn_connection
12-01-2024 00:00,18,webserver.log,web_access
12-01-2024 00:00,24,firewall.log,web_access
12-01-2024 00:00,22,webserver.log,web_access
12-01-2024 00:00,16,firewall.log,firewall_event
12-01-2024 00:00,20,webserver.log,web_access
12-01-2024 00:00,21,auth.log,firewall_event
12-01-2024 00:00,21,vpn.log,vpn_connection
12-01-2024 00:00,21,webserver.log,web_access
12-01-2024 00:00,18,auth.log,user_auth
12-01-2024 00:00,22,firewall.log,vpn_connection
12-01-2024 00:00,13,auth.log,vpn_connection
12-01-2024 01:00,14,auth.log,web_access
12-01-2024 01:00,17,auth.log,user_auth
12-01-2024 01:00,17,firewall.log,web_access
12-01-2024 01:00,26,webserver.log,firewall_event
12-01-2024 01:00,16,vpn.log,web_access
12-01-2024 01:00,15,webserver.log,firewall_event
12-01-2024 02:00,21,vpn.log,web_access
12-01-2024 02:00,23,firewall.log,web_access
12-01-2024 02:00,14,auth.log,vpn_connection
12-01-2024 02:00,12,auth.log,vpn_connection
12-01-2024 02:00,18,firewall.log,web_access
12-01-2024 02:00,18,webserver.log,firewall_event
12-01-2024 02:00,22,webserver.log,user_auth
12-01-2024 02:00,23,firewall.log,user_auth
12-01-2024 02:00,25,vpn.log,web_access
12-01-2024 03:00,22,auth.log,web_access
12-01-2024 03:00,24,vpn.log,web_access
12-01-2024 03:00,10,vpn.log,firewall_event
12-01-2024 03:00,21,webserver.log,firewall_event
12-01-2024 03:00,15,vpn.log,firewall_event
12-01-2024 03:00,28,auth.log,firewall_event
12-01-2024 03:00,27,auth.log,vpn_connection
12-01-2024 04:00,25,vpn.log,web_access
12-01-2024 04:00,17,auth.log,web_access
12-01-2024 04:00,17,webserver.log,vpn_connection
12-01-2024 04:00,21,firewall.log,vpn_connection
12-01-2024 04:00,19,vpn.log,firewall_event
12-01-2024 04:00,18,auth.log,user_auth
12-01-2024 04:00,23,firewall.log,firewall_event
12-01-2024 04:00,23,webserver.log,firewall_event
12-01-2024 04:00,16,firewall.log,web_access
12-01-2024 04:00,19,auth.log,firewall_event
12-01-2024 05:00,28,firewall.log,web_access
12-01-2024 05:00,17,firewall.log,web_access
12-01-2024 05:00,23,vpn.log,web_access
12-01-2024 05:00,29,vpn.log,vpn_connection
12-01-2024 05:00,23,webserver.log,web_access
12-01-2024 05:00,17,webserver.log,user_auth
12-01-2024 06:00,17,firewall.log,web_access
12-01-2024 06:00,22,vpn.log,vpn_connection
12-01-2024 06:00,20,webserver.log,firewall_event
12-01-2024 06:00,23,firewall.log,firewall_event
12-01-2024 06:00,23,vpn.log,web_access
12-01-2024 06:00,22,webserver.log,web_access
12-01-2024 07:00,21,vpn.log,web_access
12-01-2024 07:00,20,vpn.log,vpn_connection
12-01-2024 07:00,26,firewall.log,web_access
12-01-2024 07:00,29,webserver.log,user_auth
12-01-2024 07:00,24,firewall.log,vpn_connection
12-01-2024 07:00,14,firewall.log,user_auth
12-01-2024 07:00,25,firewall.log,firewall_event
12-01-2024 08:00,23,auth.log,firewall_event
12-01-2024 08:00,21,firewall.log,user_auth
12-01-2024 08:00,21,auth.log,vpn_connection
12-01-2024 08:00,19,auth.log,web_access
12-01-2024 08:00,21,webserver.log,web_access
12-01-2024 08:00,16,vpn.log,firewall_event
12-01-2024 08:00,22,auth.log,vpn_connection
12-01-2024 08:00,24,firewall.log,user_auth
12-01-2024 08:00,18,firewall.log,user_auth
12-01-2024 08:00,21,webserver.log,user_auth
12-01-2024 08:00,22,auth.log,vpn_connection
12-01-2024 09:00,19,vpn.log,vpn_connection
12-01-2024 09:00,20,webserver.log,web_access
12-01-2024 09:00,15,auth.log,vpn_connection
12-01-2024 09:00,21,webserver.log,web_access
12-01-2024 09:00,27,auth.log,user_auth
12-01-2024 09:00,15,firewall.log,firewall_event
12-01-2024 09:00,17,auth.log,firewall_event
12-01-2024 09:00,12,webserver.log,user_auth
12-01-2024 09:00,16,auth.log,vpn_connection
12-01-2024 10:00,19,webserver.log,web_access
12-01-2024 10:00,22,vpn.log,firewall_event
12-01-2024 10:00,23,auth.log,firewall_event
12-01-2024 10:00,13,webserver.log,firewall_event
12-01-2024 10:00,22,webserver.log,user_auth
12-01-2024 10:00,19,auth.log,user_auth
12-01-2024 10:00,28,vpn.log,vpn_connection
12-01-2024 11:00,24,vpn.log,user_auth
12-01-2024 11:00,29,auth.log,firewall_event
12-01-2024 11:00,20,webserver.log,vpn_connection
12-01-2024 11:00,14,auth.log,user_auth
12-01-2024 11:00,20,webserver.log,vpn_connection
12-01-2024 11:00,28,vpn.log,firewall_event
12-01-2024 11:00,18,auth.log,firewall_event
12-01-2024 11:00,19,auth.log,web_access
12-01-2024 11:00,20,firewall.log,user_auth
12-01-2024 11:00,23,vpn.log,web_access
12-01-2024 12:00,16,auth.log,firewall_event
12-01-2024 12:00,17,firewall.log,user_auth
12-01-2024 12:00,19,webserver.log,user_auth
12-01-2024 12:00,16,firewall.log,firewall_event
12-01-2024 12:00,17,vpn.log,vpn_connection
12-01-2024 12:00,19,firewall.log,vpn_connection
12-01-2024 12:00,17,vpn.log,user_auth
12-01-2024 12:00,24,webserver.log,user_auth
12-01-2024 12:00,22,auth.log,vpn_connection
12-01-2024 13:00,29,vpn.log,web_access
12-01-2024 13:00,25,webserver.log,web_access
12-01-2024 13:00,25,auth.log,web_access
12-01-2024 13:00,20,firewall.log,firewall_event
12-01-2024 13:00,13,auth.log,vpn_connection
12-01-2024 13:00,25,webserver.log,firewall_event
12-01-2024 13:00,14,webserver.log,firewall_event
12-01-2024 13:00,15,firewall.log,web_access
12-01-2024 14:00,23,firewall.log,web_access
12-01-2024 14:00,21,firewall.log,vpn_connection
12-01-2024 14:00,30,auth.log,user_auth
12-01-2024 14:00,22,webserver.log,user_auth
12-01-2024 14:00,19,auth.log,user_auth
12-01-2024 14:00,25,auth.log,vpn_connection
12-01-2024 14:00,18,vpn.log,user_auth
12-01-2024 14:00,20,vpn.log,vpn_connection
12-01-2024 14:00,23,auth.log,web_access
12-01-2024 14:00,23,auth.log,vpn_connection
12-01-2024 15:00,20,webserver.log,vpn_connection
12-01-2024 15:00,21,vpn.log,firewall_event
12-01-2024 15:00,19,firewall.log,firewall_event
12-01-2024 15:00,16,vpn.log,user_auth
12-01-2024 15:00,23,auth.log,vpn_connection
12-01-2024 15:00,15,firewall.log,vpn_connection
12-01-2024 15:00,14,auth.log,user_auth
12-01-2024 15:00,10,auth.log,vpn_connection
12-01-2024 15:00,25,auth.log,user_auth
12-01-2024 15:00,19,auth.log,user_auth
12-01-2024 15:00,20,webserver.log,vpn_connection
12-01-2024 15:00,28,vpn.log,user_auth
12-01-2024 15:00,23,firewall.log,user_auth
12-01-2024 16:00,27,vpn.log,web_access
12-01-2024 16:00,226,auth.log,web_access
12-01-2024 16:00,20,firewall.log,firewall_event
12-01-2024 16:00,17,auth.log,web_access
12-01-2024 16:00,15,firewall.log,user_auth
12-01-2024 16:00,20,firewall.log,vpn_connection
12-01-2024 16:00,15,webserver.log,user_auth
12-01-2024 16:00,13,firewall.log,firewall_event
12-01-2024 16:00,21,vpn.log,user_auth
12-01-2024 16:00,20,firewall.log,web_access
12-01-2024 16:00,21,firewall.log,web_access
12-01-2024 17:00,21,firewall.log,user_auth
12-01-2024 17:00,28,auth.log,user_auth
12-01-2024 17:00,21,webserver.log,user_auth
12-01-2024 17:00,14,webserver.log,web_access
12-01-2024 17:00,23,webserver.log,vpn_connection
12-01-2024 17:00,21,firewall.log,web_access
12-01-2024 17:00,17,webserver.log,firewall_event
12-01-2024 17:00,12,auth.log,vpn_connection
12-01-2024 17:00,12,firewall.log,web_access
12-01-2024 18:00,20,firewall.log,web_access
12-01-2024 18:00,20,auth.log,firewall_event
12-01-2024 18:00,16,vpn.log,firewall_event
12-01-2024 18:00,17,webserver.log,web_access
12-01-2024 18:00,17,vpn.log,web_access
12-01-2024 18:00,425,webserver.log,web_access
12-01-2024 18:00,19,firewall.log,firewall_event
12-01-2024 18:00,17,vpn.log,vpn_connection
12-01-2024 19:00,21,auth.log,web_access
12-01-2024 19:00,19,vpn.log,web_access
12-01-2024 19:00,15,vpn.log,user_auth
12-01-2024 19:00,21,vpn.log,firewall_event
12-01-2024 19:00,14,webserver.log,firewall_event
12-01-2024 19:00,16,vpn.log,vpn_connection
12-01-2024 19:00,17,auth.log,user_auth
12-01-2024 19:00,25,auth.log,vpn_connection
12-01-2024 19:00,15,auth.log,vpn_connection
12-01-2024 20:00,28,vpn.log,web_access
12-01-2024 20:00,19,firewall.log,web_access
12-01-2024 20:00,24,firewall.log,firewall_event
12-01-2024 20:00,15,vpn.log,user_auth
12-01-2024 20:00,20,auth.log,user_auth
12-01-2024 20:00,14,webserver.log,user_auth
12-01-2024 20:00,30,vpn.log,user_auth
12-01-2024 20:00,23,auth.log,user_auth
12-01-2024 20:00,25,webserver.log,vpn_connection
12-01-2024 20:00,23,auth.log,firewall_event
12-01-2024 20:00,12,webserver.log,user_auth
12-01-2024 20:00,18,auth.log,web_access
12-01-2024 20:00,26,firewall.log,firewall_event
12-01-2024 20:00,19,webserver.log,user_auth
12-01-2024 21:00,18,webserver.log,web_access
12-01-2024 21:00,10,webserver.log,web_access
12-01-2024 21:00,21,firewall.log,web_access
12-01-2024 21:00,29,auth.log,user_auth
12-01-2024 21:00,19,vpn.log,vpn_connection
12-01-2024 21:00,20,webserver.log,vpn_connection
12-01-2024 21:00,19,webserver.log,firewall_event
12-01-2024 21:00,20,firewall.log,firewall_event
12-01-2024 21:00,19,firewall.log,user_auth
12-01-2024 21:00,15,firewall.log,firewall_event
12-01-2024 22:00,25,auth.log,web_access
12-01-2024 22:00,15,vpn.log,web_access
12-01-2024 22:00,19,webserver.log,vpn_connection
12-01-2024 22:00,25,firewall.log,firewall_event
12-01-2024 22:00,19,firewall.log,firewall_event
12-01-2024 22:00,28,vpn.log,firewall_event
12-01-2024 22:00,24,firewall.log,firewall_event
12-01-2024 22:00,25,vpn.log,user_auth
12-01-2024 22:00,27,vpn.log,firewall_event
12-01-2024 23:00,20,vpn.log,web_access
12-01-2024 23:00,18,webserver.log,user_auth
12-01-2024 23:00,20,firewall.log,user_auth
12-01-2024 23:00,17,webserver.log,user_auth
12-01-2024 23:00,16,webserver.log,web_access
12-01-2024 23:00,29,vpn.log,firewall_event
12-01-2024 23:00,25,webserver.log,firewall_event
12-01-2024 23:00,17,auth.log,user_auth
12-01-2024 23:00,23,webserver.log,firewall_event
12-01-2024 23:00,23,webserver.log,web_access
13-01-2024 00:00,18,vpn.log,user_auth
13-01-2024 00:00,12,firewall.log,user_auth
13-01-2024 00:00,20,vpn.log,user_auth
13-01-2024 00:00,25,vpn.log,user_auth
13-01-2024 00:00,17,firewall.log,vpn_connection
13-01-2024 00:00,19,auth.log,vpn_connection
13-01-2024 00:00,19,firewall.log,user_auth
13-01-2024 01:00,14,webserver.log,firewall_event
13-01-2024 01:00,16,firewall.log,firewall_event
13-01-2024 01:00,27,firewall.log,web_access
13-01-2024 01:00,20,auth.log,firewall_event
13-01-2024 01:00,22,auth.log,vpn_connection
13-01-2024 01:00,20,firewall.log,firewall_event
13-01-2024 01:00,12,auth.log,web_access
13-01-2024 01:00,14,vpn.log,web_access
13-01-2024 02:00,25,auth.log,firewall_event
13-01-2024 02:00,14,auth.log,user_auth
13-01-2024 02:00,20,auth.log,user_auth
13-01-2024 02:00,21,firewall.log,vpn_connection
13-01-2024 02:00,420,firewall.log,user_auth
13-01-2024 02:00,25,auth.log,firewall_event
13-01-2024 02:00,17,webserver.log,web_access
13-01-2024 02:00,18,webserver.log,user_auth
13-01-2024 02:00,24,firewall.log,firewall_event
13-01-2024 02:00,15,webserver.log,web_access
13-01-2024 02:00,16,firewall.log,user_auth
13-01-2024 02:00,24,webserver.log,vpn_connection
13-01-2024 03:00,24,vpn.log,firewall_event
13-01-2024 03:00,21,auth.log,vpn_connection
13-01-2024 03:00,20,webserver.log,user_auth
13-01-2024 03:00,16,firewall.log,web_access
13-01-2024 03:00,16,auth.log,firewall_event
13-01-2024 03:00,17,auth.log,vpn_connection
13-01-2024 03:00,28,vpn.log,firewall_event
13-01-2024 03:00,28,vpn.log,firewall_event
13-01-2024 03:00,14,vpn.log,user_auth
13-01-2024 03:00,24,auth.log,firewall_event
13-01-2024 03:00,14,webserver.log,user_auth
13-01-2024 03:00,23,auth.log,firewall_event
13-01-2024 04:00,17,firewall.log,web_access
13-01-2024 04:00,26,firewall.log,web_access
13-01-2024 04:00,21,firewall.log,user_auth
13-01-2024 04:00,23,firewall.log,vpn_connection
13-01-2024 04:00,10,auth.log,vpn_connection
13-01-2024 04:00,18,vpn.log,firewall_event
13-01-2024 04:00,24,firewall.log,vpn_connection
13-01-2024 04:00,22,auth.log,firewall_event
13-01-2024 05:00,18,auth.log,firewall_event
13-01-2024 05:00,11,vpn.log,vpn_connection
13-01-2024 05:00,20,firewall.log,vpn_connection
13-01-2024 05:00,18,firewall.log,web_access
13-01-2024 05:00,20,firewall.log,user_auth
13-01-2024 05:00,23,vpn.log,firewall_event
13-01-2024 05:00,15,firewall.log,firewall_event
13-01-2024 05:00,17,auth.log,vpn_connection
13-01-2024 05:00,13,firewall.log,vpn_connection
13-01-2024 05:00,23,auth.log,web_access
13-01-2024 05:00,21,auth.log,web_access
13-01-2024 05:00,11,firewall.log,vpn_connection
13-01-2024 05:00,24,webserver.log,vpn_connection
13-01-2024 06:00,23,firewall.log,vpn_connection
13-01-2024 06:00,22,webserver.log,firewall_event
13-01-2024 06:00,14,firewall.log,web_access
13-01-2024 06:00,361,vpn.log,user_auth
13-01-2024 06:00,21,vpn.log,web_access
13-01-2024 06:00,14,vpn.log,user_auth
13-01-2024 06:00,14,vpn.log,firewall_event
13-01-2024 06:00,18,vpn.log,firewall_event
13-01-2024 06:00,21,auth.log,vpn_connection
13-01-2024 06:00,22,firewall.log,user_auth
13-01-2024 06:00,22,firewall.log,firewall_event
13-01-2024 06:00,17,firewall.log,vpn_connection
13-01-2024 07:00,13,firewall.log,web_access
13-01-2024 07:00,26,auth.log,user_auth
13-01-2024 07:00,10,vpn.log,vpn_connection
13-01-2024 07:00,17,vpn.log,web_access
13-01-2024 07:00,17,auth.log,user_auth
13-01-2024 07:00,20,vpn.log,vpn_connection
13-01-2024 08:00,24,firewall.log,vpn_connection
13-01-2024 08:00,23,auth.log,firewall_event
13-01-2024 08:00,23,webserver.log,web_access
13-01-2024 08:00,17,auth.log,firewall_event
13-01-2024 08:00,23,vpn.log,vpn_connection
13-01-2024 08:00,18,firewall.log,firewall_event
13-01-2024 08:00,14,webserver.log,vpn_connection
13-01-2024 08:00,19,auth.log,vpn_connection
13-01-2024 09:00,18,webserver.log,firewall_event
13-01-2024 09:00,25,vpn.log,firewall_event
13-01-2024 09:00,20,vpn.log,user_auth
13-01-2024 09:00,30,auth.log,vpn_connection
13-01-2024 09:00,18,vpn.log,firewall_event
13-01-2024 09:00,21,firewall.log,web_access
13-01-2024 09:00,26,webserver.log,vpn_connection
13-01-2024 10:00,257,auth.log,web_access
13-01-2024 10:00,21,webserver.log,user_auth
13-01-2024 10:00,21,firewall.log,firewall_event
13-01-2024 10:00,23,firewall.log,vpn_connection
13-01-2024 10:00,16,vpn.log,firewall_event
13-01-2024 10:00,16,auth.log,firewall_event
13-01-2024 11:00,22,firewall.log,vpn_connection
13-01-2024 11:00,18,auth.log,web_access
13-01-2024 11:00,23,auth.log,vpn_connection
13-01-2024 11:00,14,webserver.log,vpn_connection
13-01-2024 11:00,20,firewall.log,web_access
13-01-2024 11:00,21,vpn.log,firewall_event
13-01-2024 11:00,15,vpn.log,user_auth
13-01-2024 11:00,14,vpn.log,user_auth
13-01-2024 11:00,21,vpn.log,firewall_event
13-01-2024 11:00,23,auth.log,user_auth
13-01-2024 11:00,11,firewall.log,user_auth
13-01-2024 11:00,17,vpn.log,vpn_connection
13-01-2024 12:00,18,auth.log,vpn_connection
13-01-2024 12:00,16,auth.log,web_access
13-01-2024 12:00,18,vpn.log,user_auth
13-01-2024 12:00,17,vpn.log,web_access
13-01-2024 12:00,15,webserver.log,vpn_connection
13-01-2024 12:00,23,webserver.log,vpn_connection
13-01-2024 12:00,15,firewall.log,firewall_event
13-01-2024 12:00,13,webserver.log,vpn_connection
13-01-2024 13:00,22,firewall.log,user_auth
13-01-2024 13:00,26,auth.log,user_auth
13-01-2024 13:00,19,vpn.log,web_access
13-01-2024 13:00,19,vpn.log,web_access
13-01-2024 13:00,22,vpn.log,vpn_connection
13-01-2024 14:00,17,vpn.log,firewall_event
13-01-2024 14:00,26,auth.log,user_auth
13-01-2024 14:00,25,vpn.log,user_auth
13-01-2024 14:00,15,auth.log,web_access
13-01-2024 14:00,20,firewall.log,user_auth
13-01-2024 14:00,18,vpn.log,vpn_connection
13-01-2024 14:00,19,webserver.log,user_auth
13-01-2024 14:00,19,vpn.log,vpn_connection
13-01-2024 14:00,22,firewall.log,user_auth
13-01-2024 14:00,26,firewall.log,firewall_event
13-01-2024 14:00,16,auth.log,firewall_event
13-01-2024 14:00,26,auth.log,user_auth
13-01-2024 15:00,19,auth.log,firewall_event
13-01-2024 15:00,20,auth.log,user_auth
13-01-2024 15:00,18,vpn.log,firewall_event
13-01-2024 15:00,15,firewall.log,user_auth
13-01-2024 15:00,22,vpn.log,vpn_connection
13-01-2024 15:00,22,webserver.log,web_access
13-01-2024 15:00,21,vpn.log,firewall_event
13-01-2024 15:00,19,firewall.log,user_auth
13-01-2024 15:00,22,webserver.log,vpn_connection
13-01-2024 15:00,20,auth.log,firewall_event
13-01-2024 15:00,20,auth.log,user_auth
13-01-2024 15:00,17,vpn.log,user_auth
13-01-2024 16:00,23,vpn.log,web_access
13-01-2024 16:00,17,auth.log,firewall_event
13-01-2024 16:00,26,firewall.log,user_auth
13-01-2024 16:00,21,webserver.log,firewall_event
13-01-2024 16:00,25,webserver.log,user_auth
13-01-2024 16:00,16,webserver.log,vpn_connection
13-01-2024 16:00,15,firewall.log,web_access
13-01-2024 16:00,16,firewall.log,web_access
13-01-2024 16:00,29,firewall.log,firewall_event
13-01-2024 16:00,20,auth.log,web_access
13-01-2024 16:00,22,auth.log,firewall_event
13-01-2024 16:00,29,webserver.log,web_access
13-01-2024 17:00,19,vpn.log,firewall_event
13-01-2024 17:00,18,vpn.log,vpn_connection
13-01-2024 17:00,13,webserver.log,vpn_connection
13-01-2024 17:00,22,firewall.log,user_auth
13-01-2024 17:00,19,vpn.log,vpn_connection
13-01-2024 17:00,13,webserver.log,web_access
13-01-2024 17:00,13,webserver.log,user_auth
13-01-2024 17:00,20,webserver.log,firewall_event
13-01-2024 17:00,22,firewall.log,web_access
13-01-2024 18:00,21,webserver.log,user_auth
13-01-2024 18:00,23,auth.log,firewall_event
13-01-2024 18:00,18,auth.log,web_access
13-01-2024 18:00,19,auth.log,web_access
13-01-2024 18:00,15,firewall.log,vpn_connection
13-01-2024 18:00,19,auth.log,firewall_event
13-01-2024 18:00,24,firewall.log,user_auth
13-01-2024 18:00,16,vpn.log,web_access
13-01-2024 19:00,17,firewall.log,firewall_event
13-01-2024 19:00,21,vpn.log,web_access
13-01-2024 19:00,8,firewall.log,vpn_connection
13-01-2024 19:00,17,auth.log,vpn_connection
13-01-2024 19:00,512,vpn.log,firewall_event
13-01-2024 19:00,20,webserver.log,user_auth
13-01-2024 19:00,19,vpn.log,user_auth
13-01-2024 19:00,18,webserver.log,user_auth
13-01-2024 19:00,25,auth.log,firewall_event
13-01-2024 19:00,21,webserver.log,vpn_connection
13-01-2024 19:00,20,firewall.log,firewall_event
13-01-2024 20:00,15,vpn.log,web_access
13-01-2024 20:00,23,auth.log,web_access
13-01-2024 20:00,27,webserver.log,user_auth
13-01-2024 20:00,20,auth.log,user_auth
13-01-2024 20:00,20,webserver.log,vpn_connection
13-01-2024 20:00,20,webserver.log,vpn_connection
13-01-2024 20:00,15,webserver.log,vpn_connection
13-01-2024 21:00,17,auth.log,web_access
13-01-2024 21:00,15,webserver.log,firewall_event
13-01-2024 21:00,16,vpn.log,web_access
13-01-2024 21:00,25,webserver.log,user_auth
13-01-2024 21:00,19,vpn.log,vpn_connection
13-01-2024 21:00,19,webserver.log,vpn_connection
13-01-2024 22:00,17,vpn.log,vpn_connection
13-01-2024 22:00,25,vpn.log,vpn_connection
13-01-2024 22:00,22,firewall.log,firewall_event
13-01-2024 22:00,19,webserver.log,vpn_connection
13-01-2024 22:00,28,auth.log,web_access
13-01-2024 22:00,15,webserver.log,vpn_connection
13-01-2024 22:00,10,vpn.log,firewall_event
13-01-2024 22:00,17,webserver.log,web_access
13-01-2024 22:00,17,vpn.log,web_access
13-01-2024 22:00,21,auth.log,vpn_connection
13-01-2024 22:00,19,webserver.log,firewall_event
13-01-2024 22:00,20,firewall.log,user_auth
13-01-2024 22:00,15,auth.log,vpn_connection
13-01-2024 23:00,22,auth.log,web_access
13-01-2024 23:00,16,vpn.log,firewall_event
13-01-2024 23:00,18,webserver.log,web_access
13-01-2024 23:00,23,auth.log,web_access
13-01-2024 23:00,19,vpn.log,user_auth
13-01-2024 23:00,25,webserver.log,firewall_event
14-01-2024 00:00,14,auth.log,firewall_event
14-01-2024 00:00,20,vpn.log,firewall_event
14-01-2024 00:00,8,webserver.log,firewall_event
14-01-2024 00:00,23,auth.log,vpn_connection
14-01-2024 00:00,19,auth.log,web_access
14-01-2024 00:00,23,firewall.log,web_access
14-01-2024 00:00,21,firewall.log,vpn_connection
