_time,count,source,sourcetype,is_anomaly
2024-01-01 00:00:00,24,firewall.log,firewall_event,0
2024-01-01 00:00:00,21,webserver.log,vpn_connection,0
2024-01-01 00:00:00,19,vpn.log,vpn_connection,0
2024-01-01 00:00:00,22,firewall.log,firewall_event,0
2024-01-01 00:00:00,29,auth.log,firewall_event,0
2024-01-01 00:00:00,270,firewall.log,firewall_event,1
2024-01-01 00:00:00,20,vpn.log,vpn_connection,0
2024-01-01 00:00:00,13,firewall.log,vpn_connection,0
2024-01-01 00:00:00,19,auth.log,vpn_connection,0
2024-01-01 00:00:00,21,auth.log,web_access,0
2024-01-01 00:00:00,16,firewall.log,vpn_connection,0
2024-01-01 01:00:00,17,auth.log,web_access,0
2024-01-01 01:00:00,20,webserver.log,vpn_connection,0
2024-01-01 01:00:00,21,vpn.log,web_access,0
2024-01-01 01:00:00,15,firewall.log,firewall_event,0
2024-01-01 01:00:00,18,auth.log,firewall_event,0
2024-01-01 01:00:00,18,webserver.log,web_access,0
2024-01-01 01:00:00,362,webserver.log,firewall_event,1
2024-01-01 01:00:00,15,auth.log,firewall_event,0
2024-01-01 01:00:00,21,auth.log,firewall_event,0
2024-01-01 01:00:00,27,webserver.log,web_access,0
2024-01-01 01:00:00,13,vpn.log,firewall_event,0
2024-01-01 01:00:00,22,firewall.log,vpn_connection,0
2024-01-01 02:00:00,20,webserver.log,firewall_event,0
2024-01-01 02:00:00,24,vpn.log,firewall_event,0
2024-01-01 02:00:00,20,auth.log,web_access,0
2024-01-01 02:00:00,17,auth.log,web_access,0
2024-01-01 02:00:00,16,vpn.log,web_access,0
2024-01-01 02:00:00,16,webserver.log,vpn_connection,0
2024-01-01 02:00:00,24,webserver.log,firewall_event,0
2024-01-01 03:00:00,27,vpn.log,vpn_connection,0
2024-01-01 03:00:00,27,vpn.log,user_auth,0
2024-01-01 03:00:00,16,auth.log,web_access,0
2024-01-01 03:00:00,26,vpn.log,web_access,0
2024-01-01 03:00:00,19,firewall.log,vpn_connection,0
2024-01-01 03:00:00,18,firewall.log,web_access,0
2024-01-01 03:00:00,20,auth.log,web_access,0
2024-01-01 03:00:00,16,firewall.log,vpn_connection,0
2024-01-01 04:00:00,22,webserver.log,vpn_connection,0
2024-01-01 04:00:00,19,auth.log,user_auth,0
2024-01-01 04:00:00,12,auth.log,vpn_connection,0
2024-01-01 04:00:00,24,webserver.log,vpn_connection,0
2024-01-01 04:00:00,19,vpn.log,web_access,0
2024-01-01 05:00:00,17,auth.log,user_auth,0
2024-01-01 05:00:00,21,webserver.log,vpn_connection,0
2024-01-01 05:00:00,20,vpn.log,user_auth,0
2024-01-01 05:00:00,15,firewall.log,firewall_event,0
2024-01-01 05:00:00,29,firewall.log,vpn_connection,0
2024-01-01 05:00:00,14,vpn.log,user_auth,0
2024-01-01 05:00:00,17,firewall.log,user_auth,0
2024-01-01 05:00:00,21,auth.log,user_auth,0
2024-01-01 05:00:00,27,webserver.log,firewall_event,0
2024-01-01 05:00:00,18,firewall.log,web_access,0
2024-01-01 05:00:00,26,webserver.log,firewall_event,0
2024-01-01 05:00:00,12,webserver.log,user_auth,0
2024-01-01 05:00:00,21,vpn.log,user_auth,0
2024-01-01 06:00:00,17,firewall.log,web_access,0
2024-01-01 06:00:00,15,vpn.log,firewall_event,0
2024-01-01 06:00:00,23,webserver.log,vpn_connection,0
2024-01-01 06:00:00,20,vpn.log,web_access,0
2024-01-01 06:00:00,20,vpn.log,firewall_event,0
2024-01-01 06:00:00,18,webserver.log,user_auth,0
2024-01-01 06:00:00,26,firewall.log,firewall_event,0
2024-01-01 07:00:00,18,webserver.log,web_access,0
2024-01-01 07:00:00,17,vpn.log,firewall_event,0
2024-01-01 07:00:00,17,vpn.log,firewall_event,0
2024-01-01 07:00:00,29,firewall.log,user_auth,0
2024-01-01 07:00:00,13,firewall.log,vpn_connection,0
2024-01-01 07:00:00,14,vpn.log,user_auth,0
2024-01-01 07:00:00,23,vpn.log,web_access,0
2024-01-01 07:00:00,18,auth.log,vpn_connection,0
2024-01-01 08:00:00,16,vpn.log,web_access,0
2024-01-01 08:00:00,15,auth.log,web_access,0
2024-01-01 08:00:00,19,auth.log,user_auth,0
2024-01-01 08:00:00,16,firewall.log,vpn_connection,0
2024-01-01 08:00:00,20,vpn.log,firewall_event,0
2024-01-01 08:00:00,19,webserver.log,firewall_event,0
2024-01-01 08:00:00,19,vpn.log,vpn_connection,0
2024-01-01 09:00:00,20,firewall.log,firewall_event,0
2024-01-01 09:00:00,17,firewall.log,vpn_connection,0
2024-01-01 09:00:00,25,firewall.log,firewall_event,0
2024-01-01 09:00:00,15,webserver.log,firewall_event,0
2024-01-01 09:00:00,21,vpn.log,web_access,0
2024-01-01 09:00:00,23,auth.log,vpn_connection,0
2024-01-01 10:00:00,15,vpn.log,user_auth,0
2024-01-01 10:00:00,13,vpn.log,user_auth,0
2024-01-01 10:00:00,24,auth.log,vpn_connection,0
2024-01-01 10:00:00,22,firewall.log,firewall_event,0
2024-01-01 10:00:00,26,auth.log,web_access,0
2024-01-01 10:00:00,28,auth.log,user_auth,0
2024-01-01 10:00:00,22,auth.log,firewall_event,0
2024-01-01 10:00:00,29,firewall.log,firewall_event,0
2024-01-01 10:00:00,24,auth.log,web_access,0
2024-01-01 10:00:00,14,firewall.log,vpn_connection,0
2024-01-01 10:00:00,22,vpn.log,vpn_connection,0
2024-01-01 11:00:00,18,auth.log,vpn_connection,0
2024-01-01 11:00:00,22,auth.log,vpn_connection,0
2024-01-01 11:00:00,20,webserver.log,user_auth,0
2024-01-01 11:00:00,29,vpn.log,firewall_event,0
2024-01-01 11:00:00,19,auth.log,firewall_event,0
2024-01-01 11:00:00,23,firewall.log,firewall_event,0
2024-01-01 12:00:00,26,firewall.log,vpn_connection,0
2024-01-01 12:00:00,22,vpn.log,user_auth,0
2024-01-01 12:00:00,18,auth.log,user_auth,0
2024-01-01 12:00:00,18,vpn.log,user_auth,0
2024-01-01 12:00:00,25,firewall.log,vpn_connection,0
2024-01-01 12:00:00,22,auth.log,firewall_event,0
2024-01-01 12:00:00,12,auth.log,web_access,0
2024-01-01 12:00:00,21,auth.log,web_access,0
2024-01-01 12:00:00,24,auth.log,user_auth,0
2024-01-01 12:00:00,11,vpn.log,vpn_connection,0
2024-01-01 12:00:00,19,webserver.log,vpn_connection,0
2024-01-01 12:00:00,27,firewall.log,firewall_event,0
2024-01-01 13:00:00,18,webserver.log,firewall_event,0
2024-01-01 13:00:00,18,firewall.log,user_auth,0
2024-01-01 13:00:00,21,vpn.log,firewall_event,0
2024-01-01 13:00:00,13,firewall.log,vpn_connection,0
2024-01-01 13:00:00,20,firewall.log,firewall_event,0
2024-01-01 13:00:00,14,vpn.log,user_auth,0
2024-01-01 13:00:00,18,firewall.log,vpn_connection,0
2024-01-01 13:00:00,12,firewall.log,firewall_event,0
2024-01-01 13:00:00,20,auth.log,web_access,0
2024-01-01 13:00:00,19,webserver.log,vpn_connection,0
2024-01-01 14:00:00,9,webserver.log,vpn_connection,0
2024-01-01 14:00:00,26,webserver.log,user_auth,0
2024-01-01 14:00:00,17,vpn.log,web_access,0
2024-01-01 14:00:00,18,auth.log,web_access,0
2024-01-01 14:00:00,23,firewall.log,firewall_event,0
2024-01-01 14:00:00,25,auth.log,firewall_event,0
2024-01-01 14:00:00,27,firewall.log,vpn_connection,0
2024-01-01 14:00:00,23,webserver.log,vpn_connection,0
2024-01-01 14:00:00,28,webserver.log,firewall_event,0
2024-01-01 14:00:00,15,vpn.log,web_access,0
2024-01-01 14:00:00,25,webserver.log,vpn_connection,0
2024-01-01 15:00:00,23,auth.log,web_access,0
2024-01-01 15:00:00,27,firewall.log,web_access,0
2024-01-01 15:00:00,24,firewall.log,vpn_connection,0
2024-01-01 15:00:00,16,webserver.log,firewall_event,0
2024-01-01 15:00:00,16,firewall.log,vpn_connection,0
2024-01-01 16:00:00,18,webserver.log,web_access,0
2024-01-01 16:00:00,20,vpn.log,web_access,0
2024-01-01 16:00:00,25,vpn.log,web_access,0
2024-01-01 16:00:00,26,auth.log,web_access,0
2024-01-01 16:00:00,22,firewall.log,firewall_event,0
2024-01-01 16:00:00,14,auth.log,web_access,0
2024-01-01 17:00:00,22,firewall.log,firewall_event,0
2024-01-01 17:00:00,23,webserver.log,vpn_connection,0
2024-01-01 17:00:00,27,webserver.log,vpn_connection,0
2024-01-01 17:00:00,23,auth.log,user_auth,0
2024-01-01 17:00:00,25,firewall.log,firewall_event,0
2024-01-01 17:00:00,18,firewall.log,vpn_connection,0
2024-01-01 18:00:00,20,firewall.log,web_access,0
2024-01-01 18:00:00,19,vpn.log,user_auth,0
2024-01-01 18:00:00,23,vpn.log,firewall_event,0
2024-01-01 18:00:00,21,webserver.log,web_access,0
2024-01-01 18:00:00,18,firewall.log,web_access,0
2024-01-01 18:00:00,21,vpn.log,vpn_connection,0
2024-01-01 18:00:00,27,firewall.log,web_access,0
2024-01-01 19:00:00,13,auth.log,vpn_connection,0
2024-01-01 19:00:00,20,vpn.log,vpn_connection,0
2024-01-01 19:00:00,12,vpn.log,user_auth,0
2024-01-01 19:00:00,20,firewall.log,vpn_connection,0
2024-01-01 19:00:00,24,webserver.log,user_auth,0
2024-01-01 19:00:00,11,vpn.log,web_access,0
2024-01-01 19:00:00,23,vpn.log,firewall_event,0
2024-01-01 19:00:00,18,auth.log,firewall_event,0
2024-01-01 19:00:00,23,auth.log,vpn_connection,0
2024-01-01 19:00:00,25,vpn.log,user_auth,0
2024-01-01 19:00:00,16,webserver.log,web_access,0
2024-01-01 19:00:00,18,vpn.log,vpn_connection,0
2024-01-01 19:00:00,21,firewall.log,vpn_connection,0
2024-01-01 20:00:00,19,auth.log,web_access,0
2024-01-01 20:00:00,18,webserver.log,firewall_event,0
2024-01-01 20:00:00,21,webserver.log,web_access,0
2024-01-01 20:00:00,15,auth.log,web_access,0
2024-01-01 20:00:00,15,firewall.log,firewall_event,0
2024-01-01 20:00:00,27,webserver.log,vpn_connection,0
2024-01-01 20:00:00,13,webserver.log,firewall_event,0
2024-01-01 20:00:00,17,firewall.log,user_auth,0
2024-01-01 20:00:00,28,webserver.log,web_access,0
2024-01-01 20:00:00,17,auth.log,firewall_event,0
2024-01-01 20:00:00,18,auth.log,vpn_connection,0
2024-01-01 20:00:00,16,webserver.log,firewall_event,0
2024-01-01 21:00:00,21,auth.log,firewall_event,0
2024-01-01 21:00:00,20,vpn.log,web_access,0
2024-01-01 21:00:00,14,auth.log,firewall_event,0
2024-01-01 21:00:00,17,webserver.log,web_access,0
2024-01-01 21:00:00,22,firewall.log,web_access,0
2024-01-01 21:00:00,20,webserver.log,user_auth,0
2024-01-01 21:00:00,28,webserver.log,user_auth,0
2024-01-01 21:00:00,14,webserver.log,vpn_connection,0
2024-01-01 21:00:00,15,vpn.log,user_auth,0
2024-01-01 21:00:00,21,auth.log,vpn_connection,0
2024-01-01 22:00:00,23,webserver.log,user_auth,0
2024-01-01 22:00:00,15,firewall.log,web_access,0
2024-01-01 22:00:00,27,webserver.log,vpn_connection,0
2024-01-01 22:00:00,22,auth.log,web_access,0
2024-01-01 22:00:00,27,auth.log,user_auth,0
2024-01-01 22:00:00,19,auth.log,vpn_connection,0
2024-01-01 22:00:00,18,auth.log,vpn_connection,0
2024-01-01 22:00:00,16,firewall.log,web_access,0
2024-01-01 22:00:00,18,webserver.log,firewall_event,0
2024-01-01 22:00:00,20,vpn.log,web_access,0
2024-01-01 22:00:00,23,vpn.log,vpn_connection,0
2024-01-01 22:00:00,16,vpn.log,firewall_event,0
2024-01-01 22:00:00,24,firewall.log,vpn_connection,0
2024-01-01 23:00:00,19,auth.log,firewall_event,0
2024-01-01 23:00:00,20,auth.log,user_auth,0
2024-01-01 23:00:00,24,vpn.log,user_auth,0
2024-01-01 23:00:00,21,auth.log,user_auth,0
2024-01-01 23:00:00,18,vpn.log,vpn_connection,0
2024-01-01 23:00:00,17,firewall.log,firewall_event,0
2024-01-01 23:00:00,14,auth.log,vpn_connection,0
2024-01-01 23:00:00,23,vpn.log,user_auth,0
2024-01-02 00:00:00,24,firewall.log,vpn_connection,0
2024-01-02 00:00:00,24,firewall.log,user_auth,0
2024-01-02 00:00:00,12,vpn.log,user_auth,0
2024-01-02 00:00:00,27,webserver.log,user_auth,0
2024-01-02 00:00:00,15,auth.log,user_auth,0
2024-01-02 00:00:00,18,vpn.log,user_auth,0
2024-01-02 00:00:00,21,auth.log,web_access,0
2024-01-02 00:00:00,16,vpn.log,web_access,0
2024-01-02 01:00:00,19,auth.log,vpn_connection,0
2024-01-02 01:00:00,18,webserver.log,user_auth,0
2024-01-02 01:00:00,19,firewall.log,web_access,0
2024-01-02 01:00:00,14,vpn.log,web_access,0
2024-01-02 01:00:00,19,webserver.log,web_access,0
2024-01-02 01:00:00,21,firewall.log,vpn_connection,0
2024-01-02 01:00:00,22,vpn.log,vpn_connection,0
2024-01-02 02:00:00,21,auth.log,vpn_connection,0
2024-01-02 02:00:00,15,vpn.log,firewall_event,0
2024-01-02 02:00:00,19,auth.log,user_auth,0
2024-01-02 02:00:00,18,webserver.log,user_auth,0
2024-01-02 02:00:00,18,auth.log,firewall_event,0
2024-01-02 03:00:00,24,vpn.log,user_auth,0
2024-01-02 03:00:00,19,auth.log,firewall_event,0
2024-01-02 03:00:00,15,auth.log,user_auth,0
2024-01-02 03:00:00,29,firewall.log,web_access,0
2024-01-02 03:00:00,22,webserver.log,user_auth,0
2024-01-02 04:00:00,26,auth.log,vpn_connection,0
2024-01-02 04:00:00,16,auth.log,vpn_connection,0
2024-01-02 04:00:00,21,webserver.log,user_auth,0
2024-01-02 04:00:00,26,auth.log,firewall_event,0
2024-01-02 04:00:00,21,auth.log,web_access,0
2024-01-02 04:00:00,29,auth.log,vpn_connection,0
2024-01-02 05:00:00,27,auth.log,vpn_connection,0
2024-01-02 05:00:00,16,firewall.log,user_auth,0
2024-01-02 05:00:00,21,firewall.log,firewall_event,0
2024-01-02 05:00:00,25,auth.log,vpn_connection,0
2024-01-02 05:00:00,18,auth.log,vpn_connection,0
2024-01-02 05:00:00,22,firewall.log,web_access,0
2024-01-02 05:00:00,19,auth.log,web_access,0
2024-01-02 05:00:00,24,vpn.log,user_auth,0
2024-01-02 05:00:00,20,webserver.log,web_access,0
2024-01-02 05:00:00,19,auth.log,web_access,0
2024-01-02 05:00:00,20,auth.log,web_access,0
2024-01-02 06:00:00,22,firewall.log,user_auth,0
2024-01-02 06:00:00,27,firewall.log,firewall_event,0
2024-01-02 06:00:00,25,webserver.log,vpn_connection,0
2024-01-02 06:00:00,20,firewall.log,firewall_event,0
2024-01-02 06:00:00,20,firewall.log,vpn_connection,0
2024-01-02 06:00:00,14,vpn.log,firewall_event,0
2024-01-02 06:00:00,23,vpn.log,vpn_connection,0
2024-01-02 06:00:00,20,vpn.log,user_auth,0
2024-01-02 06:00:00,19,firewall.log,vpn_connection,0
2024-01-02 06:00:00,15,auth.log,web_access,0
2024-01-02 07:00:00,25,webserver.log,vpn_connection,0
2024-01-02 07:00:00,23,firewall.log,vpn_connection,0
2024-01-02 07:00:00,19,webserver.log,firewall_event,0
2024-01-02 07:00:00,20,firewall.log,web_access,0
2024-01-02 07:00:00,15,auth.log,user_auth,0
2024-01-02 07:00:00,30,vpn.log,firewall_event,0
2024-01-02 07:00:00,20,vpn.log,firewall_event,0
2024-01-02 07:00:00,19,webserver.log,firewall_event,0
2024-01-02 07:00:00,19,firewall.log,web_access,0
2024-01-02 08:00:00,17,auth.log,web_access,0
2024-01-02 08:00:00,19,firewall.log,web_access,0
2024-01-02 08:00:00,26,firewall.log,user_auth,0
2024-01-02 08:00:00,22,auth.log,firewall_event,0
2024-01-02 08:00:00,16,auth.log,web_access,0
2024-01-02 08:00:00,28,auth.log,vpn_connection,0
2024-01-02 08:00:00,27,auth.log,vpn_connection,0
2024-01-02 09:00:00,15,webserver.log,user_auth,0
2024-01-02 09:00:00,24,auth.log,user_auth,0
2024-01-02 09:00:00,19,webserver.log,web_access,0
2024-01-02 09:00:00,22,vpn.log,firewall_event,0
2024-01-02 09:00:00,20,webserver.log,user_auth,0
2024-01-02 09:00:00,19,vpn.log,user_auth,0
2024-01-02 09:00:00,24,auth.log,web_access,0
2024-01-02 09:00:00,23,firewall.log,user_auth,0
2024-01-02 09:00:00,26,webserver.log,vpn_connection,0
2024-01-02 09:00:00,15,auth.log,vpn_connection,0
2024-01-02 09:00:00,12,webserver.log,web_access,0
2024-01-02 09:00:00,13,webserver.log,web_access,0
2024-01-02 09:00:00,21,webserver.log,firewall_event,0
2024-01-02 10:00:00,18,vpn.log,firewall_event,0
2024-01-02 10:00:00,17,vpn.log,user_auth,0
2024-01-02 10:00:00,21,auth.log,vpn_connection,0
2024-01-02 10:00:00,9,auth.log,user_auth,0
2024-01-02 10:00:00,24,auth.log,firewall_event,0
2024-01-02 10:00:00,21,firewall.log,web_access,0
2024-01-02 10:00:00,23,vpn.log,user_auth,0
2024-01-02 10:00:00,25,vpn.log,web_access,0
2024-01-02 10:00:00,14,webserver.log,user_auth,0
2024-01-02 10:00:00,22,webserver.log,user_auth,0
2024-01-02 10:00:00,21,webserver.log,web_access,0
2024-01-02 10:00:00,20,auth.log,web_access,0
2024-01-02 10:00:00,27,webserver.log,web_access,0
2024-01-02 11:00:00,21,vpn.log,firewall_event,0
2024-01-02 11:00:00,26,vpn.log,web_access,0
2024-01-02 11:00:00,22,firewall.log,vpn_connection,0
2024-01-02 11:00:00,19,vpn.log,vpn_connection,0
2024-01-02 11:00:00,23,auth.log,web_access,0
2024-01-02 11:00:00,16,webserver.log,firewall_event,0
2024-01-02 11:00:00,25,vpn.log,web_access,0
2024-01-02 11:00:00,21,vpn.log,web_access,0
2024-01-02 11:00:00,22,vpn.log,web_access,0
2024-01-02 11:00:00,22,firewall.log,vpn_connection,0
2024-01-02 11:00:00,23,webserver.log,firewall_event,0
2024-01-02 11:00:00,24,firewall.log,web_access,0
2024-01-02 11:00:00,26,vpn.log,user_auth,0
2024-01-02 12:00:00,25,firewall.log,firewall_event,0
2024-01-02 12:00:00,24,webserver.log,user_auth,0
2024-01-02 12:00:00,12,auth.log,user_auth,0
2024-01-02 12:00:00,376,webserver.log,vpn_connection,1
2024-01-02 12:00:00,14,firewall.log,web_access,0
2024-01-02 12:00:00,19,auth.log,firewall_event,0
2024-01-02 12:00:00,15,firewall.log,user_auth,0
2024-01-02 12:00:00,15,auth.log,firewall_event,0
2024-01-02 12:00:00,15,firewall.log,vpn_connection,0
2024-01-02 12:00:00,20,vpn.log,web_access,0
2024-01-02 12:00:00,22,firewall.log,vpn_connection,0
2024-01-02 12:00:00,21,firewall.log,user_auth,0
2024-01-02 12:00:00,25,vpn.log,user_auth,0
2024-01-02 12:00:00,16,auth.log,user_auth,0
2024-01-02 13:00:00,19,webserver.log,user_auth,0
2024-01-02 13:00:00,23,webserver.log,firewall_event,0
2024-01-02 13:00:00,22,firewall.log,vpn_connection,0
2024-01-02 13:00:00,30,vpn.log,web_access,0
2024-01-02 13:00:00,29,firewall.log,vpn_connection,0
2024-01-02 13:00:00,19,vpn.log,vpn_connection,0
2024-01-02 14:00:00,17,firewall.log,vpn_connection,0
2024-01-02 14:00:00,16,firewall.log,user_auth,0
2024-01-02 14:00:00,21,auth.log,user_auth,0
2024-01-02 14:00:00,15,webserver.log,firewall_event,0
2024-01-02 14:00:00,15,vpn.log,web_access,0
2024-01-02 15:00:00,22,webserver.log,user_auth,0
2024-01-02 15:00:00,28,firewall.log,vpn_connection,0
2024-01-02 15:00:00,20,webserver.log,vpn_connection,0
2024-01-02 15:00:00,22,auth.log,firewall_event,0
2024-01-02 15:00:00,20,vpn.log,vpn_connection,0
2024-01-02 15:00:00,17,webserver.log,vpn_connection,0
2024-01-02 15:00:00,19,firewall.log,firewall_event,0
2024-01-02 15:00:00,18,vpn.log,web_access,0
2024-01-02 15:00:00,17,webserver.log,user_auth,0
2024-01-02 15:00:00,24,firewall.log,user_auth,0
2024-01-02 15:00:00,13,webserver.log,user_auth,0
2024-01-02 16:00:00,22,webserver.log,user_auth,0
2024-01-02 16:00:00,20,auth.log,firewall_event,0
2024-01-02 16:00:00,7,firewall.log,user_auth,0
2024-01-02 16:00:00,14,webserver.log,web_access,0
2024-01-02 16:00:00,24,firewall.log,firewall_event,0
2024-01-02 16:00:00,13,vpn.log,firewall_event,0
2024-01-02 16:00:00,23,webserver.log,firewall_event,0
2024-01-02 16:00:00,25,vpn.log,user_auth,0
2024-01-02 16:00:00,21,auth.log,web_access,0
2024-01-02 16:00:00,22,vpn.log,user_auth,0
2024-01-02 17:00:00,11,auth.log,firewall_event,0
2024-01-02 17:00:00,26,auth.log,web_access,0
2024-01-02 17:00:00,18,auth.log,web_access,0
2024-01-02 17:00:00,22,webserver.log,firewall_event,0
2024-01-02 17:00:00,23,vpn.log,web_access,0
2024-01-02 17:00:00,16,auth.log,user_auth,0
2024-01-02 18:00:00,25,webserver.log,user_auth,0
2024-01-02 18:00:00,19,firewall.log,user_auth,0
2024-01-02 18:00:00,23,firewall.log,web_access,0
2024-01-02 18:00:00,21,webserver.log,web_access,0
2024-01-02 18:00:00,21,firewall.log,user_auth,0
2024-01-02 19:00:00,17,firewall.log,user_auth,0
2024-01-02 19:00:00,16,auth.log,firewall_event,0
2024-01-02 19:00:00,23,vpn.log,web_access,0
2024-01-02 19:00:00,27,auth.log,user_auth,0
2024-01-02 19:00:00,34,firewall.log,vpn_connection,0
2024-01-02 19:00:00,20,webserver.log,vpn_connection,0
2024-01-02 19:00:00,19,webserver.log,user_auth,0
2024-01-02 19:00:00,21,auth.log,firewall_event,0
2024-01-02 19:00:00,33,firewall.log,vpn_connection,0
2024-01-02 19:00:00,18,vpn.log,web_access,0
2024-01-02 19:00:00,33,firewall.log,user_auth,0
2024-01-02 20:00:00,19,firewall.log,vpn_connection,0
2024-01-02 20:00:00,22,firewall.log,user_auth,0
2024-01-02 20:00:00,16,firewall.log,vpn_connection,0
2024-01-02 20:00:00,21,auth.log,web_access,0
2024-01-02 20:00:00,24,webserver.log,user_auth,0
2024-01-02 20:00:00,26,auth.log,user_auth,0
2024-01-02 20:00:00,14,vpn.log,user_auth,0
2024-01-02 21:00:00,14,vpn.log,user_auth,0
2024-01-02 21:00:00,17,vpn.log,vpn_connection,0
2024-01-02 21:00:00,32,firewall.log,web_access,0
2024-01-02 21:00:00,19,auth.log,web_access,0
2024-01-02 21:00:00,22,webserver.log,firewall_event,0
2024-01-02 22:00:00,23,webserver.log,web_access,0
2024-01-02 22:00:00,33,auth.log,vpn_connection,0
2024-01-02 22:00:00,19,auth.log,user_auth,0
2024-01-02 22:00:00,29,webserver.log,web_access,0
2024-01-02 22:00:00,21,auth.log,user_auth,0
2024-01-02 22:00:00,23,webserver.log,vpn_connection,0
2024-01-02 22:00:00,22,vpn.log,user_auth,0
2024-01-02 22:00:00,13,vpn.log,user_auth,0
2024-01-02 23:00:00,17,firewall.log,web_access,0
2024-01-02 23:00:00,24,auth.log,user_auth,0
2024-01-02 23:00:00,13,auth.log,vpn_connection,0
2024-01-02 23:00:00,28,auth.log,firewall_event,0
2024-01-02 23:00:00,26,vpn.log,web_access,0
2024-01-02 23:00:00,18,firewall.log,user_auth,0
2024-01-02 23:00:00,18,firewall.log,user_auth,0
2024-01-02 23:00:00,21,firewall.log,vpn_connection,0
2024-01-02 23:00:00,21,auth.log,vpn_connection,0
2024-01-02 23:00:00,15,firewall.log,user_auth,0
2024-01-03 00:00:00,18,webserver.log,web_access,0
2024-01-03 00:00:00,20,auth.log,firewall_event,0
2024-01-03 00:00:00,18,webserver.log,user_auth,0
2024-01-03 00:00:00,20,webserver.log,user_auth,0
2024-01-03 00:00:00,31,firewall.log,firewall_event,0
2024-01-03 00:00:00,27,vpn.log,web_access,0
2024-01-03 00:00:00,18,vpn.log,firewall_event,0
2024-01-03 00:00:00,16,auth.log,firewall_event,0
2024-01-03 00:00:00,24,firewall.log,user_auth,0
2024-01-03 00:00:00,21,vpn.log,web_access,0
2024-01-03 00:00:00,19,firewall.log,firewall_event,0
2024-01-03 00:00:00,22,webserver.log,firewall_event,0
2024-01-03 00:00:00,23,webserver.log,web_access,0
2024-01-03 01:00:00,28,webserver.log,user_auth,0
2024-01-03 01:00:00,25,vpn.log,vpn_connection,0
2024-01-03 01:00:00,13,auth.log,vpn_connection,0
2024-01-03 01:00:00,20,vpn.log,vpn_connection,0
2024-01-03 01:00:00,22,firewall.log,user_auth,0
2024-01-03 01:00:00,27,vpn.log,user_auth,0
2024-01-03 01:00:00,16,vpn.log,vpn_connection,0
2024-01-03 01:00:00,25,auth.log,web_access,0
2024-01-03 01:00:00,24,auth.log,web_access,0
2024-01-03 01:00:00,15,firewall.log,user_auth,0
2024-01-03 01:00:00,20,webserver.log,vpn_connection,0
2024-01-03 01:00:00,17,firewall.log,user_auth,0
2024-01-03 01:00:00,22,webserver.log,web_access,0
2024-01-03 01:00:00,11,auth.log,web_access,0
2024-01-03 02:00:00,23,auth.log,web_access,0
2024-01-03 02:00:00,23,vpn.log,user_auth,0
2024-01-03 02:00:00,14,auth.log,firewall_event,0
2024-01-03 02:00:00,21,vpn.log,user_auth,0
2024-01-03 02:00:00,15,webserver.log,web_access,0
2024-01-03 02:00:00,18,webserver.log,firewall_event,0
2024-01-03 02:00:00,12,auth.log,web_access,0
2024-01-03 02:00:00,20,firewall.log,firewall_event,0
2024-01-03 02:00:00,20,auth.log,web_access,0
2024-01-03 02:00:00,22,vpn.log,web_access,0
2024-01-03 02:00:00,19,vpn.log,vpn_connection,0
2024-01-03 03:00:00,31,webserver.log,vpn_connection,0
2024-01-03 03:00:00,15,firewall.log,firewall_event,0
2024-01-03 03:00:00,25,webserver.log,user_auth,0
2024-01-03 03:00:00,18,firewall.log,web_access,0
2024-01-03 03:00:00,24,vpn.log,firewall_event,0
2024-01-03 03:00:00,13,webserver.log,web_access,0
2024-01-03 03:00:00,26,auth.log,vpn_connection,0
2024-01-03 03:00:00,15,vpn.log,vpn_connection,0
2024-01-03 04:00:00,17,webserver.log,web_access,0
2024-01-03 04:00:00,29,vpn.log,web_access,0
2024-01-03 04:00:00,19,auth.log,web_access,0
2024-01-03 04:00:00,20,webserver.log,firewall_event,0
2024-01-03 04:00:00,14,auth.log,firewall_event,0
2024-01-03 04:00:00,24,vpn.log,vpn_connection,0
2024-01-03 04:00:00,12,auth.log,web_access,0
2024-01-03 04:00:00,23,firewall.log,user_auth,0
2024-01-03 04:00:00,22,firewall.log,web_access,0
2024-01-03 04:00:00,20,firewall.log,user_auth,0
2024-01-03 04:00:00,15,webserver.log,web_access,0
2024-01-03 05:00:00,22,auth.log,web_access,0
2024-01-03 05:00:00,20,firewall.log,vpn_connection,0
2024-01-03 05:00:00,24,auth.log,firewall_event,0
2024-01-03 05:00:00,259,webserver.log,vpn_connection,1
2024-01-03 05:00:00,22,firewall.log,user_auth,0
2024-01-03 05:00:00,19,webserver.log,user_auth,0
2024-01-03 05:00:00,11,firewall.log,vpn_connection,0
2024-01-03 05:00:00,16,firewall.log,firewall_event,0
2024-01-03 05:00:00,17,webserver.log,user_auth,0
2024-01-03 05:00:00,11,firewall.log,firewall_event,0
2024-01-03 05:00:00,25,vpn.log,vpn_connection,0
2024-01-03 05:00:00,22,auth.log,user_auth,0
2024-01-03 05:00:00,19,webserver.log,user_auth,0
2024-01-03 06:00:00,24,vpn.log,user_auth,0
2024-01-03 06:00:00,20,firewall.log,user_auth,0
2024-01-03 06:00:00,24,auth.log,web_access,0
2024-01-03 06:00:00,16,firewall.log,web_access,0
2024-01-03 06:00:00,31,vpn.log,user_auth,0
2024-01-03 06:00:00,21,auth.log,vpn_connection,0
2024-01-03 06:00:00,13,webserver.log,firewall_event,0
2024-01-03 06:00:00,18,webserver.log,web_access,0
2024-01-03 06:00:00,18,firewall.log,user_auth,0
2024-01-03 06:00:00,17,webserver.log,vpn_connection,0
2024-01-03 07:00:00,25,firewall.log,user_auth,0
2024-01-03 07:00:00,19,firewall.log,vpn_connection,0
2024-01-03 07:00:00,27,firewall.log,firewall_event,0
2024-01-03 07:00:00,11,webserver.log,vpn_connection,0
2024-01-03 07:00:00,23,vpn.log,vpn_connection,0
2024-01-03 08:00:00,12,firewall.log,vpn_connection,0
2024-01-03 08:00:00,18,vpn.log,vpn_connection,0
2024-01-03 08:00:00,24,webserver.log,vpn_connection,0
2024-01-03 08:00:00,15,firewall.log,web_access,0
2024-01-03 08:00:00,24,vpn.log,vpn_connection,0
2024-01-03 08:00:00,17,webserver.log,vpn_connection,0
2024-01-03 08:00:00,18,firewall.log,firewall_event,0
2024-01-03 08:00:00,21,vpn.log,firewall_event,0
2024-01-03 08:00:00,20,webserver.log,vpn_connection,0
2024-01-03 08:00:00,24,webserver.log,firewall_event,0
2024-01-03 08:00:00,21,vpn.log,web_access,0
2024-01-03 08:00:00,25,firewall.log,vpn_connection,0
2024-01-03 09:00:00,28,auth.log,firewall_event,0
2024-01-03 09:00:00,19,firewall.log,user_auth,0
2024-01-03 09:00:00,29,auth.log,web_access,0
2024-01-03 09:00:00,22,firewall.log,user_auth,0
2024-01-03 09:00:00,28,vpn.log,firewall_event,0
2024-01-03 10:00:00,21,webserver.log,user_auth,0
2024-01-03 10:00:00,17,firewall.log,firewall_event,0
2024-01-03 10:00:00,20,auth.log,user_auth,0
2024-01-03 10:00:00,22,auth.log,firewall_event,0
2024-01-03 10:00:00,20,auth.log,user_auth,0
2024-01-03 10:00:00,19,firewall.log,firewall_event,0
2024-01-03 10:00:00,21,webserver.log,vpn_connection,0
2024-01-03 10:00:00,13,firewall.log,vpn_connection,0
2024-01-03 10:00:00,19,webserver.log,web_access,0
2024-01-03 11:00:00,16,auth.log,web_access,0
2024-01-03 11:00:00,13,auth.log,user_auth,0
2024-01-03 11:00:00,16,firewall.log,firewall_event,0
2024-01-03 11:00:00,21,vpn.log,user_auth,0
2024-01-03 11:00:00,313,auth.log,vpn_connection,1
2024-01-03 11:00:00,24,auth.log,web_access,0
2024-01-03 11:00:00,25,auth.log,user_auth,0
2024-01-03 11:00:00,14,auth.log,firewall_event,0
2024-01-03 11:00:00,24,webserver.log,user_auth,0
2024-01-03 11:00:00,22,webserver.log,web_access,0
2024-01-03 11:00:00,15,webserver.log,vpn_connection,0
2024-01-03 11:00:00,26,auth.log,firewall_event,0
2024-01-03 12:00:00,21,firewall.log,firewall_event,0
2024-01-03 12:00:00,21,firewall.log,user_auth,0
2024-01-03 12:00:00,17,firewall.log,web_access,0
2024-01-03 12:00:00,12,vpn.log,firewall_event,0
2024-01-03 12:00:00,24,webserver.log,firewall_event,0
2024-01-03 12:00:00,20,auth.log,web_access,0
2024-01-03 12:00:00,18,auth.log,firewall_event,0
2024-01-03 12:00:00,16,webserver.log,web_access,0
2024-01-03 12:00:00,22,webserver.log,firewall_event,0
2024-01-03 13:00:00,16,vpn.log,vpn_connection,0
2024-01-03 13:00:00,15,auth.log,vpn_connection,0
2024-01-03 13:00:00,21,firewall.log,web_access,0
2024-01-03 13:00:00,24,webserver.log,firewall_event,0
2024-01-03 13:00:00,16,webserver.log,vpn_connection,0
2024-01-03 13:00:00,20,auth.log,firewall_event,0
2024-01-03 13:00:00,23,webserver.log,firewall_event,0
2024-01-03 13:00:00,24,vpn.log,web_access,0
2024-01-03 13:00:00,16,webserver.log,web_access,0
2024-01-03 13:00:00,28,webserver.log,firewall_event,0
2024-01-03 14:00:00,11,vpn.log,vpn_connection,0
2024-01-03 14:00:00,16,auth.log,firewall_event,0
2024-01-03 14:00:00,19,vpn.log,firewall_event,0
2024-01-03 14:00:00,20,firewall.log,vpn_connection,0
2024-01-03 14:00:00,27,auth.log,user_auth,0
2024-01-03 14:00:00,19,auth.log,web_access,0
2024-01-03 14:00:00,29,vpn.log,web_access,0
2024-01-03 14:00:00,17,webserver.log,web_access,0
2024-01-03 14:00:00,16,firewall.log,firewall_event,0
2024-01-03 14:00:00,21,vpn.log,vpn_connection,0
2024-01-03 14:00:00,21,firewall.log,firewall_event,0
2024-01-03 14:00:00,15,webserver.log,user_auth,0
2024-01-03 15:00:00,22,auth.log,user_auth,0
2024-01-03 15:00:00,16,auth.log,user_auth,0
2024-01-03 15:00:00,24,webserver.log,vpn_connection,0
2024-01-03 15:00:00,16,firewall.log,web_access,0
2024-01-03 15:00:00,14,auth.log,firewall_event,0
2024-01-03 15:00:00,19,webserver.log,user_auth,0
2024-01-03 15:00:00,24,webserver.log,firewall_event,0
2024-01-03 15:00:00,20,vpn.log,user_auth,0
2024-01-03 15:00:00,21,firewall.log,firewall_event,0
2024-01-03 15:00:00,22,vpn.log,web_access,0
2024-01-03 15:00:00,30,vpn.log,vpn_connection,0
2024-01-03 16:00:00,19,webserver.log,web_access,0
2024-01-03 16:00:00,20,webserver.log,firewall_event,0
2024-01-03 16:00:00,25,firewall.log,user_auth,0
2024-01-03 16:00:00,32,auth.log,vpn_connection,0
2024-01-03 16:00:00,17,vpn.log,user_auth,0
2024-01-03 17:00:00,17,vpn.log,web_access,0
2024-01-03 17:00:00,27,firewall.log,user_auth,0
2024-01-03 17:00:00,21,firewall.log,user_auth,0
2024-01-03 17:00:00,18,firewall.log,user_auth,0
2024-01-03 17:00:00,20,firewall.log,web_access,0
2024-01-03 17:00:00,18,auth.log,user_auth,0
2024-01-03 17:00:00,17,auth.log,web_access,0
2024-01-03 17:00:00,26,firewall.log,user_auth,0
2024-01-03 17:00:00,20,firewall.log,web_access,0
2024-01-03 18:00:00,19,vpn.log,user_auth,0
2024-01-03 18:00:00,21,webserver.log,firewall_event,0
2024-01-03 18:00:00,26,auth.log,firewall_event,0
2024-01-03 18:00:00,25,vpn.log,user_auth,0
2024-01-03 18:00:00,17,auth.log,firewall_event,0
2024-01-03 18:00:00,19,auth.log,web_access,0
2024-01-03 19:00:00,26,webserver.log,vpn_connection,0
2024-01-03 19:00:00,14,webserver.log,vpn_connection,0
2024-01-03 19:00:00,19,firewall.log,firewall_event,0
2024-01-03 19:00:00,15,vpn.log,web_access,0
2024-01-03 19:00:00,21,webserver.log,vpn_connection,0
2024-01-03 19:00:00,25,vpn.log,firewall_event,0
2024-01-03 19:00:00,23,vpn.log,web_access,0
2024-01-03 20:00:00,12,vpn.log,vpn_connection,0
2024-01-03 20:00:00,16,vpn.log,firewall_event,0
2024-01-03 20:00:00,22,vpn.log,user_auth,0
2024-01-03 20:00:00,17,auth.log,user_auth,0
2024-01-03 20:00:00,17,webserver.log,web_access,0
2024-01-03 20:00:00,24,vpn.log,user_auth,0
2024-01-03 20:00:00,27,firewall.log,user_auth,0
2024-01-03 20:00:00,13,auth.log,web_access,0
2024-01-03 20:00:00,26,webserver.log,firewall_event,0
2024-01-03 20:00:00,36,webserver.log,firewall_event,0
2024-01-03 20:00:00,28,webserver.log,user_auth,0
2024-01-03 20:00:00,17,auth.log,firewall_event,0
2024-01-03 21:00:00,22,firewall.log,web_access,0
2024-01-03 21:00:00,20,webserver.log,firewall_event,0
2024-01-03 21:00:00,16,firewall.log,user_auth,0
2024-01-03 21:00:00,17,auth.log,firewall_event,0
2024-01-03 21:00:00,17,auth.log,vpn_connection,0
2024-01-03 21:00:00,16,webserver.log,user_auth,0
2024-01-03 21:00:00,26,vpn.log,firewall_event,0
2024-01-03 21:00:00,20,auth.log,firewall_event,0
2024-01-03 21:00:00,19,webserver.log,firewall_event,0
2024-01-03 21:00:00,21,vpn.log,firewall_event,0
2024-01-03 21:00:00,16,vpn.log,user_auth,0
2024-01-03 21:00:00,20,auth.log,vpn_connection,0
2024-01-03 21:00:00,19,webserver.log,web_access,0
2024-01-03 22:00:00,19,webserver.log,user_auth,0
2024-01-03 22:00:00,21,auth.log,web_access,0
2024-01-03 22:00:00,20,firewall.log,web_access,0
2024-01-03 22:00:00,20,firewall.log,web_access,0
2024-01-03 22:00:00,21,firewall.log,user_auth,0
2024-01-03 22:00:00,22,webserver.log,web_access,0
2024-01-03 22:00:00,18,vpn.log,web_access,0
2024-01-03 22:00:00,14,firewall.log,vpn_connection,0
2024-01-03 23:00:00,22,webserver.log,web_access,0
2024-01-03 23:00:00,20,auth.log,vpn_connection,0
2024-01-03 23:00:00,25,firewall.log,web_access,0
2024-01-03 23:00:00,25,auth.log,web_access,0
2024-01-03 23:00:00,19,vpn.log,firewall_event,0
2024-01-04 00:00:00,28,auth.log,web_access,0
2024-01-04 00:00:00,22,firewall.log,web_access,0
2024-01-04 00:00:00,20,webserver.log,vpn_connection,0
2024-01-04 00:00:00,14,vpn.log,web_access,0
2024-01-04 00:00:00,19,auth.log,vpn_connection,0
2024-01-04 00:00:00,23,vpn.log,vpn_connection,0
2024-01-04 00:00:00,25,vpn.log,firewall_event,0
2024-01-04 00:00:00,10,webserver.log,firewall_event,0
2024-01-04 00:00:00,21,firewall.log,web_access,0
2024-01-04 00:00:00,18,vpn.log,user_auth,0
2024-01-04 01:00:00,21,vpn.log,vpn_connection,0
2024-01-04 01:00:00,19,vpn.log,vpn_connection,0
2024-01-04 01:00:00,19,auth.log,firewall_event,0
2024-01-04 01:00:00,26,auth.log,web_access,0
2024-01-04 01:00:00,14,vpn.log,user_auth,0
2024-01-04 01:00:00,15,webserver.log,user_auth,0
2024-01-04 01:00:00,20,vpn.log,vpn_connection,0
2024-01-04 02:00:00,17,webserver.log,user_auth,0
2024-01-04 02:00:00,9,vpn.log,web_access,0
2024-01-04 02:00:00,18,auth.log,user_auth,0
2024-01-04 02:00:00,25,webserver.log,user_auth,0
2024-01-04 02:00:00,22,auth.log,vpn_connection,0
2024-01-04 02:00:00,24,vpn.log,vpn_connection,0
2024-01-04 03:00:00,19,webserver.log,firewall_event,0
2024-01-04 03:00:00,20,auth.log,web_access,0
2024-01-04 03:00:00,22,firewall.log,firewall_event,0
2024-01-04 03:00:00,30,webserver.log,firewall_event,0
2024-01-04 03:00:00,18,vpn.log,web_access,0
2024-01-04 03:00:00,24,auth.log,vpn_connection,0
2024-01-04 03:00:00,25,auth.log,firewall_event,0
2024-01-04 04:00:00,23,vpn.log,user_auth,0
2024-01-04 04:00:00,32,webserver.log,firewall_event,0
2024-01-04 04:00:00,15,auth.log,firewall_event,0
2024-01-04 04:00:00,19,auth.log,web_access,0
2024-01-04 04:00:00,17,vpn.log,user_auth,0
2024-01-04 04:00:00,18,firewall.log,web_access,0
2024-01-04 04:00:00,20,vpn.log,firewall_event,0
2024-01-04 04:00:00,20,webserver.log,firewall_event,0
2024-01-04 04:00:00,19,webserver.log,vpn_connection,0
2024-01-04 04:00:00,15,vpn.log,firewall_event,0
2024-01-04 04:00:00,21,webserver.log,user_auth,0
2024-01-04 04:00:00,14,vpn.log,user_auth,0
2024-01-04 05:00:00,26,auth.log,firewall_event,0
2024-01-04 05:00:00,22,firewall.log,firewall_event,0
2024-01-04 05:00:00,21,webserver.log,vpn_connection,0
2024-01-04 05:00:00,27,vpn.log,user_auth,0
2024-01-04 05:00:00,26,firewall.log,web_access,0
2024-01-04 05:00:00,14,vpn.log,web_access,0
2024-01-04 05:00:00,14,firewall.log,firewall_event,0
2024-01-04 05:00:00,20,vpn.log,user_auth,0
2024-01-04 06:00:00,20,auth.log,firewall_event,0
2024-01-04 06:00:00,19,firewall.log,user_auth,0
2024-01-04 06:00:00,18,firewall.log,vpn_connection,0
2024-01-04 06:00:00,19,vpn.log,web_access,0
2024-01-04 06:00:00,21,auth.log,firewall_event,0
2024-01-04 06:00:00,17,webserver.log,vpn_connection,0
2024-01-04 06:00:00,16,auth.log,vpn_connection,0
2024-01-04 06:00:00,16,firewall.log,web_access,0
2024-01-04 06:00:00,28,firewall.log,firewall_event,0
2024-01-04 06:00:00,20,auth.log,user_auth,0
2024-01-04 06:00:00,25,firewall.log,user_auth,0
2024-01-04 06:00:00,20,webserver.log,web_access,0
2024-01-04 06:00:00,13,firewall.log,web_access,0
2024-01-04 06:00:00,18,firewall.log,web_access,0
2024-01-04 07:00:00,23,vpn.log,firewall_event,0
2024-01-04 07:00:00,23,webserver.log,vpn_connection,0
2024-01-04 07:00:00,21,firewall.log,web_access,0
2024-01-04 07:00:00,23,webserver.log,vpn_connection,0
2024-01-04 07:00:00,26,auth.log,user_auth,0
2024-01-04 07:00:00,25,vpn.log,vpn_connection,0
2024-01-04 07:00:00,14,firewall.log,user_auth,0
2024-01-04 07:00:00,16,firewall.log,web_access,0
2024-01-04 07:00:00,17,vpn.log,firewall_event,0
2024-01-04 07:00:00,25,vpn.log,firewall_event,0
2024-01-04 07:00:00,19,webserver.log,web_access,0
2024-01-04 07:00:00,19,auth.log,user_auth,0
2024-01-04 08:00:00,22,webserver.log,firewall_event,0
2024-01-04 08:00:00,21,vpn.log,web_access,0
2024-01-04 08:00:00,24,webserver.log,firewall_event,0
2024-01-04 08:00:00,17,webserver.log,web_access,0
2024-01-04 08:00:00,17,firewall.log,web_access,0
2024-01-04 08:00:00,10,auth.log,user_auth,0
2024-01-04 08:00:00,23,auth.log,user_auth,0
2024-01-04 08:00:00,18,webserver.log,vpn_connection,0
2024-01-04 09:00:00,19,auth.log,user_auth,0
2024-01-04 09:00:00,32,webserver.log,web_access,0
2024-01-04 09:00:00,20,firewall.log,user_auth,0
2024-01-04 09:00:00,23,firewall.log,user_auth,0
2024-01-04 09:00:00,23,vpn.log,web_access,0
2024-01-04 09:00:00,23,webserver.log,firewall_event,0
2024-01-04 09:00:00,24,firewall.log,web_access,0
2024-01-04 09:00:00,20,webserver.log,web_access,0
2024-01-04 10:00:00,234,auth.log,user_auth,1
2024-01-04 10:00:00,19,vpn.log,user_auth,0
2024-01-04 10:00:00,16,webserver.log,user_auth,0
2024-01-04 10:00:00,26,firewall.log,web_access,0
2024-01-04 10:00:00,21,auth.log,web_access,0
2024-01-04 10:00:00,22,firewall.log,firewall_event,0
2024-01-04 11:00:00,22,auth.log,web_access,0
2024-01-04 11:00:00,12,vpn.log,firewall_event,0
2024-01-04 11:00:00,21,vpn.log,user_auth,0
2024-01-04 11:00:00,25,firewall.log,vpn_connection,0
2024-01-04 11:00:00,18,firewall.log,vpn_connection,0
2024-01-04 11:00:00,24,webserver.log,web_access,0
2024-01-04 11:00:00,16,auth.log,firewall_event,0
2024-01-04 11:00:00,21,vpn.log,user_auth,0
2024-01-04 11:00:00,18,webserver.log,web_access,0
2024-01-04 12:00:00,18,auth.log,firewall_event,0
2024-01-04 12:00:00,22,vpn.log,web_access,0
2024-01-04 12:00:00,22,auth.log,web_access,0
2024-01-04 12:00:00,22,webserver.log,vpn_connection,0
2024-01-04 12:00:00,21,firewall.log,firewall_event,0
2024-01-04 12:00:00,15,vpn.log,user_auth,0
2024-01-04 12:00:00,29,auth.log,firewall_event,0
2024-01-04 12:00:00,11,webserver.log,web_access,0
2024-01-04 12:00:00,20,auth.log,vpn_connection,0
2024-01-04 13:00:00,18,webserver.log,user_auth,0
2024-01-04 13:00:00,14,vpn.log,firewall_event,0
2024-01-04 13:00:00,21,vpn.log,firewall_event,0
2024-01-04 13:00:00,22,auth.log,vpn_connection,0
2024-01-04 13:00:00,17,auth.log,firewall_event,0
2024-01-04 13:00:00,17,webserver.log,web_access,0
2024-01-04 13:00:00,23,firewall.log,web_access,0
2024-01-04 13:00:00,19,webserver.log,vpn_connection,0
2024-01-04 13:00:00,20,vpn.log,web_access,0
2024-01-04 13:00:00,22,vpn.log,firewall_event,0
2024-01-04 14:00:00,24,vpn.log,vpn_connection,0
2024-01-04 14:00:00,19,vpn.log,user_auth,0
2024-01-04 14:00:00,20,firewall.log,web_access,0
2024-01-04 14:00:00,20,webserver.log,user_auth,0
2024-01-04 14:00:00,13,vpn.log,firewall_event,0
2024-01-04 14:00:00,19,firewall.log,web_access,0
2024-01-04 14:00:00,16,auth.log,user_auth,0
2024-01-04 14:00:00,15,auth.log,user_auth,0
2024-01-04 14:00:00,23,firewall.log,vpn_connection,0
2024-01-04 14:00:00,19,webserver.log,firewall_event,0
2024-01-04 15:00:00,15,auth.log,user_auth,0
2024-01-04 15:00:00,16,webserver.log,vpn_connection,0
2024-01-04 15:00:00,15,vpn.log,vpn_connection,0
2024-01-04 15:00:00,320,auth.log,firewall_event,1
2024-01-04 15:00:00,18,firewall.log,vpn_connection,0
2024-01-04 15:00:00,15,webserver.log,vpn_connection,0
2024-01-04 15:00:00,16,vpn.log,web_access,0
2024-01-04 15:00:00,27,vpn.log,web_access,0
2024-01-04 15:00:00,30,webserver.log,firewall_event,0
2024-01-04 15:00:00,20,webserver.log,vpn_connection,0
2024-01-04 15:00:00,7,webserver.log,vpn_connection,0
2024-01-04 15:00:00,17,webserver.log,firewall_event,0
2024-01-04 16:00:00,21,vpn.log,vpn_connection,0
2024-01-04 16:00:00,35,vpn.log,web_access,0
2024-01-04 16:00:00,24,firewall.log,firewall_event,0
2024-01-04 16:00:00,14,firewall.log,firewall_event,0
2024-01-04 16:00:00,19,webserver.log,vpn_connection,0
2024-01-04 16:00:00,19,auth.log,firewall_event,0
2024-01-04 16:00:00,14,auth.log,web_access,0
2024-01-04 16:00:00,25,webserver.log,user_auth,0
2024-01-04 17:00:00,20,vpn.log,user_auth,0
2024-01-04 17:00:00,21,webserver.log,user_auth,0
2024-01-04 17:00:00,25,firewall.log,firewall_event,0
2024-01-04 17:00:00,20,vpn.log,user_auth,0
2024-01-04 17:00:00,25,auth.log,user_auth,0
2024-01-04 17:00:00,24,auth.log,vpn_connection,0
2024-01-04 17:00:00,26,webserver.log,vpn_connection,0
2024-01-04 17:00:00,19,webserver.log,web_access,0
2024-01-04 17:00:00,24,webserver.log,user_auth,0
2024-01-04 17:00:00,20,vpn.log,web_access,0
2024-01-04 17:00:00,16,firewall.log,web_access,0
2024-01-04 18:00:00,26,vpn.log,user_auth,0
2024-01-04 18:00:00,17,firewall.log,web_access,0
2024-01-04 18:00:00,19,auth.log,vpn_connection,0
2024-01-04 18:00:00,16,vpn.log,firewall_event,0
2024-01-04 18:00:00,19,firewall.log,web_access,0
2024-01-04 18:00:00,20,auth.log,user_auth,0
2024-01-04 18:00:00,19,vpn.log,vpn_connection,0
2024-01-04 19:00:00,24,webserver.log,web_access,0
2024-01-04 19:00:00,9,vpn.log,vpn_connection,0
2024-01-04 19:00:00,17,auth.log,user_auth,0
2024-01-04 19:00:00,13,auth.log,web_access,0
2024-01-04 19:00:00,18,auth.log,firewall_event,0
2024-01-04 19:00:00,23,firewall.log,user_auth,0
2024-01-04 20:00:00,14,auth.log,vpn_connection,0
2024-01-04 20:00:00,18,vpn.log,web_access,0
2024-01-04 20:00:00,14,firewall.log,firewall_event,0
2024-01-04 20:00:00,15,webserver.log,user_auth,0
2024-01-04 20:00:00,22,auth.log,web_access,0
2024-01-04 21:00:00,18,firewall.log,firewall_event,0
2024-01-04 21:00:00,23,auth.log,vpn_connection,0
2024-01-04 21:00:00,25,webserver.log,web_access,0
2024-01-04 21:00:00,33,auth.log,web_access,0
2024-01-04 21:00:00,15,firewall.log,user_auth,0
2024-01-04 22:00:00,22,firewall.log,vpn_connection,0
2024-01-04 22:00:00,20,webserver.log,web_access,0
2024-01-04 22:00:00,16,firewall.log,user_auth,0
2024-01-04 22:00:00,15,auth.log,web_access,0
2024-01-04 22:00:00,19,firewall.log,vpn_connection,0
2024-01-04 22:00:00,16,firewall.log,user_auth,0
2024-01-04 22:00:00,18,webserver.log,web_access,0
2024-01-04 22:00:00,16,webserver.log,vpn_connection,0
2024-01-04 22:00:00,24,vpn.log,user_auth,0
2024-01-04 22:00:00,18,firewall.log,firewall_event,0
2024-01-04 22:00:00,36,firewall.log,vpn_connection,0
2024-01-04 22:00:00,15,webserver.log,user_auth,0
2024-01-04 22:00:00,20,auth.log,vpn_connection,0
2024-01-04 22:00:00,20,vpn.log,web_access,0
2024-01-04 23:00:00,21,webserver.log,vpn_connection,0
2024-01-04 23:00:00,30,auth.log,web_access,0
2024-01-04 23:00:00,21,webserver.log,user_auth,0
2024-01-04 23:00:00,17,webserver.log,user_auth,0
2024-01-04 23:00:00,16,firewall.log,web_access,0
2024-01-04 23:00:00,21,webserver.log,firewall_event,0
2024-01-04 23:00:00,21,auth.log,web_access,0
2024-01-04 23:00:00,13,firewall.log,user_auth,0
2024-01-04 23:00:00,16,webserver.log,vpn_connection,0
2024-01-04 23:00:00,22,firewall.log,user_auth,0
2024-01-04 23:00:00,21,vpn.log,user_auth,0
2024-01-04 23:00:00,31,vpn.log,vpn_connection,0
2024-01-05 00:00:00,23,firewall.log,firewall_event,0
2024-01-05 00:00:00,20,vpn.log,firewall_event,0
2024-01-05 00:00:00,26,auth.log,web_access,0
2024-01-05 00:00:00,20,auth.log,vpn_connection,0
2024-01-05 00:00:00,16,auth.log,vpn_connection,0
2024-01-05 00:00:00,23,auth.log,user_auth,0
2024-01-05 00:00:00,25,firewall.log,vpn_connection,0
2024-01-05 00:00:00,27,vpn.log,web_access,0
2024-01-05 00:00:00,16,auth.log,user_auth,0
2024-01-05 00:00:00,18,webserver.log,vpn_connection,0
2024-01-05 00:00:00,18,auth.log,web_access,0
2024-01-05 00:00:00,24,webserver.log,web_access,0
2024-01-05 00:00:00,17,auth.log,vpn_connection,0
2024-01-05 00:00:00,16,vpn.log,web_access,0
2024-01-05 01:00:00,27,webserver.log,vpn_connection,0
2024-01-05 01:00:00,19,webserver.log,web_access,0
2024-01-05 01:00:00,23,vpn.log,user_auth,0
2024-01-05 01:00:00,17,webserver.log,user_auth,0
2024-01-05 01:00:00,17,webserver.log,web_access,0
2024-01-05 02:00:00,17,webserver.log,firewall_event,0
2024-01-05 02:00:00,19,auth.log,user_auth,0
2024-01-05 02:00:00,20,webserver.log,vpn_connection,0
2024-01-05 02:00:00,23,webserver.log,firewall_event,0
2024-01-05 02:00:00,358,webserver.log,firewall_event,1
2024-01-05 02:00:00,16,webserver.log,user_auth,0
2024-01-05 02:00:00,18,webserver.log,user_auth,0
2024-01-05 02:00:00,24,vpn.log,vpn_connection,0
2024-01-05 02:00:00,30,webserver.log,web_access,0
2024-01-05 02:00:00,26,vpn.log,firewall_event,0
2024-01-05 03:00:00,25,vpn.log,vpn_connection,0
2024-01-05 03:00:00,18,firewall.log,vpn_connection,0
2024-01-05 03:00:00,19,vpn.log,firewall_event,0
2024-01-05 03:00:00,18,firewall.log,user_auth,0
2024-01-05 03:00:00,20,webserver.log,user_auth,0
2024-01-05 03:00:00,20,firewall.log,vpn_connection,0
2024-01-05 03:00:00,14,firewall.log,vpn_connection,0
2024-01-05 04:00:00,20,auth.log,user_auth,0
2024-01-05 04:00:00,11,auth.log,vpn_connection,0
2024-01-05 04:00:00,22,webserver.log,web_access,0
2024-01-05 04:00:00,19,webserver.log,firewall_event,0
2024-01-05 04:00:00,23,firewall.log,vpn_connection,0
2024-01-05 04:00:00,19,firewall.log,vpn_connection,0
2024-01-05 05:00:00,20,auth.log,vpn_connection,0
2024-01-05 05:00:00,14,firewall.log,user_auth,0
2024-01-05 05:00:00,24,auth.log,vpn_connection,0
2024-01-05 05:00:00,22,webserver.log,firewall_event,0
2024-01-05 05:00:00,16,firewall.log,web_access,0
2024-01-05 06:00:00,23,firewall.log,web_access,0
2024-01-05 06:00:00,20,webserver.log,user_auth,0
2024-01-05 06:00:00,19,auth.log,vpn_connection,0
2024-01-05 06:00:00,26,auth.log,web_access,0
2024-01-05 06:00:00,18,vpn.log,firewall_event,0
2024-01-05 06:00:00,16,webserver.log,vpn_connection,0
2024-01-05 06:00:00,18,auth.log,web_access,0
2024-01-05 06:00:00,12,vpn.log,firewall_event,0
2024-01-05 06:00:00,21,webserver.log,web_access,0
2024-01-05 06:00:00,18,vpn.log,vpn_connection,0
2024-01-05 07:00:00,19,auth.log,user_auth,0
2024-01-05 07:00:00,23,webserver.log,firewall_event,0
2024-01-05 07:00:00,345,auth.log,firewall_event,1
2024-01-05 07:00:00,13,vpn.log,vpn_connection,0
2024-01-05 07:00:00,21,auth.log,web_access,0
2024-01-05 07:00:00,20,vpn.log,firewall_event,0
2024-01-05 07:00:00,24,webserver.log,user_auth,0
2024-01-05 07:00:00,23,vpn.log,user_auth,0
2024-01-05 08:00:00,24,webserver.log,web_access,0
2024-01-05 08:00:00,26,webserver.log,firewall_event,0
2024-01-05 08:00:00,15,webserver.log,web_access,0
2024-01-05 08:00:00,17,vpn.log,firewall_event,0
2024-01-05 08:00:00,16,firewall.log,user_auth,0
2024-01-05 08:00:00,27,webserver.log,vpn_connection,0
2024-01-05 08:00:00,12,auth.log,web_access,0
2024-01-05 08:00:00,25,firewall.log,web_access,0
2024-01-05 08:00:00,17,webserver.log,vpn_connection,0
2024-01-05 08:00:00,29,vpn.log,vpn_connection,0
2024-01-05 09:00:00,23,auth.log,vpn_connection,0
2024-01-05 09:00:00,17,auth.log,web_access,0
2024-01-05 09:00:00,24,auth.log,user_auth,0
2024-01-05 09:00:00,13,vpn.log,vpn_connection,0
2024-01-05 09:00:00,19,firewall.log,user_auth,0
2024-01-05 09:00:00,16,webserver.log,firewall_event,0
2024-01-05 09:00:00,22,firewall.log,firewall_event,0
2024-01-05 09:00:00,26,vpn.log,vpn_connection,0
2024-01-05 09:00:00,25,vpn.log,web_access,0
2024-01-05 10:00:00,18,auth.log,firewall_event,0
2024-01-05 10:00:00,16,vpn.log,user_auth,0
2024-01-05 10:00:00,14,firewall.log,user_auth,0
2024-01-05 10:00:00,24,firewall.log,user_auth,0
2024-01-05 10:00:00,22,vpn.log,user_auth,0
2024-01-05 10:00:00,24,auth.log,firewall_event,0
2024-01-05 10:00:00,22,auth.log,web_access,0
2024-01-05 10:00:00,26,firewall.log,user_auth,0
2024-01-05 10:00:00,19,webserver.log,firewall_event,0
2024-01-05 10:00:00,16,vpn.log,firewall_event,0
2024-01-05 11:00:00,18,firewall.log,user_auth,0
2024-01-05 11:00:00,22,webserver.log,firewall_event,0
2024-01-05 11:00:00,21,firewall.log,firewall_event,0
2024-01-05 11:00:00,22,auth.log,firewall_event,0
2024-01-05 11:00:00,29,webserver.log,user_auth,0
2024-01-05 11:00:00,23,vpn.log,vpn_connection,0
2024-01-05 12:00:00,21,auth.log,web_access,0
2024-01-05 12:00:00,19,auth.log,user_auth,0
2024-01-05 12:00:00,21,auth.log,user_auth,0
2024-01-05 12:00:00,19,firewall.log,vpn_connection,0
2024-01-05 12:00:00,27,webserver.log,firewall_event,0
2024-01-05 12:00:00,26,vpn.log,user_auth,0
2024-01-05 12:00:00,22,vpn.log,vpn_connection,0
2024-01-05 12:00:00,13,firewall.log,firewall_event,0
2024-01-05 12:00:00,11,webserver.log,user_auth,0
2024-01-05 12:00:00,22,auth.log,user_auth,0
2024-01-05 12:00:00,21,vpn.log,vpn_connection,0
2024-01-05 12:00:00,22,auth.log,web_access,0
2024-01-05 12:00:00,26,vpn.log,web_access,0
2024-01-05 12:00:00,16,vpn.log,firewall_event,0
2024-01-05 13:00:00,19,firewall.log,user_auth,0
2024-01-05 13:00:00,18,firewall.log,vpn_connection,0
2024-01-05 13:00:00,29,vpn.log,firewall_event,0
2024-01-05 13:00:00,12,firewall.log,firewall_event,0
2024-01-05 13:00:00,20,auth.log,firewall_event,0
2024-01-05 13:00:00,15,vpn.log,firewall_event,0
2024-01-05 13:00:00,19,auth.log,user_auth,0
2024-01-05 13:00:00,18,vpn.log,vpn_connection,0
2024-01-05 13:00:00,14,firewall.log,vpn_connection,0
2024-01-05 13:00:00,22,webserver.log,vpn_connection,0
2024-01-05 13:00:00,25,webserver.log,web_access,0
2024-01-05 13:00:00,26,vpn.log,web_access,0
2024-01-05 13:00:00,20,vpn.log,vpn_connection,0
2024-01-05 14:00:00,20,auth.log,web_access,0
2024-01-05 14:00:00,17,webserver.log,firewall_event,0
2024-01-05 14:00:00,26,vpn.log,user_auth,0
2024-01-05 14:00:00,19,auth.log,firewall_event,0
2024-01-05 14:00:00,18,webserver.log,user_auth,0
2024-01-05 14:00:00,22,webserver.log,user_auth,0
2024-01-05 14:00:00,14,auth.log,vpn_connection,0
2024-01-05 14:00:00,29,webserver.log,user_auth,0
2024-01-05 14:00:00,20,vpn.log,user_auth,0
2024-01-05 15:00:00,25,vpn.log,vpn_connection,0
2024-01-05 15:00:00,19,webserver.log,vpn_connection,0
2024-01-05 15:00:00,24,auth.log,firewall_event,0
2024-01-05 15:00:00,30,auth.log,user_auth,0
2024-01-05 15:00:00,21,vpn.log,user_auth,0
2024-01-05 15:00:00,16,vpn.log,web_access,0
2024-01-05 15:00:00,22,vpn.log,web_access,0
2024-01-05 15:00:00,15,firewall.log,user_auth,0
2024-01-05 15:00:00,14,webserver.log,firewall_event,0
2024-01-05 15:00:00,18,vpn.log,firewall_event,0
2024-01-05 16:00:00,15,webserver.log,user_auth,0
2024-01-05 16:00:00,16,firewall.log,firewall_event,0
2024-01-05 16:00:00,17,vpn.log,vpn_connection,0
2024-01-05 16:00:00,24,auth.log,vpn_connection,0
2024-01-05 16:00:00,15,webserver.log,web_access,0
2024-01-05 16:00:00,13,firewall.log,vpn_connection,0
2024-01-05 16:00:00,9,vpn.log,firewall_event,0
2024-01-05 16:00:00,20,auth.log,vpn_connection,0
2024-01-05 16:00:00,15,vpn.log,user_auth,0
2024-01-05 17:00:00,18,vpn.log,web_access,0
2024-01-05 17:00:00,22,webserver.log,user_auth,0
2024-01-05 17:00:00,22,auth.log,web_access,0
2024-01-05 17:00:00,20,webserver.log,web_access,0
2024-01-05 17:00:00,22,webserver.log,user_auth,0
2024-01-05 18:00:00,25,auth.log,firewall_event,0
2024-01-05 18:00:00,19,auth.log,web_access,0
2024-01-05 18:00:00,23,vpn.log,web_access,0
2024-01-05 18:00:00,17,webserver.log,user_auth,0
2024-01-05 18:00:00,24,firewall.log,vpn_connection,0
2024-01-05 18:00:00,14,vpn.log,firewall_event,0
2024-01-05 18:00:00,22,webserver.log,user_auth,0
2024-01-05 18:00:00,18,webserver.log,vpn_connection,0
2024-01-05 18:00:00,25,vpn.log,web_access,0
2024-01-05 18:00:00,16,vpn.log,user_auth,0
2024-01-05 18:00:00,31,vpn.log,user_auth,0
2024-01-05 18:00:00,17,webserver.log,web_access,0
2024-01-05 18:00:00,17,auth.log,user_auth,0
2024-01-05 19:00:00,20,auth.log,vpn_connection,0
2024-01-05 19:00:00,18,webserver.log,vpn_connection,0
2024-01-05 19:00:00,21,vpn.log,user_auth,0
2024-01-05 19:00:00,24,vpn.log,firewall_event,0
2024-01-05 19:00:00,17,firewall.log,firewall_event,0
2024-01-05 19:00:00,19,firewall.log,firewall_event,0
2024-01-05 19:00:00,16,auth.log,vpn_connection,0
2024-01-05 20:00:00,20,vpn.log,firewall_event,0
2024-01-05 20:00:00,22,vpn.log,firewall_event,0
2024-01-05 20:00:00,21,vpn.log,user_auth,0
2024-01-05 20:00:00,328,webserver.log,firewall_event,1
2024-01-05 20:00:00,22,auth.log,user_auth,0
2024-01-05 20:00:00,27,firewall.log,firewall_event,0
2024-01-05 20:00:00,17,auth.log,firewall_event,0
2024-01-05 20:00:00,18,firewall.log,web_access,0
2024-01-05 20:00:00,14,webserver.log,firewall_event,0
2024-01-05 20:00:00,17,auth.log,vpn_connection,0
2024-01-05 20:00:00,21,firewall.log,firewall_event,0
2024-01-05 21:00:00,18,vpn.log,vpn_connection,0
2024-01-05 21:00:00,16,vpn.log,web_access,0
2024-01-05 21:00:00,20,webserver.log,web_access,0
2024-01-05 21:00:00,12,auth.log,firewall_event,0
2024-01-05 21:00:00,13,webserver.log,user_auth,0
2024-01-05 21:00:00,13,auth.log,vpn_connection,0
2024-01-05 21:00:00,23,vpn.log,web_access,0
2024-01-05 21:00:00,16,firewall.log,firewall_event,0
2024-01-05 21:00:00,23,firewall.log,user_auth,0
2024-01-05 21:00:00,19,auth.log,user_auth,0
2024-01-05 21:00:00,24,auth.log,firewall_event,0
2024-01-05 21:00:00,14,firewall.log,vpn_connection,0
2024-01-05 21:00:00,21,firewall.log,user_auth,0
2024-01-05 22:00:00,20,auth.log,web_access,0
2024-01-05 22:00:00,24,firewall.log,firewall_event,0
2024-01-05 22:00:00,12,vpn.log,vpn_connection,0
2024-01-05 22:00:00,25,auth.log,web_access,0
2024-01-05 22:00:00,24,firewall.log,firewall_event,0
2024-01-05 22:00:00,19,webserver.log,firewall_event,0
2024-01-05 22:00:00,22,vpn.log,web_access,0
2024-01-05 22:00:00,20,firewall.log,vpn_connection,0
2024-01-05 22:00:00,21,vpn.log,user_auth,0
2024-01-05 22:00:00,19,firewall.log,web_access,0
2024-01-05 22:00:00,29,vpn.log,vpn_connection,0
2024-01-05 22:00:00,18,auth.log,web_access,0
2024-01-05 22:00:00,21,auth.log,vpn_connection,0
2024-01-05 22:00:00,13,firewall.log,web_access,0
2024-01-05 23:00:00,20,firewall.log,firewall_event,0
2024-01-05 23:00:00,17,auth.log,vpn_connection,0
2024-01-05 23:00:00,27,firewall.log,web_access,0
2024-01-05 23:00:00,20,auth.log,web_access,0
2024-01-05 23:00:00,17,firewall.log,web_access,0
2024-01-05 23:00:00,10,auth.log,user_auth,0
2024-01-05 23:00:00,17,vpn.log,web_access,0
2024-01-05 23:00:00,17,auth.log,user_auth,0
2024-01-05 23:00:00,19,vpn.log,user_auth,0
2024-01-05 23:00:00,22,firewall.log,web_access,0
2024-01-05 23:00:00,16,vpn.log,firewall_event,0
2024-01-05 23:00:00,20,firewall.log,web_access,0
2024-01-05 23:00:00,21,vpn.log,user_auth,0
2024-01-05 23:00:00,16,vpn.log,user_auth,0
2024-01-06 00:00:00,32,webserver.log,web_access,0
2024-01-06 00:00:00,18,firewall.log,firewall_event,0
2024-01-06 00:00:00,30,firewall.log,web_access,0
2024-01-06 00:00:00,22,auth.log,web_access,0
2024-01-06 00:00:00,29,webserver.log,firewall_event,0
2024-01-06 00:00:00,16,vpn.log,firewall_event,0
2024-01-06 00:00:00,19,vpn.log,user_auth,0
2024-01-06 00:00:00,19,auth.log,user_auth,0
2024-01-06 00:00:00,12,firewall.log,firewall_event,0
2024-01-06 00:00:00,21,firewall.log,web_access,0
2024-01-06 00:00:00,35,firewall.log,web_access,0
2024-01-06 00:00:00,19,auth.log,firewall_event,0
2024-01-06 00:00:00,21,webserver.log,user_auth,0
2024-01-06 00:00:00,21,auth.log,firewall_event,0
2024-01-06 01:00:00,21,vpn.log,vpn_connection,0
2024-01-06 01:00:00,21,auth.log,vpn_connection,0
2024-01-06 01:00:00,17,vpn.log,web_access,0
2024-01-06 01:00:00,21,webserver.log,web_access,0
2024-01-06 01:00:00,16,auth.log,vpn_connection,0
2024-01-06 01:00:00,28,firewall.log,vpn_connection,0
2024-01-06 01:00:00,18,auth.log,web_access,0
2024-01-06 01:00:00,16,auth.log,web_access,0
2024-01-06 01:00:00,20,auth.log,firewall_event,0
2024-01-06 01:00:00,19,webserver.log,web_access,0
2024-01-06 01:00:00,21,vpn.log,user_auth,0
2024-01-06 01:00:00,15,vpn.log,user_auth,0
2024-01-06 01:00:00,18,firewall.log,vpn_connection,0
2024-01-06 01:00:00,11,webserver.log,firewall_event,0
2024-01-06 02:00:00,24,auth.log,web_access,0
2024-01-06 02:00:00,18,auth.log,web_access,0
2024-01-06 02:00:00,14,auth.log,web_access,0
2024-01-06 02:00:00,14,auth.log,vpn_connection,0
2024-01-06 02:00:00,20,webserver.log,web_access,0
2024-01-06 02:00:00,19,vpn.log,user_auth,0
2024-01-06 02:00:00,15,webserver.log,vpn_connection,0
2024-01-06 02:00:00,20,auth.log,web_access,0
2024-01-06 02:00:00,24,webserver.log,user_auth,0
2024-01-06 02:00:00,22,vpn.log,web_access,0
2024-01-06 02:00:00,22,auth.log,web_access,0
2024-01-06 03:00:00,25,auth.log,web_access,0
2024-01-06 03:00:00,16,firewall.log,vpn_connection,0
2024-01-06 03:00:00,26,vpn.log,firewall_event,0
2024-01-06 03:00:00,25,auth.log,vpn_connection,0
2024-01-06 03:00:00,21,auth.log,web_access,0
2024-01-06 03:00:00,21,firewall.log,user_auth,0
2024-01-06 03:00:00,24,auth.log,vpn_connection,0
2024-01-06 03:00:00,16,webserver.log,vpn_connection,0
2024-01-06 03:00:00,16,webserver.log,vpn_connection,0
2024-01-06 03:00:00,21,auth.log,user_auth,0
2024-01-06 03:00:00,23,firewall.log,user_auth,0
2024-01-06 03:00:00,28,auth.log,user_auth,0
2024-01-06 04:00:00,22,auth.log,firewall_event,0
2024-01-06 04:00:00,20,webserver.log,firewall_event,0
2024-01-06 04:00:00,23,firewall.log,vpn_connection,0
2024-01-06 04:00:00,24,webserver.log,vpn_connection,0
2024-01-06 04:00:00,21,firewall.log,user_auth,0
2024-01-06 04:00:00,18,webserver.log,user_auth,0
2024-01-06 04:00:00,14,firewall.log,firewall_event,0
2024-01-06 04:00:00,15,firewall.log,web_access,0
2024-01-06 04:00:00,23,vpn.log,vpn_connection,0
2024-01-06 04:00:00,21,auth.log,web_access,0
2024-01-06 04:00:00,21,auth.log,user_auth,0
2024-01-06 04:00:00,24,vpn.log,web_access,0
2024-01-06 04:00:00,18,firewall.log,user_auth,0
2024-01-06 05:00:00,22,firewall.log,web_access,0
2024-01-06 05:00:00,14,auth.log,firewall_event,0
2024-01-06 05:00:00,28,firewall.log,vpn_connection,0
2024-01-06 05:00:00,22,webserver.log,web_access,0
2024-01-06 05:00:00,26,webserver.log,user_auth,0
2024-01-06 05:00:00,21,vpn.log,user_auth,0
2024-01-06 05:00:00,21,webserver.log,user_auth,0
2024-01-06 05:00:00,16,firewall.log,user_auth,0
2024-01-06 05:00:00,14,auth.log,web_access,0
2024-01-06 05:00:00,13,firewall.log,web_access,0
2024-01-06 06:00:00,25,firewall.log,firewall_event,0
2024-01-06 06:00:00,19,firewall.log,web_access,0
2024-01-06 06:00:00,17,firewall.log,vpn_connection,0
2024-01-06 06:00:00,14,vpn.log,vpn_connection,0
2024-01-06 06:00:00,23,vpn.log,web_access,0
2024-01-06 06:00:00,20,auth.log,user_auth,0
2024-01-06 06:00:00,15,vpn.log,user_auth,0
2024-01-06 07:00:00,20,vpn.log,vpn_connection,0
2024-01-06 07:00:00,16,auth.log,user_auth,0
2024-01-06 07:00:00,17,firewall.log,vpn_connection,0
2024-01-06 07:00:00,24,auth.log,user_auth,0
2024-01-06 07:00:00,11,auth.log,firewall_event,0
2024-01-06 07:00:00,28,vpn.log,vpn_connection,0
2024-01-06 07:00:00,19,webserver.log,firewall_event,0
2024-01-06 07:00:00,21,firewall.log,vpn_connection,0
2024-01-06 08:00:00,22,webserver.log,web_access,0
2024-01-06 08:00:00,23,vpn.log,user_auth,0
2024-01-06 08:00:00,27,firewall.log,web_access,0
2024-01-06 08:00:00,23,auth.log,web_access,0
2024-01-06 08:00:00,19,auth.log,user_auth,0
2024-01-06 08:00:00,19,firewall.log,web_access,0
2024-01-06 08:00:00,14,webserver.log,user_auth,0
2024-01-06 08:00:00,18,vpn.log,web_access,0
2024-01-06 08:00:00,20,firewall.log,vpn_connection,0
2024-01-06 08:00:00,18,webserver.log,firewall_event,0
2024-01-06 08:00:00,26,vpn.log,web_access,0
2024-01-06 09:00:00,19,firewall.log,vpn_connection,0
2024-01-06 09:00:00,15,webserver.log,vpn_connection,0
2024-01-06 09:00:00,21,auth.log,user_auth,0
2024-01-06 09:00:00,14,vpn.log,user_auth,0
2024-01-06 09:00:00,23,auth.log,vpn_connection,0
2024-01-06 09:00:00,21,auth.log,vpn_connection,0
2024-01-06 09:00:00,21,vpn.log,user_auth,0
2024-01-06 09:00:00,20,webserver.log,vpn_connection,0
2024-01-06 09:00:00,27,vpn.log,web_access,0
2024-01-06 10:00:00,15,auth.log,firewall_event,0
2024-01-06 10:00:00,24,webserver.log,firewall_event,0
2024-01-06 10:00:00,12,auth.log,vpn_connection,0
2024-01-06 10:00:00,34,vpn.log,user_auth,0
2024-01-06 10:00:00,20,auth.log,user_auth,0
2024-01-06 10:00:00,22,auth.log,user_auth,0
2024-01-06 10:00:00,30,auth.log,user_auth,0
2024-01-06 11:00:00,21,vpn.log,firewall_event,0
2024-01-06 11:00:00,14,firewall.log,vpn_connection,0
2024-01-06 11:00:00,25,webserver.log,firewall_event,0
2024-01-06 11:00:00,16,webserver.log,vpn_connection,0
2024-01-06 11:00:00,12,webserver.log,vpn_connection,0
2024-01-06 11:00:00,19,auth.log,user_auth,0
2024-01-06 11:00:00,15,firewall.log,firewall_event,0
2024-01-06 11:00:00,20,webserver.log,web_access,0
2024-01-06 11:00:00,17,firewall.log,user_auth,0
2024-01-06 12:00:00,12,vpn.log,user_auth,0
2024-01-06 12:00:00,15,firewall.log,vpn_connection,0
2024-01-06 12:00:00,10,webserver.log,firewall_event,0
2024-01-06 12:00:00,20,auth.log,web_access,0
2024-01-06 12:00:00,14,webserver.log,firewall_event,0
2024-01-06 12:00:00,12,auth.log,firewall_event,0
2024-01-06 12:00:00,26,vpn.log,vpn_connection,0
2024-01-06 12:00:00,10,webserver.log,user_auth,0
2024-01-06 12:00:00,15,vpn.log,vpn_connection,0
2024-01-06 12:00:00,25,vpn.log,vpn_connection,0
2024-01-06 12:00:00,15,firewall.log,web_access,0
2024-01-06 12:00:00,20,webserver.log,vpn_connection,0
2024-01-06 12:00:00,30,webserver.log,web_access,0
2024-01-06 12:00:00,312,webserver.log,web_access,1
2024-01-06 13:00:00,18,firewall.log,vpn_connection,0
2024-01-06 13:00:00,22,auth.log,firewall_event,0
2024-01-06 13:00:00,32,webserver.log,vpn_connection,0
2024-01-06 13:00:00,15,vpn.log,vpn_connection,0
2024-01-06 13:00:00,16,vpn.log,web_access,0
2024-01-06 13:00:00,18,vpn.log,user_auth,0
2024-01-06 13:00:00,22,auth.log,vpn_connection,0
2024-01-06 14:00:00,25,webserver.log,user_auth,0
2024-01-06 14:00:00,15,auth.log,user_auth,0
2024-01-06 14:00:00,23,firewall.log,firewall_event,0
2024-01-06 14:00:00,26,auth.log,web_access,0
2024-01-06 14:00:00,14,webserver.log,user_auth,0
2024-01-06 14:00:00,19,auth.log,web_access,0
2024-01-06 14:00:00,14,firewall.log,firewall_event,0
2024-01-06 14:00:00,14,auth.log,web_access,0
2024-01-06 14:00:00,18,firewall.log,user_auth,0
2024-01-06 14:00:00,19,vpn.log,user_auth,0
2024-01-06 14:00:00,21,vpn.log,user_auth,0
2024-01-06 15:00:00,17,webserver.log,web_access,0
2024-01-06 15:00:00,25,webserver.log,web_access,0
2024-01-06 15:00:00,18,vpn.log,user_auth,0
2024-01-06 15:00:00,15,webserver.log,firewall_event,0
2024-01-06 15:00:00,19,firewall.log,firewall_event,0
2024-01-06 15:00:00,15,auth.log,firewall_event,0
2024-01-06 15:00:00,27,firewall.log,vpn_connection,0
2024-01-06 15:00:00,17,auth.log,user_auth,0
2024-01-06 15:00:00,21,firewall.log,user_auth,0
2024-01-06 15:00:00,23,vpn.log,vpn_connection,0
2024-01-06 15:00:00,16,webserver.log,vpn_connection,0
2024-01-06 16:00:00,26,webserver.log,firewall_event,0
2024-01-06 16:00:00,21,webserver.log,web_access,0
2024-01-06 16:00:00,21,firewall.log,web_access,0
2024-01-06 16:00:00,15,vpn.log,firewall_event,0
2024-01-06 16:00:00,21,auth.log,web_access,0
2024-01-06 17:00:00,12,vpn.log,user_auth,0
2024-01-06 17:00:00,20,firewall.log,firewall_event,0
2024-01-06 17:00:00,19,firewall.log,vpn_connection,0
2024-01-06 17:00:00,22,auth.log,firewall_event,0
2024-01-06 17:00:00,28,vpn.log,vpn_connection,0
2024-01-06 17:00:00,26,auth.log,firewall_event,0
2024-01-06 17:00:00,22,firewall.log,web_access,0
2024-01-06 17:00:00,17,firewall.log,user_auth,0
2024-01-06 17:00:00,16,vpn.log,user_auth,0
2024-01-06 17:00:00,26,firewall.log,vpn_connection,0
2024-01-06 17:00:00,16,auth.log,firewall_event,0
2024-01-06 17:00:00,17,firewall.log,firewall_event,0
2024-01-06 17:00:00,29,webserver.log,web_access,0
2024-01-06 18:00:00,15,webserver.log,vpn_connection,0
2024-01-06 18:00:00,10,auth.log,vpn_connection,0
2024-01-06 18:00:00,19,vpn.log,firewall_event,0
2024-01-06 18:00:00,18,firewall.log,vpn_connection,0
2024-01-06 18:00:00,17,auth.log,web_access,0
2024-01-06 18:00:00,18,vpn.log,vpn_connection,0
2024-01-06 18:00:00,22,auth.log,user_auth,0
2024-01-06 18:00:00,17,vpn.log,firewall_event,0
2024-01-06 18:00:00,21,firewall.log,vpn_connection,0
2024-01-06 18:00:00,24,firewall.log,user_auth,0
2024-01-06 18:00:00,18,webserver.log,user_auth,0
2024-01-06 19:00:00,16,webserver.log,vpn_connection,0
2024-01-06 19:00:00,15,vpn.log,web_access,0
2024-01-06 19:00:00,26,firewall.log,vpn_connection,0
2024-01-06 19:00:00,21,webserver.log,firewall_event,0
2024-01-06 19:00:00,22,webserver.log,vpn_connection,0
2024-01-06 19:00:00,16,vpn.log,user_auth,0
2024-01-06 19:00:00,25,webserver.log,firewall_event,0
2024-01-06 19:00:00,19,vpn.log,user_auth,0
2024-01-06 19:00:00,20,auth.log,firewall_event,0
2024-01-06 19:00:00,28,vpn.log,user_auth,0
2024-01-06 19:00:00,20,firewall.log,firewall_event,0
2024-01-06 19:00:00,14,webserver.log,web_access,0
2024-01-06 19:00:00,21,vpn.log,user_auth,0
2024-01-06 19:00:00,12,auth.log,web_access,0
2024-01-06 20:00:00,17,vpn.log,user_auth,0
2024-01-06 20:00:00,17,firewall.log,firewall_event,0
2024-01-06 20:00:00,14,firewall.log,firewall_event,0
2024-01-06 20:00:00,18,webserver.log,vpn_connection,0
2024-01-06 20:00:00,19,firewall.log,firewall_event,0
2024-01-06 20:00:00,20,auth.log,web_access,0
2024-01-06 20:00:00,16,auth.log,user_auth,0
2024-01-06 20:00:00,21,auth.log,firewall_event,0
2024-01-06 20:00:00,24,vpn.log,web_access,0
2024-01-06 20:00:00,22,firewall.log,web_access,0
2024-01-06 20:00:00,16,firewall.log,vpn_connection,0
2024-01-06 21:00:00,23,vpn.log,web_access,0
2024-01-06 21:00:00,17,auth.log,firewall_event,0
2024-01-06 21:00:00,21,webserver.log,user_auth,0
2024-01-06 21:00:00,13,vpn.log,firewall_event,0
2024-01-06 21:00:00,17,vpn.log,firewall_event,0
2024-01-06 21:00:00,23,auth.log,firewall_event,0
2024-01-06 22:00:00,20,auth.log,firewall_event,0
2024-01-06 22:00:00,22,webserver.log,vpn_connection,0
2024-01-06 22:00:00,16,firewall.log,firewall_event,0
2024-01-06 22:00:00,24,vpn.log,firewall_event,0
2024-01-06 22:00:00,22,vpn.log,user_auth,0
2024-01-06 22:00:00,26,webserver.log,web_access,0
2024-01-06 22:00:00,24,vpn.log,web_access,0
2024-01-06 22:00:00,13,vpn.log,web_access,0
2024-01-06 23:00:00,16,firewall.log,firewall_event,0
2024-01-06 23:00:00,25,webserver.log,user_auth,0
2024-01-06 23:00:00,16,webserver.log,firewall_event,0
2024-01-06 23:00:00,15,webserver.log,firewall_event,0
2024-01-06 23:00:00,19,auth.log,user_auth,0
2024-01-06 23:00:00,27,webserver.log,firewall_event,0
2024-01-06 23:00:00,11,auth.log,vpn_connection,0
2024-01-06 23:00:00,17,webserver.log,vpn_connection,0
2024-01-06 23:00:00,14,webserver.log,firewall_event,0
2024-01-06 23:00:00,21,firewall.log,vpn_connection,0
2024-01-06 23:00:00,15,firewall.log,firewall_event,0
2024-01-06 23:00:00,20,firewall.log,vpn_connection,0
2024-01-06 23:00:00,27,firewall.log,user_auth,0
2024-01-06 23:00:00,16,webserver.log,user_auth,0
2024-01-07 00:00:00,24,vpn.log,vpn_connection,0
2024-01-07 00:00:00,23,firewall.log,user_auth,0
2024-01-07 00:00:00,25,vpn.log,web_access,0
2024-01-07 00:00:00,22,vpn.log,user_auth,0
2024-01-07 00:00:00,24,webserver.log,web_access,0
2024-01-07 00:00:00,30,firewall.log,web_access,0
2024-01-07 00:00:00,14,firewall.log,firewall_event,0
2024-01-07 00:00:00,25,vpn.log,vpn_connection,0
2024-01-07 01:00:00,24,firewall.log,user_auth,0
2024-01-07 01:00:00,19,firewall.log,user_auth,0
2024-01-07 01:00:00,25,webserver.log,web_access,0
2024-01-07 01:00:00,25,webserver.log,firewall_event,0
2024-01-07 01:00:00,28,auth.log,firewall_event,0
2024-01-07 01:00:00,23,webserver.log,vpn_connection,0
2024-01-07 01:00:00,22,webserver.log,web_access,0
2024-01-07 01:00:00,21,vpn.log,user_auth,0
2024-01-07 01:00:00,23,webserver.log,user_auth,0
2024-01-07 01:00:00,20,vpn.log,vpn_connection,0
2024-01-07 01:00:00,19,vpn.log,firewall_event,0
2024-01-07 01:00:00,12,auth.log,firewall_event,0
2024-01-07 01:00:00,23,vpn.log,web_access,0
2024-01-07 01:00:00,16,firewall.log,web_access,0
2024-01-07 02:00:00,349,firewall.log,user_auth,1
2024-01-07 02:00:00,18,webserver.log,firewall_event,0
2024-01-07 02:00:00,21,vpn.log,vpn_connection,0
2024-01-07 02:00:00,19,auth.log,user_auth,0
2024-01-07 02:00:00,26,firewall.log,vpn_connection,0
2024-01-07 03:00:00,16,webserver.log,firewall_event,0
2024-01-07 03:00:00,21,firewall.log,vpn_connection,0
2024-01-07 03:00:00,17,auth.log,web_access,0
2024-01-07 03:00:00,26,auth.log,firewall_event,0
2024-01-07 03:00:00,23,firewall.log,vpn_connection,0
2024-01-07 03:00:00,25,auth.log,firewall_event,0
2024-01-07 04:00:00,21,firewall.log,user_auth,0
2024-01-07 04:00:00,18,vpn.log,vpn_connection,0
2024-01-07 04:00:00,18,webserver.log,web_access,0
2024-01-07 04:00:00,22,webserver.log,user_auth,0
2024-01-07 04:00:00,25,webserver.log,web_access,0
2024-01-07 04:00:00,19,auth.log,web_access,0
2024-01-07 04:00:00,23,vpn.log,firewall_event,0
2024-01-07 05:00:00,23,vpn.log,vpn_connection,0
2024-01-07 05:00:00,17,firewall.log,vpn_connection,0
2024-01-07 05:00:00,19,firewall.log,vpn_connection,0
2024-01-07 05:00:00,20,auth.log,user_auth,0
2024-01-07 05:00:00,19,webserver.log,user_auth,0
2024-01-07 05:00:00,22,firewall.log,web_access,0
2024-01-07 05:00:00,15,vpn.log,user_auth,0
2024-01-07 05:00:00,23,webserver.log,user_auth,0
2024-01-07 05:00:00,21,webserver.log,firewall_event,0
2024-01-07 05:00:00,12,firewall.log,vpn_connection,0
2024-01-07 05:00:00,18,webserver.log,firewall_event,0
2024-01-07 06:00:00,15,vpn.log,web_access,0
2024-01-07 06:00:00,16,vpn.log,firewall_event,0
2024-01-07 06:00:00,18,vpn.log,web_access,0
2024-01-07 06:00:00,24,auth.log,firewall_event,0
2024-01-07 06:00:00,17,webserver.log,web_access,0
2024-01-07 06:00:00,25,vpn.log,firewall_event,0
2024-01-07 06:00:00,23,auth.log,user_auth,0
2024-01-07 07:00:00,28,vpn.log,firewall_event,0
2024-01-07 07:00:00,14,auth.log,firewall_event,0
2024-01-07 07:00:00,21,vpn.log,firewall_event,0
2024-01-07 07:00:00,18,firewall.log,firewall_event,0
2024-01-07 07:00:00,24,vpn.log,vpn_connection,0
2024-01-07 07:00:00,22,vpn.log,user_auth,0
2024-01-07 07:00:00,20,webserver.log,firewall_event,0
2024-01-07 07:00:00,20,webserver.log,firewall_event,0
2024-01-07 07:00:00,15,firewall.log,firewall_event,0
2024-01-07 07:00:00,22,vpn.log,user_auth,0
2024-01-07 07:00:00,21,vpn.log,firewall_event,0
2024-01-07 07:00:00,28,webserver.log,firewall_event,0
2024-01-07 07:00:00,23,firewall.log,user_auth,0
2024-01-07 07:00:00,18,firewall.log,vpn_connection,0
2024-01-07 08:00:00,22,auth.log,user_auth,0
2024-01-07 08:00:00,22,auth.log,firewall_event,0
2024-01-07 08:00:00,17,auth.log,user_auth,0
2024-01-07 08:00:00,24,vpn.log,web_access,0
2024-01-07 08:00:00,25,vpn.log,vpn_connection,0
2024-01-07 09:00:00,24,webserver.log,web_access,0
2024-01-07 09:00:00,14,auth.log,vpn_connection,0
2024-01-07 09:00:00,25,firewall.log,vpn_connection,0
2024-01-07 09:00:00,19,webserver.log,user_auth,0
2024-01-07 09:00:00,19,auth.log,user_auth,0
2024-01-07 09:00:00,21,firewall.log,firewall_event,0
2024-01-07 09:00:00,17,webserver.log,user_auth,0
2024-01-07 09:00:00,13,vpn.log,user_auth,0
2024-01-07 09:00:00,21,vpn.log,vpn_connection,0
2024-01-07 09:00:00,22,firewall.log,user_auth,0
2024-01-07 09:00:00,24,webserver.log,user_auth,0
2024-01-07 09:00:00,28,auth.log,web_access,0
2024-01-07 09:00:00,27,webserver.log,user_auth,0
2024-01-07 10:00:00,18,webserver.log,vpn_connection,0
2024-01-07 10:00:00,20,firewall.log,web_access,0
2024-01-07 10:00:00,32,vpn.log,firewall_event,0
2024-01-07 10:00:00,12,webserver.log,firewall_event,0
2024-01-07 10:00:00,21,auth.log,web_access,0
2024-01-07 10:00:00,24,vpn.log,vpn_connection,0
2024-01-07 10:00:00,22,firewall.log,vpn_connection,0
2024-01-07 11:00:00,20,vpn.log,web_access,0
2024-01-07 11:00:00,17,firewall.log,vpn_connection,0
2024-01-07 11:00:00,18,auth.log,web_access,0
2024-01-07 11:00:00,19,vpn.log,vpn_connection,0
2024-01-07 11:00:00,25,vpn.log,web_access,0
2024-01-07 11:00:00,17,webserver.log,firewall_event,0
2024-01-07 11:00:00,17,webserver.log,vpn_connection,0
2024-01-07 11:00:00,19,vpn.log,user_auth,0
2024-01-07 11:00:00,15,webserver.log,vpn_connection,0
2024-01-07 11:00:00,25,auth.log,firewall_event,0
2024-01-07 11:00:00,22,firewall.log,firewall_event,0
2024-01-07 11:00:00,17,vpn.log,vpn_connection,0
2024-01-07 11:00:00,28,firewall.log,user_auth,0
2024-01-07 11:00:00,19,firewall.log,web_access,0
2024-01-07 12:00:00,26,vpn.log,vpn_connection,0
2024-01-07 12:00:00,16,webserver.log,vpn_connection,0
2024-01-07 12:00:00,18,webserver.log,firewall_event,0
2024-01-07 12:00:00,23,firewall.log,vpn_connection,0
2024-01-07 12:00:00,17,vpn.log,firewall_event,0
2024-01-07 12:00:00,18,webserver.log,firewall_event,0
2024-01-07 12:00:00,21,webserver.log,user_auth,0
2024-01-07 12:00:00,21,firewall.log,web_access,0
2024-01-07 12:00:00,23,webserver.log,web_access,0
2024-01-07 12:00:00,22,vpn.log,vpn_connection,0
2024-01-07 12:00:00,20,auth.log,user_auth,0
2024-01-07 12:00:00,21,webserver.log,vpn_connection,0
2024-01-07 12:00:00,19,webserver.log,vpn_connection,0
2024-01-07 13:00:00,24,vpn.log,user_auth,0
2024-01-07 13:00:00,13,webserver.log,web_access,0
2024-01-07 13:00:00,26,vpn.log,vpn_connection,0
2024-01-07 13:00:00,17,firewall.log,user_auth,0
2024-01-07 13:00:00,25,firewall.log,vpn_connection,0
2024-01-07 13:00:00,15,webserver.log,vpn_connection,0
2024-01-07 13:00:00,350,firewall.log,user_auth,1
2024-01-07 13:00:00,18,vpn.log,web_access,0
2024-01-07 14:00:00,19,firewall.log,vpn_connection,0
2024-01-07 14:00:00,19,webserver.log,web_access,0
2024-01-07 14:00:00,23,vpn.log,firewall_event,0
2024-01-07 14:00:00,31,webserver.log,user_auth,0
2024-01-07 14:00:00,12,firewall.log,web_access,0
2024-01-07 14:00:00,15,vpn.log,vpn_connection,0
2024-01-07 14:00:00,19,firewall.log,web_access,0
2024-01-07 14:00:00,13,webserver.log,firewall_event,0
2024-01-07 14:00:00,16,firewall.log,firewall_event,0
2024-01-07 14:00:00,24,auth.log,user_auth,0
2024-01-07 14:00:00,26,auth.log,vpn_connection,0
2024-01-07 14:00:00,18,auth.log,user_auth,0
2024-01-07 14:00:00,23,auth.log,web_access,0
2024-01-07 14:00:00,18,auth.log,firewall_event,0
2024-01-07 15:00:00,11,auth.log,vpn_connection,0
2024-01-07 15:00:00,26,vpn.log,user_auth,0
2024-01-07 15:00:00,18,firewall.log,firewall_event,0
2024-01-07 15:00:00,24,webserver.log,firewall_event,0
2024-01-07 15:00:00,22,webserver.log,web_access,0
2024-01-07 15:00:00,29,firewall.log,firewall_event,0
2024-01-07 15:00:00,20,webserver.log,vpn_connection,0
2024-01-07 15:00:00,16,auth.log,vpn_connection,0
2024-01-07 15:00:00,13,firewall.log,firewall_event,0
2024-01-07 15:00:00,11,webserver.log,user_auth,0
2024-01-07 16:00:00,21,firewall.log,user_auth,0
2024-01-07 16:00:00,15,vpn.log,user_auth,0
2024-01-07 16:00:00,19,vpn.log,firewall_event,0
2024-01-07 16:00:00,24,firewall.log,web_access,0
2024-01-07 16:00:00,25,vpn.log,vpn_connection,0
2024-01-07 16:00:00,322,auth.log,web_access,1
2024-01-07 16:00:00,20,webserver.log,web_access,0
2024-01-07 16:00:00,21,vpn.log,firewall_event,0
2024-01-07 16:00:00,21,firewall.log,user_auth,0
2024-01-07 17:00:00,18,auth.log,vpn_connection,0
2024-01-07 17:00:00,19,firewall.log,web_access,0
2024-01-07 17:00:00,16,firewall.log,user_auth,0
2024-01-07 17:00:00,32,firewall.log,web_access,0
2024-01-07 17:00:00,20,auth.log,vpn_connection,0
2024-01-07 17:00:00,23,firewall.log,firewall_event,0
2024-01-07 18:00:00,14,vpn.log,vpn_connection,0
2024-01-07 18:00:00,20,webserver.log,firewall_event,0
2024-01-07 18:00:00,22,auth.log,firewall_event,0
2024-01-07 18:00:00,262,webserver.log,user_auth,1
2024-01-07 18:00:00,23,auth.log,user_auth,0
2024-01-07 18:00:00,19,webserver.log,firewall_event,0
2024-01-07 18:00:00,30,auth.log,vpn_connection,0
2024-01-07 18:00:00,18,webserver.log,user_auth,0
2024-01-07 18:00:00,14,webserver.log,vpn_connection,0
2024-01-07 18:00:00,16,auth.log,firewall_event,0
2024-01-07 18:00:00,16,webserver.log,user_auth,0
2024-01-07 18:00:00,24,auth.log,web_access,0
2024-01-07 19:00:00,18,vpn.log,web_access,0
2024-01-07 19:00:00,13,firewall.log,vpn_connection,0
2024-01-07 19:00:00,22,firewall.log,firewall_event,0
2024-01-07 19:00:00,24,webserver.log,user_auth,0
2024-01-07 19:00:00,26,vpn.log,firewall_event,0
2024-01-07 19:00:00,25,auth.log,user_auth,0
2024-01-07 19:00:00,21,auth.log,vpn_connection,0
2024-01-07 19:00:00,19,auth.log,web_access,0
2024-01-07 19:00:00,20,firewall.log,user_auth,0
2024-01-07 19:00:00,21,firewall.log,vpn_connection,0
2024-01-07 20:00:00,14,firewall.log,user_auth,0
2024-01-07 20:00:00,19,vpn.log,vpn_connection,0
2024-01-07 20:00:00,19,vpn.log,vpn_connection,0
2024-01-07 20:00:00,22,vpn.log,firewall_event,0
2024-01-07 20:00:00,22,auth.log,firewall_event,0
2024-01-07 20:00:00,20,auth.log,vpn_connection,0
2024-01-07 20:00:00,24,vpn.log,web_access,0
2024-01-07 20:00:00,20,webserver.log,firewall_event,0
2024-01-07 20:00:00,16,firewall.log,user_auth,0
2024-01-07 20:00:00,20,auth.log,web_access,0
2024-01-07 20:00:00,17,webserver.log,user_auth,0
2024-01-07 21:00:00,25,firewall.log,user_auth,0
2024-01-07 21:00:00,13,firewall.log,user_auth,0
2024-01-07 21:00:00,14,vpn.log,vpn_connection,0
2024-01-07 21:00:00,29,firewall.log,firewall_event,0
2024-01-07 21:00:00,23,firewall.log,web_access,0
2024-01-07 21:00:00,17,webserver.log,user_auth,0
2024-01-07 21:00:00,17,webserver.log,user_auth,0
2024-01-07 21:00:00,23,auth.log,user_auth,0
2024-01-07 21:00:00,22,firewall.log,vpn_connection,0
2024-01-07 21:00:00,27,webserver.log,user_auth,0
2024-01-07 21:00:00,18,vpn.log,user_auth,0
2024-01-07 22:00:00,11,firewall.log,user_auth,0
2024-01-07 22:00:00,28,webserver.log,vpn_connection,0
2024-01-07 22:00:00,20,firewall.log,user_auth,0
2024-01-07 22:00:00,18,webserver.log,web_access,0
2024-01-07 22:00:00,22,firewall.log,web_access,0
2024-01-07 22:00:00,17,webserver.log,web_access,0
2024-01-07 22:00:00,22,webserver.log,user_auth,0
2024-01-07 22:00:00,19,firewall.log,vpn_connection,0
2024-01-07 22:00:00,22,vpn.log,web_access,0
2024-01-07 22:00:00,19,auth.log,web_access,0
2024-01-07 22:00:00,16,webserver.log,user_auth,0
2024-01-07 22:00:00,19,firewall.log,vpn_connection,0
2024-01-07 22:00:00,13,auth.log,vpn_connection,0
2024-01-07 22:00:00,15,auth.log,user_auth,0
2024-01-07 23:00:00,30,webserver.log,firewall_event,0
2024-01-07 23:00:00,20,vpn.log,firewall_event,0
2024-01-07 23:00:00,32,webserver.log,user_auth,0
2024-01-07 23:00:00,25,vpn.log,firewall_event,0
2024-01-07 23:00:00,17,vpn.log,vpn_connection,0
2024-01-07 23:00:00,24,vpn.log,firewall_event,0
2024-01-07 23:00:00,20,vpn.log,firewall_event,0
2024-01-07 23:00:00,21,auth.log,firewall_event,0
2024-01-07 23:00:00,12,webserver.log,vpn_connection,0
2024-01-07 23:00:00,22,webserver.log,web_access,0
2024-01-08 00:00:00,22,auth.log,user_auth,0
2024-01-08 00:00:00,15,firewall.log,firewall_event,0
2024-01-08 00:00:00,16,vpn.log,web_access,0
2024-01-08 00:00:00,16,auth.log,user_auth,0
2024-01-08 00:00:00,20,vpn.log,user_auth,0
2024-01-08 00:00:00,22,webserver.log,web_access,0
2024-01-08 00:00:00,22,vpn.log,web_access,0
2024-01-08 00:00:00,17,firewall.log,web_access,0
2024-01-08 01:00:00,27,firewall.log,user_auth,0
2024-01-08 01:00:00,19,firewall.log,vpn_connection,0
2024-01-08 01:00:00,16,vpn.log,vpn_connection,0
2024-01-08 01:00:00,21,vpn.log,vpn_connection,0
2024-01-08 01:00:00,20,webserver.log,user_auth,0
2024-01-08 01:00:00,25,firewall.log,firewall_event,0
2024-01-08 01:00:00,20,auth.log,vpn_connection,0
2024-01-08 01:00:00,19,vpn.log,firewall_event,0
2024-01-08 01:00:00,25,vpn.log,web_access,0
2024-01-08 01:00:00,16,webserver.log,web_access,0
2024-01-08 01:00:00,18,auth.log,user_auth,0
2024-01-08 01:00:00,10,webserver.log,user_auth,0
2024-01-08 01:00:00,15,webserver.log,vpn_connection,0
2024-01-08 01:00:00,14,auth.log,web_access,0
2024-01-08 02:00:00,23,auth.log,firewall_event,0
2024-01-08 02:00:00,16,firewall.log,web_access,0
2024-01-08 02:00:00,18,webserver.log,web_access,0
2024-01-08 02:00:00,19,firewall.log,user_auth,0
2024-01-08 02:00:00,23,firewall.log,web_access,0
2024-01-08 02:00:00,17,webserver.log,web_access,0
2024-01-08 03:00:00,16,webserver.log,web_access,0
2024-01-08 03:00:00,18,webserver.log,vpn_connection,0
2024-01-08 03:00:00,25,vpn.log,vpn_connection,0
2024-01-08 03:00:00,19,firewall.log,user_auth,0
2024-01-08 03:00:00,17,webserver.log,vpn_connection,0
2024-01-08 03:00:00,16,firewall.log,user_auth,0
2024-01-08 03:00:00,20,webserver.log,web_access,0
2024-01-08 03:00:00,15,auth.log,user_auth,0
2024-01-08 03:00:00,17,auth.log,firewall_event,0
2024-01-08 03:00:00,13,vpn.log,web_access,0
2024-01-08 03:00:00,22,vpn.log,user_auth,0
2024-01-08 03:00:00,17,webserver.log,web_access,0
2024-01-08 03:00:00,14,vpn.log,vpn_connection,0
2024-01-08 04:00:00,17,webserver.log,firewall_event,0
2024-01-08 04:00:00,18,auth.log,vpn_connection,0
2024-01-08 04:00:00,14,webserver.log,vpn_connection,0
2024-01-08 04:00:00,26,webserver.log,firewall_event,0
2024-01-08 04:00:00,26,vpn.log,web_access,0
2024-01-08 04:00:00,15,vpn.log,web_access,0
2024-01-08 05:00:00,17,auth.log,web_access,0
2024-01-08 05:00:00,15,webserver.log,web_access,0
2024-01-08 05:00:00,31,webserver.log,user_auth,0
2024-01-08 05:00:00,22,firewall.log,user_auth,0
2024-01-08 05:00:00,22,firewall.log,firewall_event,0
2024-01-08 05:00:00,16,auth.log,vpn_connection,0
2024-01-08 05:00:00,18,firewall.log,user_auth,0
2024-01-08 05:00:00,19,webserver.log,user_auth,0
2024-01-08 05:00:00,21,firewall.log,vpn_connection,0
2024-01-08 05:00:00,20,vpn.log,vpn_connection,0
2024-01-08 06:00:00,22,webserver.log,user_auth,0
2024-01-08 06:00:00,20,auth.log,vpn_connection,0
2024-01-08 06:00:00,27,webserver.log,vpn_connection,0
2024-01-08 06:00:00,23,firewall.log,user_auth,0
2024-01-08 06:00:00,15,webserver.log,vpn_connection,0
2024-01-08 06:00:00,27,webserver.log,firewall_event,0
2024-01-08 06:00:00,20,firewall.log,user_auth,0
2024-01-08 06:00:00,14,webserver.log,vpn_connection,0
2024-01-08 06:00:00,22,vpn.log,vpn_connection,0
2024-01-08 07:00:00,15,auth.log,firewall_event,0
2024-01-08 07:00:00,23,vpn.log,user_auth,0
2024-01-08 07:00:00,22,auth.log,user_auth,0
2024-01-08 07:00:00,15,auth.log,user_auth,0
2024-01-08 07:00:00,23,auth.log,firewall_event,0
2024-01-08 07:00:00,21,firewall.log,vpn_connection,0
2024-01-08 07:00:00,18,webserver.log,firewall_event,0
2024-01-08 07:00:00,18,webserver.log,vpn_connection,0
2024-01-08 07:00:00,16,firewall.log,firewall_event,0
2024-01-08 07:00:00,19,vpn.log,vpn_connection,0
2024-01-08 07:00:00,383,webserver.log,web_access,1
2024-01-08 07:00:00,26,vpn.log,firewall_event,0
2024-01-08 07:00:00,22,auth.log,web_access,0
2024-01-08 08:00:00,22,vpn.log,firewall_event,0
2024-01-08 08:00:00,19,firewall.log,web_access,0
2024-01-08 08:00:00,24,webserver.log,user_auth,0
2024-01-08 08:00:00,27,webserver.log,user_auth,0
2024-01-08 08:00:00,16,vpn.log,web_access,0
2024-01-08 08:00:00,10,auth.log,web_access,0
2024-01-08 08:00:00,21,vpn.log,vpn_connection,0
2024-01-08 08:00:00,31,auth.log,firewall_event,0
2024-01-08 08:00:00,28,vpn.log,vpn_connection,0
2024-01-08 09:00:00,22,vpn.log,vpn_connection,0
2024-01-08 09:00:00,16,firewall.log,vpn_connection,0
2024-01-08 09:00:00,20,firewall.log,web_access,0
2024-01-08 09:00:00,21,firewall.log,user_auth,0
2024-01-08 09:00:00,24,webserver.log,firewall_event,0
2024-01-08 09:00:00,16,firewall.log,firewall_event,0
2024-01-08 09:00:00,20,firewall.log,firewall_event,0
2024-01-08 09:00:00,305,firewall.log,user_auth,1
2024-01-08 09:00:00,13,auth.log,user_auth,0
2024-01-08 10:00:00,13,firewall.log,web_access,0
2024-01-08 10:00:00,23,auth.log,vpn_connection,0
2024-01-08 10:00:00,17,vpn.log,firewall_event,0
2024-01-08 10:00:00,18,webserver.log,user_auth,0
2024-01-08 10:00:00,17,firewall.log,web_access,0
2024-01-08 10:00:00,19,vpn.log,user_auth,0
2024-01-08 10:00:00,12,firewall.log,firewall_event,0
2024-01-08 10:00:00,18,webserver.log,firewall_event,0
2024-01-08 10:00:00,21,firewall.log,user_auth,0
2024-01-08 10:00:00,24,vpn.log,vpn_connection,0
2024-01-08 10:00:00,21,webserver.log,vpn_connection,0
2024-01-08 10:00:00,27,webserver.log,user_auth,0
2024-01-08 10:00:00,24,webserver.log,vpn_connection,0
2024-01-08 11:00:00,21,firewall.log,user_auth,0
2024-01-08 11:00:00,18,vpn.log,user_auth,0
2024-01-08 11:00:00,19,webserver.log,vpn_connection,0
2024-01-08 11:00:00,23,firewall.log,firewall_event,0
2024-01-08 11:00:00,24,firewall.log,firewall_event,0
2024-01-08 12:00:00,28,auth.log,vpn_connection,0
2024-01-08 12:00:00,25,firewall.log,firewall_event,0
2024-01-08 12:00:00,25,firewall.log,web_access,0
2024-01-08 12:00:00,17,vpn.log,user_auth,0
2024-01-08 12:00:00,16,webserver.log,web_access,0
2024-01-08 12:00:00,21,auth.log,firewall_event,0
2024-01-08 12:00:00,8,firewall.log,vpn_connection,0
2024-01-08 12:00:00,20,firewall.log,web_access,0
2024-01-08 12:00:00,23,webserver.log,web_access,0
2024-01-08 12:00:00,13,auth.log,firewall_event,0
2024-01-08 13:00:00,24,firewall.log,firewall_event,0
2024-01-08 13:00:00,15,firewall.log,vpn_connection,0
2024-01-08 13:00:00,24,vpn.log,web_access,0
2024-01-08 13:00:00,19,webserver.log,user_auth,0
2024-01-08 13:00:00,24,webserver.log,firewall_event,0
2024-01-08 14:00:00,15,webserver.log,web_access,0
2024-01-08 14:00:00,21,vpn.log,firewall_event,0
2024-01-08 14:00:00,11,auth.log,user_auth,0
2024-01-08 14:00:00,23,auth.log,web_access,0
2024-01-08 14:00:00,25,auth.log,user_auth,0
2024-01-08 14:00:00,16,auth.log,vpn_connection,0
2024-01-08 14:00:00,20,firewall.log,vpn_connection,0
2024-01-08 14:00:00,11,firewall.log,vpn_connection,0
2024-01-08 14:00:00,22,firewall.log,user_auth,0
2024-01-08 14:00:00,20,auth.log,user_auth,0
2024-01-08 14:00:00,15,vpn.log,user_auth,0
2024-01-08 14:00:00,21,webserver.log,firewall_event,0
2024-01-08 15:00:00,13,vpn.log,user_auth,0
2024-01-08 15:00:00,13,auth.log,firewall_event,0
2024-01-08 15:00:00,21,auth.log,user_auth,0
2024-01-08 15:00:00,20,firewall.log,firewall_event,0
2024-01-08 15:00:00,28,webserver.log,web_access,0
2024-01-08 16:00:00,22,firewall.log,vpn_connection,0
2024-01-08 16:00:00,13,webserver.log,firewall_event,0
2024-01-08 16:00:00,21,auth.log,vpn_connection,0
2024-01-08 16:00:00,18,auth.log,web_access,0
2024-01-08 16:00:00,18,auth.log,vpn_connection,0
2024-01-08 16:00:00,31,firewall.log,firewall_event,0
2024-01-08 16:00:00,442,vpn.log,user_auth,1
2024-01-08 16:00:00,15,auth.log,vpn_connection,0
2024-01-08 16:00:00,18,firewall.log,user_auth,0
2024-01-08 16:00:00,16,webserver.log,vpn_connection,0
2024-01-08 16:00:00,19,webserver.log,web_access,0
2024-01-08 16:00:00,21,firewall.log,vpn_connection,0
2024-01-08 17:00:00,14,auth.log,user_auth,0
2024-01-08 17:00:00,28,vpn.log,firewall_event,0
2024-01-08 17:00:00,26,auth.log,user_auth,0
2024-01-08 17:00:00,15,auth.log,firewall_event,0
2024-01-08 17:00:00,18,auth.log,user_auth,0
2024-01-08 17:00:00,22,webserver.log,firewall_event,0
2024-01-08 17:00:00,24,auth.log,firewall_event,0
2024-01-08 17:00:00,25,firewall.log,user_auth,0
2024-01-08 17:00:00,20,auth.log,firewall_event,0
2024-01-08 17:00:00,19,firewall.log,firewall_event,0
2024-01-08 17:00:00,20,webserver.log,vpn_connection,0
2024-01-08 17:00:00,23,auth.log,web_access,0
2024-01-08 18:00:00,18,webserver.log,firewall_event,0
2024-01-08 18:00:00,15,vpn.log,user_auth,0
2024-01-08 18:00:00,21,webserver.log,user_auth,0
2024-01-08 18:00:00,20,webserver.log,user_auth,0
2024-01-08 18:00:00,18,firewall.log,firewall_event,0
2024-01-08 18:00:00,17,vpn.log,firewall_event,0
2024-01-08 18:00:00,23,webserver.log,web_access,0
2024-01-08 18:00:00,19,webserver.log,web_access,0
2024-01-08 18:00:00,17,firewall.log,firewall_event,0
2024-01-08 18:00:00,18,vpn.log,user_auth,0
2024-01-08 18:00:00,13,vpn.log,user_auth,0
2024-01-08 18:00:00,22,firewall.log,web_access,0
2024-01-08 19:00:00,25,vpn.log,vpn_connection,0
2024-01-08 19:00:00,227,firewall.log,user_auth,1
2024-01-08 19:00:00,20,vpn.log,user_auth,0
2024-01-08 19:00:00,22,vpn.log,web_access,0
2024-01-08 19:00:00,16,firewall.log,user_auth,0
2024-01-08 19:00:00,21,firewall.log,firewall_event,0
2024-01-08 19:00:00,20,auth.log,user_auth,0
2024-01-08 19:00:00,18,vpn.log,user_auth,0
2024-01-08 19:00:00,16,firewall.log,firewall_event,0
2024-01-08 19:00:00,26,auth.log,user_auth,0
2024-01-08 20:00:00,23,vpn.log,vpn_connection,0
2024-01-08 20:00:00,17,vpn.log,firewall_event,0
2024-01-08 20:00:00,22,auth.log,web_access,0
2024-01-08 20:00:00,14,auth.log,user_auth,0
2024-01-08 20:00:00,25,vpn.log,web_access,0
2024-01-08 20:00:00,19,auth.log,web_access,0
2024-01-08 20:00:00,22,webserver.log,user_auth,0
2024-01-08 20:00:00,19,vpn.log,vpn_connection,0
2024-01-08 20:00:00,16,auth.log,web_access,0
2024-01-08 20:00:00,14,webserver.log,vpn_connection,0
2024-01-08 20:00:00,24,vpn.log,vpn_connection,0
2024-01-08 20:00:00,17,webserver.log,web_access,0
2024-01-08 20:00:00,18,vpn.log,vpn_connection,0
2024-01-08 21:00:00,17,webserver.log,firewall_event,0
2024-01-08 21:00:00,20,webserver.log,user_auth,0
2024-01-08 21:00:00,21,auth.log,web_access,0
2024-01-08 21:00:00,20,auth.log,firewall_event,0
2024-01-08 21:00:00,23,firewall.log,firewall_event,0
2024-01-08 21:00:00,20,auth.log,vpn_connection,0
2024-01-08 21:00:00,19,firewall.log,firewall_event,0
2024-01-08 21:00:00,15,vpn.log,web_access,0
2024-01-08 21:00:00,9,vpn.log,web_access,0
2024-01-08 22:00:00,30,webserver.log,vpn_connection,0
2024-01-08 22:00:00,25,firewall.log,web_access,0
2024-01-08 22:00:00,29,vpn.log,firewall_event,0
2024-01-08 22:00:00,19,webserver.log,user_auth,0
2024-01-08 22:00:00,22,firewall.log,vpn_connection,0
2024-01-08 23:00:00,20,auth.log,vpn_connection,0
2024-01-08 23:00:00,20,webserver.log,firewall_event,0
2024-01-08 23:00:00,15,auth.log,user_auth,0
2024-01-08 23:00:00,18,auth.log,web_access,0
2024-01-08 23:00:00,21,firewall.log,firewall_event,0
2024-01-08 23:00:00,14,webserver.log,vpn_connection,0
2024-01-08 23:00:00,16,auth.log,vpn_connection,0
2024-01-08 23:00:00,223,webserver.log,vpn_connection,1
2024-01-08 23:00:00,22,vpn.log,web_access,0
2024-01-08 23:00:00,17,auth.log,vpn_connection,0
2024-01-08 23:00:00,16,firewall.log,vpn_connection,0
2024-01-08 23:00:00,13,vpn.log,firewall_event,0
2024-01-09 00:00:00,16,auth.log,firewall_event,0
2024-01-09 00:00:00,22,auth.log,web_access,0
2024-01-09 00:00:00,23,webserver.log,vpn_connection,0
2024-01-09 00:00:00,18,vpn.log,web_access,0
2024-01-09 00:00:00,14,firewall.log,web_access,0
2024-01-09 00:00:00,20,auth.log,vpn_connection,0
2024-01-09 01:00:00,33,firewall.log,vpn_connection,0
2024-01-09 01:00:00,13,webserver.log,firewall_event,0
2024-01-09 01:00:00,14,webserver.log,user_auth,0
2024-01-09 01:00:00,425,webserver.log,firewall_event,1
2024-01-09 01:00:00,361,webserver.log,vpn_connection,1
2024-01-09 01:00:00,18,vpn.log,firewall_event,0
2024-01-09 01:00:00,15,vpn.log,user_auth,0
2024-01-09 01:00:00,21,auth.log,firewall_event,0
2024-01-09 02:00:00,21,webserver.log,vpn_connection,0
2024-01-09 02:00:00,25,vpn.log,web_access,0
2024-01-09 02:00:00,28,webserver.log,web_access,0
2024-01-09 02:00:00,27,webserver.log,vpn_connection,0
2024-01-09 02:00:00,19,auth.log,firewall_event,0
2024-01-09 02:00:00,17,firewall.log,web_access,0
2024-01-09 02:00:00,15,auth.log,vpn_connection,0
2024-01-09 02:00:00,20,vpn.log,firewall_event,0
2024-01-09 02:00:00,27,webserver.log,user_auth,0
2024-01-09 02:00:00,29,firewall.log,user_auth,0
2024-01-09 02:00:00,20,webserver.log,web_access,0
2024-01-09 03:00:00,29,firewall.log,web_access,0
2024-01-09 03:00:00,24,auth.log,user_auth,0
2024-01-09 03:00:00,13,firewall.log,web_access,0
2024-01-09 03:00:00,18,vpn.log,web_access,0
2024-01-09 03:00:00,14,firewall.log,firewall_event,0
2024-01-09 03:00:00,20,vpn.log,firewall_event,0
2024-01-09 03:00:00,24,firewall.log,vpn_connection,0
2024-01-09 03:00:00,23,vpn.log,user_auth,0
2024-01-09 04:00:00,12,firewall.log,vpn_connection,0
2024-01-09 04:00:00,16,auth.log,firewall_event,0
2024-01-09 04:00:00,16,vpn.log,firewall_event,0
2024-01-09 04:00:00,13,auth.log,web_access,0
2024-01-09 04:00:00,23,firewall.log,firewall_event,0
2024-01-09 05:00:00,13,firewall.log,firewall_event,0
2024-01-09 05:00:00,15,vpn.log,web_access,0
2024-01-09 05:00:00,16,firewall.log,vpn_connection,0
2024-01-09 05:00:00,17,webserver.log,user_auth,0
2024-01-09 05:00:00,18,auth.log,user_auth,0
2024-01-09 05:00:00,24,auth.log,user_auth,0
2024-01-09 06:00:00,24,webserver.log,firewall_event,0
2024-01-09 06:00:00,26,auth.log,firewall_event,0
2024-01-09 06:00:00,21,firewall.log,firewall_event,0
2024-01-09 06:00:00,26,firewall.log,firewall_event,0
2024-01-09 06:00:00,26,webserver.log,firewall_event,0
2024-01-09 06:00:00,20,webserver.log,web_access,0
2024-01-09 07:00:00,18,firewall.log,web_access,0
2024-01-09 07:00:00,24,auth.log,user_auth,0
2024-01-09 07:00:00,24,auth.log,firewall_event,0
2024-01-09 07:00:00,22,auth.log,vpn_connection,0
2024-01-09 07:00:00,17,vpn.log,vpn_connection,0
2024-01-09 07:00:00,18,auth.log,web_access,0
2024-01-09 07:00:00,21,vpn.log,web_access,0
2024-01-09 07:00:00,13,webserver.log,firewall_event,0
2024-01-09 07:00:00,19,vpn.log,firewall_event,0
2024-01-09 07:00:00,16,firewall.log,firewall_event,0
2024-01-09 07:00:00,19,auth.log,firewall_event,0
2024-01-09 07:00:00,18,webserver.log,vpn_connection,0
2024-01-09 07:00:00,24,webserver.log,vpn_connection,0
2024-01-09 07:00:00,28,auth.log,vpn_connection,0
2024-01-09 08:00:00,23,vpn.log,vpn_connection,0
2024-01-09 08:00:00,19,vpn.log,web_access,0
2024-01-09 08:00:00,24,vpn.log,firewall_event,0
2024-01-09 08:00:00,19,vpn.log,firewall_event,0
2024-01-09 08:00:00,23,auth.log,firewall_event,0
2024-01-09 08:00:00,21,webserver.log,firewall_event,0
2024-01-09 08:00:00,15,webserver.log,firewall_event,0
2024-01-09 08:00:00,19,vpn.log,user_auth,0
2024-01-09 09:00:00,21,webserver.log,web_access,0
2024-01-09 09:00:00,21,vpn.log,vpn_connection,0
2024-01-09 09:00:00,20,firewall.log,web_access,0
2024-01-09 09:00:00,21,firewall.log,vpn_connection,0
2024-01-09 09:00:00,21,webserver.log,user_auth,0
2024-01-09 09:00:00,21,auth.log,web_access,0
2024-01-09 09:00:00,19,webserver.log,vpn_connection,0
2024-01-09 09:00:00,26,webserver.log,web_access,0
2024-01-09 09:00:00,18,auth.log,vpn_connection,0
2024-01-09 09:00:00,23,firewall.log,web_access,0
2024-01-09 10:00:00,17,vpn.log,vpn_connection,0
2024-01-09 10:00:00,11,auth.log,web_access,0
2024-01-09 10:00:00,19,webserver.log,vpn_connection,0
2024-01-09 10:00:00,23,webserver.log,user_auth,0
2024-01-09 10:00:00,17,auth.log,user_auth,0
2024-01-09 10:00:00,20,webserver.log,web_access,0
2024-01-09 10:00:00,28,auth.log,firewall_event,0
2024-01-09 10:00:00,20,vpn.log,firewall_event,0
2024-01-09 10:00:00,32,webserver.log,vpn_connection,0
2024-01-09 10:00:00,15,vpn.log,web_access,0
2024-01-09 10:00:00,19,firewall.log,firewall_event,0
2024-01-09 11:00:00,18,firewall.log,firewall_event,0
2024-01-09 11:00:00,22,auth.log,vpn_connection,0
2024-01-09 11:00:00,21,firewall.log,web_access,0
2024-01-09 11:00:00,20,auth.log,vpn_connection,0
2024-01-09 11:00:00,17,webserver.log,user_auth,0
2024-01-09 11:00:00,25,vpn.log,web_access,0
2024-01-09 11:00:00,23,vpn.log,user_auth,0
2024-01-09 11:00:00,20,firewall.log,user_auth,0
2024-01-09 11:00:00,22,webserver.log,firewall_event,0
2024-01-09 12:00:00,31,vpn.log,vpn_connection,0
2024-01-09 12:00:00,17,vpn.log,user_auth,0
2024-01-09 12:00:00,20,vpn.log,vpn_connection,0
2024-01-09 12:00:00,18,vpn.log,user_auth,0
2024-01-09 12:00:00,15,webserver.log,firewall_event,0
2024-01-09 12:00:00,17,vpn.log,user_auth,0
2024-01-09 12:00:00,17,vpn.log,firewall_event,0
2024-01-09 12:00:00,28,webserver.log,web_access,0
2024-01-09 12:00:00,14,vpn.log,firewall_event,0
2024-01-09 12:00:00,18,vpn.log,web_access,0
2024-01-09 12:00:00,24,auth.log,user_auth,0
2024-01-09 12:00:00,19,auth.log,firewall_event,0
2024-01-09 12:00:00,17,firewall.log,web_access,0
2024-01-09 13:00:00,24,firewall.log,web_access,0
2024-01-09 13:00:00,12,webserver.log,vpn_connection,0
2024-01-09 13:00:00,22,auth.log,user_auth,0
2024-01-09 13:00:00,22,webserver.log,firewall_event,0
2024-01-09 13:00:00,26,webserver.log,user_auth,0
2024-01-09 14:00:00,22,vpn.log,user_auth,0
2024-01-09 14:00:00,17,webserver.log,web_access,0
2024-01-09 14:00:00,20,auth.log,user_auth,0
2024-01-09 14:00:00,20,firewall.log,vpn_connection,0
2024-01-09 14:00:00,26,auth.log,vpn_connection,0
2024-01-09 14:00:00,21,vpn.log,firewall_event,0
2024-01-09 14:00:00,487,webserver.log,vpn_connection,1
2024-01-09 14:00:00,26,vpn.log,vpn_connection,0
2024-01-09 15:00:00,20,vpn.log,web_access,0
2024-01-09 15:00:00,22,firewall.log,vpn_connection,0
2024-01-09 15:00:00,25,auth.log,web_access,0
2024-01-09 15:00:00,20,firewall.log,user_auth,0
2024-01-09 15:00:00,11,auth.log,user_auth,0
2024-01-09 16:00:00,18,vpn.log,vpn_connection,0
2024-01-09 16:00:00,20,auth.log,firewall_event,0
2024-01-09 16:00:00,18,vpn.log,firewall_event,0
2024-01-09 16:00:00,18,vpn.log,vpn_connection,0
2024-01-09 16:00:00,18,vpn.log,firewall_event,0
2024-01-09 16:00:00,27,vpn.log,firewall_event,0
2024-01-09 16:00:00,16,vpn.log,web_access,0
2024-01-09 16:00:00,18,vpn.log,user_auth,0
2024-01-09 16:00:00,18,firewall.log,web_access,0
2024-01-09 16:00:00,22,firewall.log,vpn_connection,0
2024-01-09 16:00:00,15,auth.log,user_auth,0
2024-01-09 16:00:00,27,auth.log,vpn_connection,0
2024-01-09 16:00:00,16,vpn.log,user_auth,0
2024-01-09 17:00:00,24,vpn.log,vpn_connection,0
2024-01-09 17:00:00,18,webserver.log,vpn_connection,0
2024-01-09 17:00:00,17,webserver.log,user_auth,0
2024-01-09 17:00:00,19,firewall.log,vpn_connection,0
2024-01-09 17:00:00,19,auth.log,user_auth,0
2024-01-09 17:00:00,24,vpn.log,firewall_event,0
2024-01-09 17:00:00,15,firewall.log,vpn_connection,0
2024-01-09 18:00:00,14,auth.log,vpn_connection,0
2024-01-09 18:00:00,17,firewall.log,vpn_connection,0
2024-01-09 18:00:00,19,auth.log,firewall_event,0
2024-01-09 18:00:00,21,firewall.log,firewall_event,0
2024-01-09 18:00:00,19,auth.log,vpn_connection,0
2024-01-09 18:00:00,18,firewall.log,user_auth,0
2024-01-09 18:00:00,28,auth.log,web_access,0
2024-01-09 18:00:00,16,firewall.log,user_auth,0
2024-01-09 19:00:00,21,vpn.log,user_auth,0
2024-01-09 19:00:00,24,auth.log,web_access,0
2024-01-09 19:00:00,22,firewall.log,user_auth,0
2024-01-09 19:00:00,22,vpn.log,web_access,0
2024-01-09 19:00:00,23,auth.log,vpn_connection,0
2024-01-09 20:00:00,25,firewall.log,web_access,0
2024-01-09 20:00:00,26,auth.log,web_access,0
2024-01-09 20:00:00,31,vpn.log,firewall_event,0
2024-01-09 20:00:00,11,firewall.log,firewall_event,0
2024-01-09 20:00:00,26,firewall.log,user_auth,0
2024-01-09 20:00:00,28,vpn.log,web_access,0
2024-01-09 20:00:00,20,auth.log,web_access,0
2024-01-09 20:00:00,21,firewall.log,vpn_connection,0
2024-01-09 20:00:00,20,auth.log,web_access,0
2024-01-09 21:00:00,12,webserver.log,user_auth,0
2024-01-09 21:00:00,29,webserver.log,web_access,0
2024-01-09 21:00:00,22,auth.log,vpn_connection,0
2024-01-09 21:00:00,22,auth.log,user_auth,0
2024-01-09 21:00:00,29,vpn.log,web_access,0
2024-01-09 22:00:00,20,auth.log,web_access,0
2024-01-09 22:00:00,22,webserver.log,web_access,0
2024-01-09 22:00:00,25,auth.log,vpn_connection,0
2024-01-09 22:00:00,17,firewall.log,vpn_connection,0
2024-01-09 22:00:00,23,auth.log,vpn_connection,0
2024-01-09 22:00:00,20,firewall.log,vpn_connection,0
2024-01-09 22:00:00,22,auth.log,web_access,0
2024-01-09 22:00:00,17,firewall.log,vpn_connection,0
2024-01-09 23:00:00,18,auth.log,firewall_event,0
2024-01-09 23:00:00,24,firewall.log,vpn_connection,0
2024-01-09 23:00:00,16,auth.log,user_auth,0
2024-01-09 23:00:00,24,firewall.log,firewall_event,0
2024-01-09 23:00:00,21,webserver.log,vpn_connection,0
2024-01-09 23:00:00,21,webserver.log,firewall_event,0
2024-01-09 23:00:00,20,firewall.log,user_auth,0
2024-01-10 00:00:00,17,auth.log,web_access,0
2024-01-10 00:00:00,17,firewall.log,vpn_connection,0
2024-01-10 00:00:00,26,auth.log,user_auth,0
2024-01-10 00:00:00,17,firewall.log,vpn_connection,0
2024-01-10 00:00:00,24,webserver.log,vpn_connection,0
2024-01-10 00:00:00,24,firewall.log,vpn_connection,0
2024-01-10 00:00:00,13,vpn.log,firewall_event,0
2024-01-10 00:00:00,21,webserver.log,vpn_connection,0
2024-01-10 00:00:00,21,firewall.log,vpn_connection,0
2024-01-10 00:00:00,17,firewall.log,web_access,0
2024-01-10 00:00:00,14,auth.log,web_access,0
2024-01-10 01:00:00,19,auth.log,user_auth,0
2024-01-10 01:00:00,14,vpn.log,firewall_event,0
2024-01-10 01:00:00,26,firewall.log,firewall_event,0
2024-01-10 01:00:00,17,webserver.log,web_access,0
2024-01-10 01:00:00,21,webserver.log,web_access,0
2024-01-10 01:00:00,23,vpn.log,vpn_connection,0
2024-01-10 01:00:00,270,auth.log,user_auth,1
2024-01-10 01:00:00,23,firewall.log,web_access,0
2024-01-10 01:00:00,19,vpn.log,user_auth,0
2024-01-10 01:00:00,14,firewall.log,firewall_event,0
2024-01-10 01:00:00,22,webserver.log,web_access,0
2024-01-10 01:00:00,10,firewall.log,web_access,0
2024-01-10 01:00:00,20,webserver.log,user_auth,0
2024-01-10 02:00:00,30,auth.log,user_auth,0
2024-01-10 02:00:00,21,vpn.log,web_access,0
2024-01-10 02:00:00,24,auth.log,user_auth,0
2024-01-10 02:00:00,18,firewall.log,user_auth,0
2024-01-10 02:00:00,16,firewall.log,web_access,0
2024-01-10 02:00:00,19,firewall.log,user_auth,0
2024-01-10 02:00:00,503,vpn.log,vpn_connection,1
2024-01-10 02:00:00,22,webserver.log,user_auth,0
2024-01-10 02:00:00,16,webserver.log,firewall_event,0
2024-01-10 02:00:00,23,webserver.log,vpn_connection,0
2024-01-10 02:00:00,16,webserver.log,firewall_event,0
2024-01-10 02:00:00,21,auth.log,web_access,0
2024-01-10 03:00:00,20,firewall.log,vpn_connection,0
2024-01-10 03:00:00,10,auth.log,web_access,0
2024-01-10 03:00:00,20,webserver.log,vpn_connection,0
2024-01-10 03:00:00,23,webserver.log,vpn_connection,0
2024-01-10 03:00:00,17,vpn.log,user_auth,0
2024-01-10 03:00:00,18,vpn.log,vpn_connection,0
2024-01-10 03:00:00,21,vpn.log,web_access,0
2024-01-10 04:00:00,15,vpn.log,vpn_connection,0
2024-01-10 04:00:00,16,vpn.log,vpn_connection,0
2024-01-10 04:00:00,18,webserver.log,vpn_connection,0
2024-01-10 04:00:00,15,firewall.log,firewall_event,0
2024-01-10 04:00:00,13,firewall.log,user_auth,0
2024-01-10 04:00:00,17,firewall.log,firewall_event,0
2024-01-10 04:00:00,17,auth.log,web_access,0
2024-01-10 04:00:00,16,webserver.log,user_auth,0
2024-01-10 04:00:00,20,webserver.log,user_auth,0
2024-01-10 04:00:00,21,vpn.log,web_access,0
2024-01-10 04:00:00,27,auth.log,vpn_connection,0
2024-01-10 04:00:00,23,vpn.log,firewall_event,0
2024-01-10 04:00:00,21,auth.log,user_auth,0
2024-01-10 04:00:00,25,firewall.log,web_access,0
2024-01-10 05:00:00,17,auth.log,vpn_connection,0
2024-01-10 05:00:00,20,auth.log,firewall_event,0
2024-01-10 05:00:00,20,auth.log,web_access,0
2024-01-10 05:00:00,12,firewall.log,firewall_event,0
2024-01-10 05:00:00,18,vpn.log,user_auth,0
2024-01-10 06:00:00,21,firewall.log,web_access,0
2024-01-10 06:00:00,15,webserver.log,web_access,0
2024-01-10 06:00:00,19,vpn.log,web_access,0
2024-01-10 06:00:00,13,vpn.log,web_access,0
2024-01-10 06:00:00,22,auth.log,web_access,0
2024-01-10 06:00:00,15,webserver.log,vpn_connection,0
2024-01-10 06:00:00,27,auth.log,user_auth,0
2024-01-10 06:00:00,17,vpn.log,user_auth,0
2024-01-10 07:00:00,19,webserver.log,web_access,0
2024-01-10 07:00:00,24,auth.log,web_access,0
2024-01-10 07:00:00,19,auth.log,vpn_connection,0
2024-01-10 07:00:00,13,vpn.log,vpn_connection,0
2024-01-10 07:00:00,31,firewall.log,web_access,0
2024-01-10 07:00:00,25,vpn.log,user_auth,0
2024-01-10 07:00:00,27,auth.log,vpn_connection,0
2024-01-10 07:00:00,23,vpn.log,vpn_connection,0
2024-01-10 08:00:00,21,auth.log,firewall_event,0
2024-01-10 08:00:00,400,vpn.log,user_auth,1
2024-01-10 08:00:00,18,auth.log,vpn_connection,0
2024-01-10 08:00:00,20,webserver.log,user_auth,0
2024-01-10 08:00:00,19,webserver.log,web_access,0
2024-01-10 08:00:00,24,firewall.log,user_auth,0
2024-01-10 08:00:00,18,firewall.log,vpn_connection,0
2024-01-10 08:00:00,12,firewall.log,vpn_connection,0
2024-01-10 08:00:00,16,webserver.log,user_auth,0
2024-01-10 08:00:00,25,firewall.log,user_auth,0
2024-01-10 08:00:00,19,webserver.log,web_access,0
2024-01-10 08:00:00,28,webserver.log,web_access,0
2024-01-10 08:00:00,21,webserver.log,web_access,0
2024-01-10 09:00:00,24,firewall.log,user_auth,0
2024-01-10 09:00:00,20,firewall.log,web_access,0
2024-01-10 09:00:00,18,vpn.log,vpn_connection,0
2024-01-10 09:00:00,21,webserver.log,web_access,0
2024-01-10 09:00:00,12,webserver.log,user_auth,0
2024-01-10 10:00:00,25,auth.log,firewall_event,0
2024-01-10 10:00:00,18,auth.log,web_access,0
2024-01-10 10:00:00,15,auth.log,vpn_connection,0
2024-01-10 10:00:00,19,vpn.log,web_access,0
2024-01-10 10:00:00,22,auth.log,user_auth,0
2024-01-10 11:00:00,20,firewall.log,firewall_event,0
2024-01-10 11:00:00,22,vpn.log,web_access,0
2024-01-10 11:00:00,20,vpn.log,web_access,0
2024-01-10 11:00:00,20,webserver.log,web_access,0
2024-01-10 11:00:00,21,webserver.log,user_auth,0
2024-01-10 11:00:00,23,webserver.log,user_auth,0
2024-01-10 11:00:00,20,webserver.log,user_auth,0
2024-01-10 11:00:00,23,auth.log,vpn_connection,0
2024-01-10 12:00:00,29,vpn.log,firewall_event,0
2024-01-10 12:00:00,25,vpn.log,vpn_connection,0
2024-01-10 12:00:00,23,webserver.log,firewall_event,0
2024-01-10 12:00:00,24,vpn.log,vpn_connection,0
2024-01-10 12:00:00,24,auth.log,firewall_event,0
2024-01-10 12:00:00,26,firewall.log,firewall_event,0
2024-01-10 12:00:00,31,auth.log,firewall_event,0
2024-01-10 12:00:00,13,firewall.log,user_auth,0
2024-01-10 12:00:00,22,firewall.log,firewall_event,0
2024-01-10 12:00:00,19,webserver.log,vpn_connection,0
2024-01-10 13:00:00,20,firewall.log,user_auth,0
2024-01-10 13:00:00,13,webserver.log,vpn_connection,0
2024-01-10 13:00:00,10,vpn.log,web_access,0
2024-01-10 13:00:00,24,auth.log,vpn_connection,0
2024-01-10 13:00:00,20,vpn.log,vpn_connection,0
2024-01-10 14:00:00,14,firewall.log,firewall_event,0
2024-01-10 14:00:00,23,webserver.log,web_access,0
2024-01-10 14:00:00,22,auth.log,user_auth,0
2024-01-10 14:00:00,24,webserver.log,user_auth,0
2024-01-10 14:00:00,17,vpn.log,vpn_connection,0
2024-01-10 14:00:00,26,auth.log,user_auth,0
2024-01-10 15:00:00,20,webserver.log,web_access,0
2024-01-10 15:00:00,12,auth.log,vpn_connection,0
2024-01-10 15:00:00,20,firewall.log,user_auth,0
2024-01-10 15:00:00,13,webserver.log,web_access,0
2024-01-10 15:00:00,17,auth.log,web_access,0
2024-01-10 15:00:00,16,vpn.log,web_access,0
2024-01-10 15:00:00,22,firewall.log,firewall_event,0
2024-01-10 15:00:00,18,vpn.log,web_access,0
2024-01-10 15:00:00,23,webserver.log,user_auth,0
2024-01-10 15:00:00,10,firewall.log,user_auth,0
2024-01-10 15:00:00,24,auth.log,web_access,0
2024-01-10 15:00:00,16,firewall.log,user_auth,0
2024-01-10 16:00:00,14,webserver.log,vpn_connection,0
2024-01-10 16:00:00,22,firewall.log,web_access,0
2024-01-10 16:00:00,15,vpn.log,user_auth,0
2024-01-10 16:00:00,28,auth.log,user_auth,0
2024-01-10 16:00:00,23,vpn.log,vpn_connection,0
2024-01-10 16:00:00,18,auth.log,user_auth,0
2024-01-10 16:00:00,21,vpn.log,web_access,0
2024-01-10 16:00:00,21,firewall.log,user_auth,0
2024-01-10 16:00:00,19,vpn.log,web_access,0
2024-01-10 17:00:00,22,webserver.log,web_access,0
2024-01-10 17:00:00,14,auth.log,vpn_connection,0
2024-01-10 17:00:00,23,firewall.log,vpn_connection,0
2024-01-10 17:00:00,27,vpn.log,web_access,0
2024-01-10 17:00:00,13,firewall.log,user_auth,0
2024-01-10 17:00:00,22,auth.log,web_access,0
2024-01-10 17:00:00,18,auth.log,vpn_connection,0
2024-01-10 17:00:00,20,webserver.log,firewall_event,0
2024-01-10 17:00:00,18,vpn.log,firewall_event,0
2024-01-10 17:00:00,18,firewall.log,vpn_connection,0
2024-01-10 17:00:00,20,firewall.log,web_access,0
2024-01-10 17:00:00,26,webserver.log,vpn_connection,0
2024-01-10 17:00:00,20,auth.log,firewall_event,0
2024-01-10 17:00:00,21,vpn.log,firewall_event,0
2024-01-10 18:00:00,28,vpn.log,firewall_event,0
2024-01-10 18:00:00,25,auth.log,vpn_connection,0
2024-01-10 18:00:00,17,webserver.log,user_auth,0
2024-01-10 18:00:00,22,webserver.log,user_auth,0
2024-01-10 18:00:00,20,webserver.log,user_auth,0
2024-01-10 18:00:00,19,firewall.log,web_access,0
2024-01-10 18:00:00,19,firewall.log,vpn_connection,0
2024-01-10 19:00:00,21,firewall.log,web_access,0
2024-01-10 19:00:00,19,auth.log,firewall_event,0
2024-01-10 19:00:00,18,auth.log,vpn_connection,0
2024-01-10 19:00:00,16,vpn.log,web_access,0
2024-01-10 19:00:00,26,auth.log,firewall_event,0
2024-01-10 19:00:00,21,firewall.log,vpn_connection,0
2024-01-10 20:00:00,21,auth.log,user_auth,0
2024-01-10 20:00:00,19,vpn.log,firewall_event,0
2024-01-10 20:00:00,25,vpn.log,user_auth,0
2024-01-10 20:00:00,23,firewall.log,vpn_connection,0
2024-01-10 20:00:00,20,auth.log,user_auth,0
2024-01-10 20:00:00,16,webserver.log,web_access,0
2024-01-10 20:00:00,395,vpn.log,firewall_event,1
2024-01-10 20:00:00,15,firewall.log,web_access,0
2024-01-10 20:00:00,27,auth.log,web_access,0
2024-01-10 20:00:00,22,vpn.log,web_access,0
2024-01-10 20:00:00,9,firewall.log,vpn_connection,0
2024-01-10 20:00:00,21,firewall.log,vpn_connection,0
2024-01-10 20:00:00,25,auth.log,web_access,0
2024-01-10 21:00:00,19,firewall.log,vpn_connection,0
2024-01-10 21:00:00,24,webserver.log,firewall_event,0
2024-01-10 21:00:00,25,auth.log,vpn_connection,0
2024-01-10 21:00:00,17,firewall.log,firewall_event,0
2024-01-10 21:00:00,16,auth.log,vpn_connection,0
2024-01-10 21:00:00,14,webserver.log,firewall_event,0
2024-01-10 21:00:00,20,vpn.log,vpn_connection,0
2024-01-10 21:00:00,315,auth.log,firewall_event,1
2024-01-10 21:00:00,24,webserver.log,firewall_event,0
2024-01-10 22:00:00,13,firewall.log,web_access,0
2024-01-10 22:00:00,17,vpn.log,firewall_event,0
2024-01-10 22:00:00,22,vpn.log,user_auth,0
2024-01-10 22:00:00,23,vpn.log,web_access,0
2024-01-10 22:00:00,14,webserver.log,user_auth,0
2024-01-10 22:00:00,26,vpn.log,firewall_event,0
2024-01-10 22:00:00,22,auth.log,web_access,0
2024-01-10 22:00:00,22,vpn.log,web_access,0
2024-01-10 23:00:00,21,firewall.log,user_auth,0
2024-01-10 23:00:00,20,auth.log,web_access,0
2024-01-10 23:00:00,15,auth.log,vpn_connection,0
2024-01-10 23:00:00,17,vpn.log,web_access,0
2024-01-10 23:00:00,21,webserver.log,user_auth,0
2024-01-10 23:00:00,22,webserver.log,vpn_connection,0
2024-01-10 23:00:00,20,firewall.log,vpn_connection,0
2024-01-10 23:00:00,23,auth.log,web_access,0
2024-01-10 23:00:00,23,webserver.log,web_access,0
2024-01-10 23:00:00,19,auth.log,firewall_event,0
2024-01-10 23:00:00,22,auth.log,vpn_connection,0
2024-01-10 23:00:00,17,firewall.log,web_access,0
2024-01-10 23:00:00,16,vpn.log,web_access,0
2024-01-10 23:00:00,13,firewall.log,user_auth,0
2024-01-11 00:00:00,28,vpn.log,user_auth,0
2024-01-11 00:00:00,24,vpn.log,web_access,0
2024-01-11 00:00:00,19,webserver.log,user_auth,0
2024-01-11 00:00:00,22,webserver.log,firewall_event,0
2024-01-11 00:00:00,22,firewall.log,firewall_event,0
2024-01-11 01:00:00,16,firewall.log,vpn_connection,0
2024-01-11 01:00:00,19,vpn.log,firewall_event,0
2024-01-11 01:00:00,25,vpn.log,firewall_event,0
2024-01-11 01:00:00,18,auth.log,vpn_connection,0
2024-01-11 01:00:00,25,firewall.log,firewall_event,0
2024-01-11 01:00:00,25,auth.log,user_auth,0
2024-01-11 01:00:00,19,webserver.log,firewall_event,0
2024-01-11 01:00:00,13,webserver.log,vpn_connection,0
2024-01-11 01:00:00,17,firewall.log,firewall_event,0
2024-01-11 01:00:00,19,vpn.log,user_auth,0
2024-01-11 01:00:00,27,firewall.log,user_auth,0
2024-01-11 01:00:00,18,firewall.log,web_access,0
2024-01-11 01:00:00,18,auth.log,web_access,0
2024-01-11 01:00:00,19,firewall.log,web_access,0
2024-01-11 02:00:00,18,firewall.log,firewall_event,0
2024-01-11 02:00:00,19,webserver.log,firewall_event,0
2024-01-11 02:00:00,22,vpn.log,firewall_event,0
2024-01-11 02:00:00,21,firewall.log,vpn_connection,0
2024-01-11 02:00:00,20,auth.log,vpn_connection,0
2024-01-11 02:00:00,16,vpn.log,vpn_connection,0
2024-01-11 02:00:00,23,vpn.log,user_auth,0
2024-01-11 02:00:00,26,firewall.log,web_access,0
2024-01-11 02:00:00,27,auth.log,user_auth,0
2024-01-11 02:00:00,19,firewall.log,vpn_connection,0
2024-01-11 02:00:00,21,vpn.log,user_auth,0
2024-01-11 02:00:00,23,webserver.log,vpn_connection,0
2024-01-11 03:00:00,19,auth.log,web_access,0
2024-01-11 03:00:00,16,webserver.log,web_access,0
2024-01-11 03:00:00,17,webserver.log,user_auth,0
2024-01-11 03:00:00,344,auth.log,web_access,1
2024-01-11 03:00:00,28,vpn.log,vpn_connection,0
2024-01-11 03:00:00,24,auth.log,web_access,0
2024-01-11 03:00:00,18,webserver.log,user_auth,0
2024-01-11 03:00:00,19,auth.log,user_auth,0
2024-01-11 03:00:00,17,firewall.log,firewall_event,0
2024-01-11 03:00:00,22,webserver.log,firewall_event,0
2024-01-11 04:00:00,14,vpn.log,web_access,0
2024-01-11 04:00:00,18,firewall.log,web_access,0
2024-01-11 04:00:00,13,vpn.log,vpn_connection,0
2024-01-11 04:00:00,26,webserver.log,firewall_event,0
2024-01-11 04:00:00,21,webserver.log,vpn_connection,0
2024-01-11 04:00:00,13,firewall.log,firewall_event,0
2024-01-11 04:00:00,22,auth.log,web_access,0
2024-01-11 04:00:00,16,vpn.log,vpn_connection,0
2024-01-11 04:00:00,14,webserver.log,web_access,0
2024-01-11 04:00:00,17,vpn.log,vpn_connection,0
2024-01-11 04:00:00,20,webserver.log,web_access,0
2024-01-11 04:00:00,18,firewall.log,user_auth,0
2024-01-11 04:00:00,23,vpn.log,firewall_event,0
2024-01-11 04:00:00,18,webserver.log,user_auth,0
2024-01-11 05:00:00,509,vpn.log,user_auth,1
2024-01-11 05:00:00,29,firewall.log,web_access,0
2024-01-11 05:00:00,16,firewall.log,user_auth,0
2024-01-11 05:00:00,17,firewall.log,firewall_event,0
2024-01-11 05:00:00,24,webserver.log,web_access,0
2024-01-11 05:00:00,18,auth.log,user_auth,0
2024-01-11 05:00:00,17,firewall.log,vpn_connection,0
2024-01-11 05:00:00,26,firewall.log,user_auth,0
2024-01-11 05:00:00,27,firewall.log,web_access,0
2024-01-11 05:00:00,18,firewall.log,web_access,0
2024-01-11 05:00:00,20,vpn.log,web_access,0
2024-01-11 05:00:00,24,vpn.log,vpn_connection,0
2024-01-11 06:00:00,23,firewall.log,user_auth,0
2024-01-11 06:00:00,15,auth.log,firewall_event,0
2024-01-11 06:00:00,18,vpn.log,user_auth,0
2024-01-11 06:00:00,21,webserver.log,user_auth,0
2024-01-11 06:00:00,19,vpn.log,vpn_connection,0
2024-01-11 06:00:00,24,webserver.log,firewall_event,0
2024-01-11 06:00:00,24,auth.log,firewall_event,0
2024-01-11 06:00:00,18,auth.log,web_access,0
2024-01-11 06:00:00,18,firewall.log,user_auth,0
2024-01-11 07:00:00,26,auth.log,vpn_connection,0
2024-01-11 07:00:00,21,vpn.log,user_auth,0
2024-01-11 07:00:00,19,vpn.log,user_auth,0
2024-01-11 07:00:00,13,auth.log,vpn_connection,0
2024-01-11 07:00:00,23,vpn.log,vpn_connection,0
2024-01-11 07:00:00,20,firewall.log,web_access,0
2024-01-11 07:00:00,14,auth.log,web_access,0
2024-01-11 07:00:00,24,firewall.log,firewall_event,0
2024-01-11 07:00:00,22,auth.log,user_auth,0
2024-01-11 07:00:00,28,webserver.log,web_access,0
2024-01-11 07:00:00,15,vpn.log,web_access,0
2024-01-11 07:00:00,15,webserver.log,firewall_event,0
2024-01-11 07:00:00,23,webserver.log,vpn_connection,0
2024-01-11 07:00:00,23,webserver.log,user_auth,0
2024-01-11 08:00:00,19,vpn.log,user_auth,0
2024-01-11 08:00:00,19,firewall.log,vpn_connection,0
2024-01-11 08:00:00,18,vpn.log,web_access,0
2024-01-11 08:00:00,15,vpn.log,firewall_event,0
2024-01-11 08:00:00,26,firewall.log,firewall_event,0
2024-01-11 08:00:00,20,vpn.log,vpn_connection,0
2024-01-11 08:00:00,18,webserver.log,firewall_event,0
2024-01-11 08:00:00,25,webserver.log,firewall_event,0
2024-01-11 08:00:00,22,webserver.log,user_auth,0
2024-01-11 08:00:00,19,auth.log,firewall_event,0
2024-01-11 09:00:00,23,webserver.log,vpn_connection,0
2024-01-11 09:00:00,15,vpn.log,vpn_connection,0
2024-01-11 09:00:00,19,webserver.log,user_auth,0
2024-01-11 09:00:00,22,vpn.log,firewall_event,0
2024-01-11 09:00:00,18,auth.log,firewall_event,0
2024-01-11 09:00:00,21,webserver.log,vpn_connection,0
2024-01-11 09:00:00,23,firewall.log,web_access,0
2024-01-11 09:00:00,21,vpn.log,web_access,0
2024-01-11 09:00:00,31,firewall.log,user_auth,0
2024-01-11 09:00:00,21,firewall.log,firewall_event,0
2024-01-11 09:00:00,16,auth.log,web_access,0
2024-01-11 09:00:00,20,webserver.log,firewall_event,0
2024-01-11 09:00:00,19,firewall.log,web_access,0
2024-01-11 10:00:00,21,auth.log,vpn_connection,0
2024-01-11 10:00:00,21,auth.log,firewall_event,0
2024-01-11 10:00:00,17,webserver.log,user_auth,0
2024-01-11 10:00:00,17,firewall.log,vpn_connection,0
2024-01-11 10:00:00,21,vpn.log,user_auth,0
2024-01-11 10:00:00,31,firewall.log,firewall_event,0
2024-01-11 10:00:00,19,vpn.log,web_access,0
2024-01-11 10:00:00,22,webserver.log,user_auth,0
2024-01-11 10:00:00,23,auth.log,vpn_connection,0
2024-01-11 10:00:00,14,firewall.log,web_access,0
2024-01-11 10:00:00,14,webserver.log,web_access,0
2024-01-11 10:00:00,29,webserver.log,vpn_connection,0
2024-01-11 11:00:00,25,webserver.log,firewall_event,0
2024-01-11 11:00:00,22,webserver.log,user_auth,0
2024-01-11 11:00:00,13,firewall.log,web_access,0
2024-01-11 11:00:00,32,vpn.log,vpn_connection,0
2024-01-11 11:00:00,11,webserver.log,user_auth,0
2024-01-11 11:00:00,23,vpn.log,firewall_event,0
2024-01-11 11:00:00,24,auth.log,vpn_connection,0
2024-01-11 12:00:00,19,auth.log,vpn_connection,0
2024-01-11 12:00:00,14,vpn.log,user_auth,0
2024-01-11 12:00:00,28,webserver.log,web_access,0
2024-01-11 12:00:00,26,auth.log,vpn_connection,0
2024-01-11 12:00:00,19,vpn.log,vpn_connection,0
2024-01-11 12:00:00,26,vpn.log,vpn_connection,0
2024-01-11 12:00:00,28,webserver.log,vpn_connection,0
2024-01-11 12:00:00,24,auth.log,vpn_connection,0
2024-01-11 12:00:00,26,vpn.log,web_access,0
2024-01-11 12:00:00,10,firewall.log,firewall_event,0
2024-01-11 12:00:00,20,vpn.log,web_access,0
2024-01-11 12:00:00,15,vpn.log,firewall_event,0
2024-01-11 12:00:00,22,webserver.log,user_auth,0
2024-01-11 13:00:00,19,auth.log,web_access,0
2024-01-11 13:00:00,24,auth.log,web_access,0
2024-01-11 13:00:00,20,vpn.log,vpn_connection,0
2024-01-11 13:00:00,22,firewall.log,vpn_connection,0
2024-01-11 13:00:00,19,vpn.log,firewall_event,0
2024-01-11 13:00:00,18,webserver.log,vpn_connection,0
2024-01-11 13:00:00,27,vpn.log,vpn_connection,0
2024-01-11 13:00:00,19,firewall.log,web_access,0
2024-01-11 13:00:00,20,firewall.log,user_auth,0
2024-01-11 13:00:00,27,vpn.log,user_auth,0
2024-01-11 13:00:00,18,webserver.log,vpn_connection,0
2024-01-11 13:00:00,17,auth.log,user_auth,0
2024-01-11 14:00:00,15,auth.log,vpn_connection,0
2024-01-11 14:00:00,17,vpn.log,vpn_connection,0
2024-01-11 14:00:00,16,vpn.log,firewall_event,0
2024-01-11 14:00:00,20,auth.log,firewall_event,0
2024-01-11 14:00:00,27,webserver.log,user_auth,0
2024-01-11 14:00:00,20,vpn.log,vpn_connection,0
2024-01-11 14:00:00,22,vpn.log,firewall_event,0
2024-01-11 14:00:00,26,vpn.log,user_auth,0
2024-01-11 14:00:00,19,auth.log,web_access,0
2024-01-11 15:00:00,15,auth.log,vpn_connection,0
2024-01-11 15:00:00,19,auth.log,user_auth,0
2024-01-11 15:00:00,24,firewall.log,user_auth,0
2024-01-11 15:00:00,22,webserver.log,user_auth,0
2024-01-11 15:00:00,18,firewall.log,firewall_event,0
2024-01-11 15:00:00,19,auth.log,user_auth,0
2024-01-11 15:00:00,25,firewall.log,vpn_connection,0
2024-01-11 15:00:00,20,auth.log,firewall_event,0
2024-01-11 15:00:00,18,auth.log,firewall_event,0
2024-01-11 15:00:00,21,vpn.log,web_access,0
2024-01-11 15:00:00,28,auth.log,user_auth,0
2024-01-11 15:00:00,22,webserver.log,web_access,0
2024-01-11 15:00:00,20,auth.log,vpn_connection,0
2024-01-11 16:00:00,20,auth.log,web_access,0
2024-01-11 16:00:00,26,firewall.log,vpn_connection,0
2024-01-11 16:00:00,21,auth.log,user_auth,0
2024-01-11 16:00:00,15,firewall.log,firewall_event,0
2024-01-11 16:00:00,30,vpn.log,vpn_connection,0
2024-01-11 16:00:00,16,auth.log,user_auth,0
2024-01-11 16:00:00,14,webserver.log,user_auth,0
2024-01-11 16:00:00,14,firewall.log,vpn_connection,0
2024-01-11 17:00:00,18,auth.log,vpn_connection,0
2024-01-11 17:00:00,13,auth.log,firewall_event,0
2024-01-11 17:00:00,19,webserver.log,web_access,0
2024-01-11 17:00:00,21,vpn.log,firewall_event,0
2024-01-11 17:00:00,28,firewall.log,firewall_event,0
2024-01-11 18:00:00,22,auth.log,web_access,0
2024-01-11 18:00:00,26,firewall.log,user_auth,0
2024-01-11 18:00:00,22,vpn.log,user_auth,0
2024-01-11 18:00:00,25,auth.log,firewall_event,0
2024-01-11 18:00:00,11,vpn.log,web_access,0
2024-01-11 18:00:00,22,vpn.log,vpn_connection,0
2024-01-11 18:00:00,29,vpn.log,vpn_connection,0
2024-01-11 18:00:00,22,firewall.log,user_auth,0
2024-01-11 18:00:00,19,webserver.log,web_access,0
2024-01-11 18:00:00,17,auth.log,web_access,0
2024-01-11 18:00:00,14,vpn.log,firewall_event,0
2024-01-11 18:00:00,15,vpn.log,vpn_connection,0
2024-01-11 18:00:00,23,firewall.log,web_access,0
2024-01-11 19:00:00,13,firewall.log,user_auth,0
2024-01-11 19:00:00,21,auth.log,user_auth,0
2024-01-11 19:00:00,25,firewall.log,user_auth,0
2024-01-11 19:00:00,16,vpn.log,vpn_connection,0
2024-01-11 19:00:00,22,auth.log,user_auth,0
2024-01-11 19:00:00,15,auth.log,user_auth,0
2024-01-11 19:00:00,14,firewall.log,firewall_event,0
2024-01-11 19:00:00,16,vpn.log,web_access,0
2024-01-11 20:00:00,23,vpn.log,firewall_event,0
2024-01-11 20:00:00,17,vpn.log,vpn_connection,0
2024-01-11 20:00:00,25,firewall.log,web_access,0
2024-01-11 20:00:00,19,firewall.log,vpn_connection,0
2024-01-11 20:00:00,14,firewall.log,web_access,0
2024-01-11 20:00:00,18,webserver.log,firewall_event,0
2024-01-11 20:00:00,22,firewall.log,firewall_event,0
2024-01-11 20:00:00,20,auth.log,vpn_connection,0
2024-01-11 20:00:00,20,vpn.log,web_access,0
2024-01-11 20:00:00,21,vpn.log,user_auth,0
2024-01-11 20:00:00,16,webserver.log,firewall_event,0
2024-01-11 21:00:00,19,firewall.log,web_access,0
2024-01-11 21:00:00,22,webserver.log,web_access,0
2024-01-11 21:00:00,18,auth.log,firewall_event,0
2024-01-11 21:00:00,14,auth.log,firewall_event,0
2024-01-11 21:00:00,17,webserver.log,user_auth,0
2024-01-11 21:00:00,18,vpn.log,firewall_event,0
2024-01-11 21:00:00,19,webserver.log,web_access,0
2024-01-11 21:00:00,29,auth.log,vpn_connection,0
2024-01-11 21:00:00,21,vpn.log,firewall_event,0
2024-01-11 21:00:00,21,firewall.log,firewall_event,0
2024-01-11 21:00:00,26,auth.log,web_access,0
2024-01-11 22:00:00,22,auth.log,web_access,0
2024-01-11 22:00:00,20,webserver.log,web_access,0
2024-01-11 22:00:00,19,vpn.log,user_auth,0
2024-01-11 22:00:00,19,auth.log,user_auth,0
2024-01-11 22:00:00,16,vpn.log,vpn_connection,0
2024-01-11 22:00:00,22,webserver.log,vpn_connection,0
2024-01-11 22:00:00,21,firewall.log,firewall_event,0
2024-01-11 23:00:00,28,firewall.log,user_auth,0
2024-01-11 23:00:00,328,firewall.log,vpn_connection,1
2024-01-11 23:00:00,19,auth.log,user_auth,0
2024-01-11 23:00:00,19,firewall.log,web_access,0
2024-01-11 23:00:00,17,webserver.log,vpn_connection,0
2024-01-12 00:00:00,21,firewall.log,vpn_connection,0
2024-01-12 00:00:00,18,webserver.log,web_access,0
2024-01-12 00:00:00,24,firewall.log,web_access,0
2024-01-12 00:00:00,22,webserver.log,web_access,0
2024-01-12 00:00:00,16,firewall.log,firewall_event,0
2024-01-12 00:00:00,20,webserver.log,web_access,0
2024-01-12 00:00:00,21,auth.log,firewall_event,0
2024-01-12 00:00:00,21,vpn.log,vpn_connection,0
2024-01-12 00:00:00,21,webserver.log,web_access,0
2024-01-12 00:00:00,18,auth.log,user_auth,0
2024-01-12 00:00:00,22,firewall.log,vpn_connection,0
2024-01-12 00:00:00,13,auth.log,vpn_connection,0
2024-01-12 01:00:00,14,auth.log,web_access,0
2024-01-12 01:00:00,17,auth.log,user_auth,0
2024-01-12 01:00:00,17,firewall.log,web_access,0
2024-01-12 01:00:00,26,webserver.log,firewall_event,0
2024-01-12 01:00:00,16,vpn.log,web_access,0
2024-01-12 01:00:00,15,webserver.log,firewall_event,0
2024-01-12 02:00:00,21,vpn.log,web_access,0
2024-01-12 02:00:00,23,firewall.log,web_access,0
2024-01-12 02:00:00,14,auth.log,vpn_connection,0
2024-01-12 02:00:00,12,auth.log,vpn_connection,0
2024-01-12 02:00:00,18,firewall.log,web_access,0
2024-01-12 02:00:00,18,webserver.log,firewall_event,0
2024-01-12 02:00:00,22,webserver.log,user_auth,0
2024-01-12 02:00:00,23,firewall.log,user_auth,0
2024-01-12 02:00:00,25,vpn.log,web_access,0
2024-01-12 03:00:00,22,auth.log,web_access,0
2024-01-12 03:00:00,24,vpn.log,web_access,0
2024-01-12 03:00:00,10,vpn.log,firewall_event,0
2024-01-12 03:00:00,21,webserver.log,firewall_event,0
2024-01-12 03:00:00,15,vpn.log,firewall_event,0
2024-01-12 03:00:00,28,auth.log,firewall_event,0
2024-01-12 03:00:00,27,auth.log,vpn_connection,0
2024-01-12 04:00:00,25,vpn.log,web_access,0
2024-01-12 04:00:00,17,auth.log,web_access,0
2024-01-12 04:00:00,17,webserver.log,vpn_connection,0
2024-01-12 04:00:00,21,firewall.log,vpn_connection,0
2024-01-12 04:00:00,19,vpn.log,firewall_event,0
2024-01-12 04:00:00,18,auth.log,user_auth,0
2024-01-12 04:00:00,23,firewall.log,firewall_event,0
2024-01-12 04:00:00,23,webserver.log,firewall_event,0
2024-01-12 04:00:00,16,firewall.log,web_access,0
2024-01-12 04:00:00,19,auth.log,firewall_event,0
2024-01-12 05:00:00,28,firewall.log,web_access,0
2024-01-12 05:00:00,17,firewall.log,web_access,0
2024-01-12 05:00:00,23,vpn.log,web_access,0
2024-01-12 05:00:00,29,vpn.log,vpn_connection,0
2024-01-12 05:00:00,23,webserver.log,web_access,0
2024-01-12 05:00:00,17,webserver.log,user_auth,0
2024-01-12 06:00:00,17,firewall.log,web_access,0
2024-01-12 06:00:00,22,vpn.log,vpn_connection,0
2024-01-12 06:00:00,20,webserver.log,firewall_event,0
2024-01-12 06:00:00,23,firewall.log,firewall_event,0
2024-01-12 06:00:00,23,vpn.log,web_access,0
2024-01-12 06:00:00,22,webserver.log,web_access,0
2024-01-12 07:00:00,21,vpn.log,web_access,0
2024-01-12 07:00:00,20,vpn.log,vpn_connection,0
2024-01-12 07:00:00,26,firewall.log,web_access,0
2024-01-12 07:00:00,29,webserver.log,user_auth,0
2024-01-12 07:00:00,24,firewall.log,vpn_connection,0
2024-01-12 07:00:00,14,firewall.log,user_auth,0
2024-01-12 07:00:00,25,firewall.log,firewall_event,0
2024-01-12 08:00:00,23,auth.log,firewall_event,0
2024-01-12 08:00:00,21,firewall.log,user_auth,0
2024-01-12 08:00:00,21,auth.log,vpn_connection,0
2024-01-12 08:00:00,19,auth.log,web_access,0
2024-01-12 08:00:00,21,webserver.log,web_access,0
2024-01-12 08:00:00,16,vpn.log,firewall_event,0
2024-01-12 08:00:00,22,auth.log,vpn_connection,0
2024-01-12 08:00:00,24,firewall.log,user_auth,0
2024-01-12 08:00:00,18,firewall.log,user_auth,0
2024-01-12 08:00:00,21,webserver.log,user_auth,0
2024-01-12 08:00:00,22,auth.log,vpn_connection,0
2024-01-12 09:00:00,19,vpn.log,vpn_connection,0
2024-01-12 09:00:00,20,webserver.log,web_access,0
2024-01-12 09:00:00,15,auth.log,vpn_connection,0
2024-01-12 09:00:00,21,webserver.log,web_access,0
2024-01-12 09:00:00,27,auth.log,user_auth,0
2024-01-12 09:00:00,15,firewall.log,firewall_event,0
2024-01-12 09:00:00,17,auth.log,firewall_event,0
2024-01-12 09:00:00,12,webserver.log,user_auth,0
2024-01-12 09:00:00,16,auth.log,vpn_connection,0
2024-01-12 10:00:00,19,webserver.log,web_access,0
2024-01-12 10:00:00,22,vpn.log,firewall_event,0
2024-01-12 10:00:00,23,auth.log,firewall_event,0
2024-01-12 10:00:00,13,webserver.log,firewall_event,0
2024-01-12 10:00:00,22,webserver.log,user_auth,0
2024-01-12 10:00:00,19,auth.log,user_auth,0
2024-01-12 10:00:00,28,vpn.log,vpn_connection,0
2024-01-12 11:00:00,24,vpn.log,user_auth,0
2024-01-12 11:00:00,29,auth.log,firewall_event,0
2024-01-12 11:00:00,20,webserver.log,vpn_connection,0
2024-01-12 11:00:00,14,auth.log,user_auth,0
2024-01-12 11:00:00,20,webserver.log,vpn_connection,0
2024-01-12 11:00:00,28,vpn.log,firewall_event,0
2024-01-12 11:00:00,18,auth.log,firewall_event,0
2024-01-12 11:00:00,19,auth.log,web_access,0
2024-01-12 11:00:00,20,firewall.log,user_auth,0
2024-01-12 11:00:00,23,vpn.log,web_access,0
2024-01-12 12:00:00,16,auth.log,firewall_event,0
2024-01-12 12:00:00,17,firewall.log,user_auth,0
2024-01-12 12:00:00,19,webserver.log,user_auth,0
2024-01-12 12:00:00,16,firewall.log,firewall_event,0
2024-01-12 12:00:00,17,vpn.log,vpn_connection,0
2024-01-12 12:00:00,19,firewall.log,vpn_connection,0
2024-01-12 12:00:00,17,vpn.log,user_auth,0
2024-01-12 12:00:00,24,webserver.log,user_auth,0
2024-01-12 12:00:00,22,auth.log,vpn_connection,0
2024-01-12 13:00:00,29,vpn.log,web_access,0
2024-01-12 13:00:00,25,webserver.log,web_access,0
2024-01-12 13:00:00,25,auth.log,web_access,0
2024-01-12 13:00:00,20,firewall.log,firewall_event,0
2024-01-12 13:00:00,13,auth.log,vpn_connection,0
2024-01-12 13:00:00,25,webserver.log,firewall_event,0
2024-01-12 13:00:00,14,webserver.log,firewall_event,0
2024-01-12 13:00:00,15,firewall.log,web_access,0
2024-01-12 14:00:00,23,firewall.log,web_access,0
2024-01-12 14:00:00,21,firewall.log,vpn_connection,0
2024-01-12 14:00:00,30,auth.log,user_auth,0
2024-01-12 14:00:00,22,webserver.log,user_auth,0
2024-01-12 14:00:00,19,auth.log,user_auth,0
2024-01-12 14:00:00,25,auth.log,vpn_connection,0
2024-01-12 14:00:00,18,vpn.log,user_auth,0
2024-01-12 14:00:00,20,vpn.log,vpn_connection,0
2024-01-12 14:00:00,23,auth.log,web_access,0
2024-01-12 14:00:00,23,auth.log,vpn_connection,0
2024-01-12 15:00:00,20,webserver.log,vpn_connection,0
2024-01-12 15:00:00,21,vpn.log,firewall_event,0
2024-01-12 15:00:00,19,firewall.log,firewall_event,0
2024-01-12 15:00:00,16,vpn.log,user_auth,0
2024-01-12 15:00:00,23,auth.log,vpn_connection,0
2024-01-12 15:00:00,15,firewall.log,vpn_connection,0
2024-01-12 15:00:00,14,auth.log,user_auth,0
2024-01-12 15:00:00,10,auth.log,vpn_connection,0
2024-01-12 15:00:00,25,auth.log,user_auth,0
2024-01-12 15:00:00,19,auth.log,user_auth,0
2024-01-12 15:00:00,20,webserver.log,vpn_connection,0
2024-01-12 15:00:00,28,vpn.log,user_auth,0
2024-01-12 15:00:00,23,firewall.log,user_auth,0
2024-01-12 16:00:00,27,vpn.log,web_access,0
2024-01-12 16:00:00,226,auth.log,web_access,1
2024-01-12 16:00:00,20,firewall.log,firewall_event,0
2024-01-12 16:00:00,17,auth.log,web_access,0
2024-01-12 16:00:00,15,firewall.log,user_auth,0
2024-01-12 16:00:00,20,firewall.log,vpn_connection,0
2024-01-12 16:00:00,15,webserver.log,user_auth,0
2024-01-12 16:00:00,13,firewall.log,firewall_event,0
2024-01-12 16:00:00,21,vpn.log,user_auth,0
2024-01-12 16:00:00,20,firewall.log,web_access,0
2024-01-12 16:00:00,21,firewall.log,web_access,0
2024-01-12 17:00:00,21,firewall.log,user_auth,0
2024-01-12 17:00:00,28,auth.log,user_auth,0
2024-01-12 17:00:00,21,webserver.log,user_auth,0
2024-01-12 17:00:00,14,webserver.log,web_access,0
2024-01-12 17:00:00,23,webserver.log,vpn_connection,0
2024-01-12 17:00:00,21,firewall.log,web_access,0
2024-01-12 17:00:00,17,webserver.log,firewall_event,0
2024-01-12 17:00:00,12,auth.log,vpn_connection,0
2024-01-12 17:00:00,12,firewall.log,web_access,0
2024-01-12 18:00:00,20,firewall.log,web_access,0
2024-01-12 18:00:00,20,auth.log,firewall_event,0
2024-01-12 18:00:00,16,vpn.log,firewall_event,0
2024-01-12 18:00:00,17,webserver.log,web_access,0
2024-01-12 18:00:00,17,vpn.log,web_access,0
2024-01-12 18:00:00,425,webserver.log,web_access,1
2024-01-12 18:00:00,19,firewall.log,firewall_event,0
2024-01-12 18:00:00,17,vpn.log,vpn_connection,0
2024-01-12 19:00:00,21,auth.log,web_access,0
2024-01-12 19:00:00,19,vpn.log,web_access,0
2024-01-12 19:00:00,15,vpn.log,user_auth,0
2024-01-12 19:00:00,21,vpn.log,firewall_event,0
2024-01-12 19:00:00,14,webserver.log,firewall_event,0
2024-01-12 19:00:00,16,vpn.log,vpn_connection,0
2024-01-12 19:00:00,17,auth.log,user_auth,0
2024-01-12 19:00:00,25,auth.log,vpn_connection,0
2024-01-12 19:00:00,15,auth.log,vpn_connection,0
2024-01-12 20:00:00,28,vpn.log,web_access,0
2024-01-12 20:00:00,19,firewall.log,web_access,0
2024-01-12 20:00:00,24,firewall.log,firewall_event,0
2024-01-12 20:00:00,15,vpn.log,user_auth,0
2024-01-12 20:00:00,20,auth.log,user_auth,0
2024-01-12 20:00:00,14,webserver.log,user_auth,0
2024-01-12 20:00:00,30,vpn.log,user_auth,0
2024-01-12 20:00:00,23,auth.log,user_auth,0
2024-01-12 20:00:00,25,webserver.log,vpn_connection,0
2024-01-12 20:00:00,23,auth.log,firewall_event,0
2024-01-12 20:00:00,12,webserver.log,user_auth,0
2024-01-12 20:00:00,18,auth.log,web_access,0
2024-01-12 20:00:00,26,firewall.log,firewall_event,0
2024-01-12 20:00:00,19,webserver.log,user_auth,0
2024-01-12 21:00:00,18,webserver.log,web_access,0
2024-01-12 21:00:00,10,webserver.log,web_access,0
2024-01-12 21:00:00,21,firewall.log,web_access,0
2024-01-12 21:00:00,29,auth.log,user_auth,0
2024-01-12 21:00:00,19,vpn.log,vpn_connection,0
2024-01-12 21:00:00,20,webserver.log,vpn_connection,0
2024-01-12 21:00:00,19,webserver.log,firewall_event,0
2024-01-12 21:00:00,20,firewall.log,firewall_event,0
2024-01-12 21:00:00,19,firewall.log,user_auth,0
2024-01-12 21:00:00,15,firewall.log,firewall_event,0
2024-01-12 22:00:00,25,auth.log,web_access,0
2024-01-12 22:00:00,15,vpn.log,web_access,0
2024-01-12 22:00:00,19,webserver.log,vpn_connection,0
2024-01-12 22:00:00,25,firewall.log,firewall_event,0
2024-01-12 22:00:00,19,firewall.log,firewall_event,0
2024-01-12 22:00:00,28,vpn.log,firewall_event,0
2024-01-12 22:00:00,24,firewall.log,firewall_event,0
2024-01-12 22:00:00,25,vpn.log,user_auth,0
2024-01-12 22:00:00,27,vpn.log,firewall_event,0
2024-01-12 23:00:00,20,vpn.log,web_access,0
2024-01-12 23:00:00,18,webserver.log,user_auth,0
2024-01-12 23:00:00,20,firewall.log,user_auth,0
2024-01-12 23:00:00,17,webserver.log,user_auth,0
2024-01-12 23:00:00,16,webserver.log,web_access,0
2024-01-12 23:00:00,29,vpn.log,firewall_event,0
2024-01-12 23:00:00,25,webserver.log,firewall_event,0
2024-01-12 23:00:00,17,auth.log,user_auth,0
2024-01-12 23:00:00,23,webserver.log,firewall_event,0
2024-01-12 23:00:00,23,webserver.log,web_access,0
2024-01-13 00:00:00,18,vpn.log,user_auth,0
2024-01-13 00:00:00,12,firewall.log,user_auth,0
2024-01-13 00:00:00,20,vpn.log,user_auth,0
2024-01-13 00:00:00,25,vpn.log,user_auth,0
2024-01-13 00:00:00,17,firewall.log,vpn_connection,0
2024-01-13 00:00:00,19,auth.log,vpn_connection,0
2024-01-13 00:00:00,19,firewall.log,user_auth,0
2024-01-13 01:00:00,14,webserver.log,firewall_event,0
2024-01-13 01:00:00,16,firewall.log,firewall_event,0
2024-01-13 01:00:00,27,firewall.log,web_access,0
2024-01-13 01:00:00,20,auth.log,firewall_event,0
2024-01-13 01:00:00,22,auth.log,vpn_connection,0
2024-01-13 01:00:00,20,firewall.log,firewall_event,0
2024-01-13 01:00:00,12,auth.log,web_access,0
2024-01-13 01:00:00,14,vpn.log,web_access,0
2024-01-13 02:00:00,25,auth.log,firewall_event,0
2024-01-13 02:00:00,14,auth.log,user_auth,0
2024-01-13 02:00:00,20,auth.log,user_auth,0
2024-01-13 02:00:00,21,firewall.log,vpn_connection,0
2024-01-13 02:00:00,420,firewall.log,user_auth,1
2024-01-13 02:00:00,25,auth.log,firewall_event,0
2024-01-13 02:00:00,17,webserver.log,web_access,0
2024-01-13 02:00:00,18,webserver.log,user_auth,0
2024-01-13 02:00:00,24,firewall.log,firewall_event,0
2024-01-13 02:00:00,15,webserver.log,web_access,0
2024-01-13 02:00:00,16,firewall.log,user_auth,0
2024-01-13 02:00:00,24,webserver.log,vpn_connection,0
2024-01-13 03:00:00,24,vpn.log,firewall_event,0
2024-01-13 03:00:00,21,auth.log,vpn_connection,0
2024-01-13 03:00:00,20,webserver.log,user_auth,0
2024-01-13 03:00:00,16,firewall.log,web_access,0
2024-01-13 03:00:00,16,auth.log,firewall_event,0
2024-01-13 03:00:00,17,auth.log,vpn_connection,0
2024-01-13 03:00:00,28,vpn.log,firewall_event,0
2024-01-13 03:00:00,28,vpn.log,firewall_event,0
2024-01-13 03:00:00,14,vpn.log,user_auth,0
2024-01-13 03:00:00,24,auth.log,firewall_event,0
2024-01-13 03:00:00,14,webserver.log,user_auth,0
2024-01-13 03:00:00,23,auth.log,firewall_event,0
2024-01-13 04:00:00,17,firewall.log,web_access,0
2024-01-13 04:00:00,26,firewall.log,web_access,0
2024-01-13 04:00:00,21,firewall.log,user_auth,0
2024-01-13 04:00:00,23,firewall.log,vpn_connection,0
2024-01-13 04:00:00,10,auth.log,vpn_connection,0
2024-01-13 04:00:00,18,vpn.log,firewall_event,0
2024-01-13 04:00:00,24,firewall.log,vpn_connection,0
2024-01-13 04:00:00,22,auth.log,firewall_event,0
2024-01-13 05:00:00,18,auth.log,firewall_event,0
2024-01-13 05:00:00,11,vpn.log,vpn_connection,0
2024-01-13 05:00:00,20,firewall.log,vpn_connection,0
2024-01-13 05:00:00,18,firewall.log,web_access,0
2024-01-13 05:00:00,20,firewall.log,user_auth,0
2024-01-13 05:00:00,23,vpn.log,firewall_event,0
2024-01-13 05:00:00,15,firewall.log,firewall_event,0
2024-01-13 05:00:00,17,auth.log,vpn_connection,0
2024-01-13 05:00:00,13,firewall.log,vpn_connection,0
2024-01-13 05:00:00,23,auth.log,web_access,0
2024-01-13 05:00:00,21,auth.log,web_access,0
2024-01-13 05:00:00,11,firewall.log,vpn_connection,0
2024-01-13 05:00:00,24,webserver.log,vpn_connection,0
2024-01-13 06:00:00,23,firewall.log,vpn_connection,0
2024-01-13 06:00:00,22,webserver.log,firewall_event,0
2024-01-13 06:00:00,14,firewall.log,web_access,0
2024-01-13 06:00:00,361,vpn.log,user_auth,1
2024-01-13 06:00:00,21,vpn.log,web_access,0
2024-01-13 06:00:00,14,vpn.log,user_auth,0
2024-01-13 06:00:00,14,vpn.log,firewall_event,0
2024-01-13 06:00:00,18,vpn.log,firewall_event,0
2024-01-13 06:00:00,21,auth.log,vpn_connection,0
2024-01-13 06:00:00,22,firewall.log,user_auth,0
2024-01-13 06:00:00,22,firewall.log,firewall_event,0
2024-01-13 06:00:00,17,firewall.log,vpn_connection,0
2024-01-13 07:00:00,13,firewall.log,web_access,0
2024-01-13 07:00:00,26,auth.log,user_auth,0
2024-01-13 07:00:00,10,vpn.log,vpn_connection,0
2024-01-13 07:00:00,17,vpn.log,web_access,0
2024-01-13 07:00:00,17,auth.log,user_auth,0
2024-01-13 07:00:00,20,vpn.log,vpn_connection,0
2024-01-13 08:00:00,24,firewall.log,vpn_connection,0
2024-01-13 08:00:00,23,auth.log,firewall_event,0
2024-01-13 08:00:00,23,webserver.log,web_access,0
2024-01-13 08:00:00,17,auth.log,firewall_event,0
2024-01-13 08:00:00,23,vpn.log,vpn_connection,0
2024-01-13 08:00:00,18,firewall.log,firewall_event,0
2024-01-13 08:00:00,14,webserver.log,vpn_connection,0
2024-01-13 08:00:00,19,auth.log,vpn_connection,0
2024-01-13 09:00:00,18,webserver.log,firewall_event,0
2024-01-13 09:00:00,25,vpn.log,firewall_event,0
2024-01-13 09:00:00,20,vpn.log,user_auth,0
2024-01-13 09:00:00,30,auth.log,vpn_connection,0
2024-01-13 09:00:00,18,vpn.log,firewall_event,0
2024-01-13 09:00:00,21,firewall.log,web_access,0
2024-01-13 09:00:00,26,webserver.log,vpn_connection,0
2024-01-13 10:00:00,257,auth.log,web_access,1
2024-01-13 10:00:00,21,webserver.log,user_auth,0
2024-01-13 10:00:00,21,firewall.log,firewall_event,0
2024-01-13 10:00:00,23,firewall.log,vpn_connection,0
2024-01-13 10:00:00,16,vpn.log,firewall_event,0
2024-01-13 10:00:00,16,auth.log,firewall_event,0
2024-01-13 11:00:00,22,firewall.log,vpn_connection,0
2024-01-13 11:00:00,18,auth.log,web_access,0
2024-01-13 11:00:00,23,auth.log,vpn_connection,0
2024-01-13 11:00:00,14,webserver.log,vpn_connection,0
2024-01-13 11:00:00,20,firewall.log,web_access,0
2024-01-13 11:00:00,21,vpn.log,firewall_event,0
2024-01-13 11:00:00,15,vpn.log,user_auth,0
2024-01-13 11:00:00,14,vpn.log,user_auth,0
2024-01-13 11:00:00,21,vpn.log,firewall_event,0
2024-01-13 11:00:00,23,auth.log,user_auth,0
2024-01-13 11:00:00,11,firewall.log,user_auth,0
2024-01-13 11:00:00,17,vpn.log,vpn_connection,0
2024-01-13 12:00:00,18,auth.log,vpn_connection,0
2024-01-13 12:00:00,16,auth.log,web_access,0
2024-01-13 12:00:00,18,vpn.log,user_auth,0
2024-01-13 12:00:00,17,vpn.log,web_access,0
2024-01-13 12:00:00,15,webserver.log,vpn_connection,0
2024-01-13 12:00:00,23,webserver.log,vpn_connection,0
2024-01-13 12:00:00,15,firewall.log,firewall_event,0
2024-01-13 12:00:00,13,webserver.log,vpn_connection,0
2024-01-13 13:00:00,22,firewall.log,user_auth,0
2024-01-13 13:00:00,26,auth.log,user_auth,0
2024-01-13 13:00:00,19,vpn.log,web_access,0
2024-01-13 13:00:00,19,vpn.log,web_access,0
2024-01-13 13:00:00,22,vpn.log,vpn_connection,0
2024-01-13 14:00:00,17,vpn.log,firewall_event,0
2024-01-13 14:00:00,26,auth.log,user_auth,0
2024-01-13 14:00:00,25,vpn.log,user_auth,0
2024-01-13 14:00:00,15,auth.log,web_access,0
2024-01-13 14:00:00,20,firewall.log,user_auth,0
2024-01-13 14:00:00,18,vpn.log,vpn_connection,0
2024-01-13 14:00:00,19,webserver.log,user_auth,0
2024-01-13 14:00:00,19,vpn.log,vpn_connection,0
2024-01-13 14:00:00,22,firewall.log,user_auth,0
2024-01-13 14:00:00,26,firewall.log,firewall_event,0
2024-01-13 14:00:00,16,auth.log,firewall_event,0
2024-01-13 14:00:00,26,auth.log,user_auth,0
2024-01-13 15:00:00,19,auth.log,firewall_event,0
2024-01-13 15:00:00,20,auth.log,user_auth,0
2024-01-13 15:00:00,18,vpn.log,firewall_event,0
2024-01-13 15:00:00,15,firewall.log,user_auth,0
2024-01-13 15:00:00,22,vpn.log,vpn_connection,0
2024-01-13 15:00:00,22,webserver.log,web_access,0
2024-01-13 15:00:00,21,vpn.log,firewall_event,0
2024-01-13 15:00:00,19,firewall.log,user_auth,0
2024-01-13 15:00:00,22,webserver.log,vpn_connection,0
2024-01-13 15:00:00,20,auth.log,firewall_event,0
2024-01-13 15:00:00,20,auth.log,user_auth,0
2024-01-13 15:00:00,17,vpn.log,user_auth,0
2024-01-13 16:00:00,23,vpn.log,web_access,0
2024-01-13 16:00:00,17,auth.log,firewall_event,0
2024-01-13 16:00:00,26,firewall.log,user_auth,0
2024-01-13 16:00:00,21,webserver.log,firewall_event,0
2024-01-13 16:00:00,25,webserver.log,user_auth,0
2024-01-13 16:00:00,16,webserver.log,vpn_connection,0
2024-01-13 16:00:00,15,firewall.log,web_access,0
2024-01-13 16:00:00,16,firewall.log,web_access,0
2024-01-13 16:00:00,29,firewall.log,firewall_event,0
2024-01-13 16:00:00,20,auth.log,web_access,0
2024-01-13 16:00:00,22,auth.log,firewall_event,0
2024-01-13 16:00:00,29,webserver.log,web_access,0
2024-01-13 17:00:00,19,vpn.log,firewall_event,0
2024-01-13 17:00:00,18,vpn.log,vpn_connection,0
2024-01-13 17:00:00,13,webserver.log,vpn_connection,0
2024-01-13 17:00:00,22,firewall.log,user_auth,0
2024-01-13 17:00:00,19,vpn.log,vpn_connection,0
2024-01-13 17:00:00,13,webserver.log,web_access,0
2024-01-13 17:00:00,13,webserver.log,user_auth,0
2024-01-13 17:00:00,20,webserver.log,firewall_event,0
2024-01-13 17:00:00,22,firewall.log,web_access,0
2024-01-13 18:00:00,21,webserver.log,user_auth,0
2024-01-13 18:00:00,23,auth.log,firewall_event,0
2024-01-13 18:00:00,18,auth.log,web_access,0
2024-01-13 18:00:00,19,auth.log,web_access,0
2024-01-13 18:00:00,15,firewall.log,vpn_connection,0
2024-01-13 18:00:00,19,auth.log,firewall_event,0
2024-01-13 18:00:00,24,firewall.log,user_auth,0
2024-01-13 18:00:00,16,vpn.log,web_access,0
2024-01-13 19:00:00,17,firewall.log,firewall_event,0
2024-01-13 19:00:00,21,vpn.log,web_access,0
2024-01-13 19:00:00,8,firewall.log,vpn_connection,0
2024-01-13 19:00:00,17,auth.log,vpn_connection,0
2024-01-13 19:00:00,512,vpn.log,firewall_event,1
2024-01-13 19:00:00,20,webserver.log,user_auth,0
2024-01-13 19:00:00,19,vpn.log,user_auth,0
2024-01-13 19:00:00,18,webserver.log,user_auth,0
2024-01-13 19:00:00,25,auth.log,firewall_event,0
2024-01-13 19:00:00,21,webserver.log,vpn_connection,0
2024-01-13 19:00:00,20,firewall.log,firewall_event,0
2024-01-13 20:00:00,15,vpn.log,web_access,0
2024-01-13 20:00:00,23,auth.log,web_access,0
2024-01-13 20:00:00,27,webserver.log,user_auth,0
2024-01-13 20:00:00,20,auth.log,user_auth,0
2024-01-13 20:00:00,20,webserver.log,vpn_connection,0
2024-01-13 20:00:00,20,webserver.log,vpn_connection,0
2024-01-13 20:00:00,15,webserver.log,vpn_connection,0
2024-01-13 21:00:00,17,auth.log,web_access,0
2024-01-13 21:00:00,15,webserver.log,firewall_event,0
2024-01-13 21:00:00,16,vpn.log,web_access,0
2024-01-13 21:00:00,25,webserver.log,user_auth,0
2024-01-13 21:00:00,19,vpn.log,vpn_connection,0
2024-01-13 21:00:00,19,webserver.log,vpn_connection,0
2024-01-13 22:00:00,17,vpn.log,vpn_connection,0
2024-01-13 22:00:00,25,vpn.log,vpn_connection,0
2024-01-13 22:00:00,22,firewall.log,firewall_event,0
2024-01-13 22:00:00,19,webserver.log,vpn_connection,0
2024-01-13 22:00:00,28,auth.log,web_access,0
2024-01-13 22:00:00,15,webserver.log,vpn_connection,0
2024-01-13 22:00:00,10,vpn.log,firewall_event,0
2024-01-13 22:00:00,17,webserver.log,web_access,0
2024-01-13 22:00:00,17,vpn.log,web_access,0
2024-01-13 22:00:00,21,auth.log,vpn_connection,0
2024-01-13 22:00:00,19,webserver.log,firewall_event,0
2024-01-13 22:00:00,20,firewall.log,user_auth,0
2024-01-13 22:00:00,15,auth.log,vpn_connection,0
2024-01-13 23:00:00,22,auth.log,web_access,0
2024-01-13 23:00:00,16,vpn.log,firewall_event,0
2024-01-13 23:00:00,18,webserver.log,web_access,0
2024-01-13 23:00:00,23,auth.log,web_access,0
2024-01-13 23:00:00,19,vpn.log,user_auth,0
2024-01-13 23:00:00,25,webserver.log,firewall_event,0
2024-01-14 00:00:00,14,auth.log,firewall_event,0
2024-01-14 00:00:00,20,vpn.log,firewall_event,0
2024-01-14 00:00:00,8,webserver.log,firewall_event,0
2024-01-14 00:00:00,23,auth.log,vpn_connection,0
2024-01-14 00:00:00,19,auth.log,web_access,0
2024-01-14 00:00:00,23,firewall.log,web_access,0
2024-01-14 00:00:00,21,firewall.log,vpn_connection,0
