timestamp,service,alert_name,severity,source,metric,value,threshold,alert_count,is_anomaly
2026-01-30 14:23:17.815814,payment-gateway,HighLatency,info,prometheus,latency,70.76,300,2,0
2026-01-30 14:28:17.815814,inventory-db,DiskSpaceLow,info,logs,disk,39.51,90,3,0
2026-01-30 14:33:17.815814,analytics-engine,DiskSpaceLow,info,prometheus,disk,28.35,90,1,0
2026-01-30 14:38:17.815814,payment-gateway,HighCPU,info,grafana,cpu,40.02,80,1,0
2026-01-30 14:43:17.815814,frontend-web,ErrorRateSpike,info,logs,errors,0.0,5,1,0
2026-01-30 14:48:17.815814,auth-service,DiskSpaceLow,info,logs,disk,45.5,90,1,0
2026-01-30 14:53:17.815814,analytics-engine,ErrorRateSpike,info,logs,errors,0.0,5,1,0
2026-01-30 14:58:17.815814,payment-gateway,HighCPU,info,logs,cpu,44.28,80,1,0
2026-01-30 15:03:17.815814,frontend-web,ErrorRateSpike,info,prometheus,errors,0.0,5,1,0
2026-01-30 15:08:17.815814,payment-gateway,HighLatency,info,logs,latency,93.4,300,1,0
2026-01-30 15:13:17.815814,analytics-engine,HighMemory,info,grafana,memory,65.48,85,1,0
2026-01-30 15:18:17.815814,payment-gateway,ErrorRateSpike,info,prometheus,errors,0.0,5,2,0
2026-01-30 15:23:17.815814,analytics-engine,ErrorRateSpike,info,logs,errors,0.98,5,1,0
2026-01-30 15:28:17.815814,payment-gateway,HighCPU,info,logs,cpu,27.29,80,3,0
2026-01-30 15:33:17.815814,analytics-engine,DiskSpaceLow,info,grafana,disk,37.31,90,1,0
2026-01-30 15:38:17.815814,auth-service,ErrorRateSpike,info,prometheus,errors,0.0,5,1,0
2026-01-30 15:43:17.815814,auth-service,HighMemory,info,logs,memory,62.45,85,1,0
2026-01-30 15:48:17.815814,payment-gateway,HighCPU,info,logs,cpu,17.23,80,1,0
2026-01-30 15:53:17.815814,inventory-db,HighMemory,info,logs,memory,50.84,85,1,0
2026-01-30 15:58:17.815814,payment-gateway,HighMemory,info,logs,memory,39.12,85,1,0
2026-01-30 16:03:17.815814,auth-service,DiskSpaceLow,info,grafana,disk,38.67,90,1,0
2026-01-30 16:08:17.815814,payment-gateway,ErrorRateSpike,info,logs,errors,3.83,5,2,0
2026-01-30 16:13:17.815814,frontend-web,HighMemory,info,logs,memory,68.3,85,1,0
2026-01-30 16:18:17.815814,payment-gateway,HighMemory,info,logs,memory,54.3,85,3,0
2026-01-30 16:23:17.815814,payment-gateway,HighCPU,info,grafana,cpu,46.86,80,1,0
2026-01-30 16:28:17.815814,auth-service,ErrorRateSpike,info,logs,errors,1.55,5,1,0
2026-01-30 16:33:17.815814,frontend-web,HighMemory,warning,logs,memory,62.38,85,26,1
2026-01-30 16:38:17.815814,inventory-db,HighLatency,info,prometheus,latency,129.53,300,1,0
2026-01-30 16:43:17.815814,analytics-engine,HighCPU,info,grafana,cpu,28.71,80,1,0
2026-01-30 16:48:17.815814,analytics-engine,HighMemory,info,prometheus,memory,66.37,85,3,0
2026-01-30 16:53:17.815814,auth-service,HighCPU,info,grafana,cpu,33.17,80,4,0
2026-01-30 16:58:17.815814,payment-gateway,HighMemory,info,prometheus,memory,54.16,85,1,0
2026-01-30 17:03:17.815814,auth-service,DiskSpaceLow,info,prometheus,disk,38.14,90,2,0
2026-01-30 17:08:17.815814,inventory-db,HighCPU,info,prometheus,cpu,30.08,80,1,0
2026-01-30 17:13:17.815814,analytics-engine,DiskSpaceLow,info,logs,disk,40.1,90,3,0
2026-01-30 17:18:17.815814,auth-service,HighMemory,info,prometheus,memory,45.87,85,1,0
2026-01-30 17:23:17.815814,analytics-engine,HighCPU,info,logs,cpu,49.88,80,1,0
2026-01-30 17:28:17.815814,inventory-db,DiskSpaceLow,info,prometheus,disk,48.43,90,1,0
2026-01-30 17:33:17.815814,inventory-db,ErrorRateSpike,info,grafana,errors,0.0,5,1,0
2026-01-30 17:38:17.815814,inventory-db,HighLatency,info,grafana,latency,149.41,300,3,0
2026-01-30 17:43:17.815814,analytics-engine,HighMemory,info,prometheus,memory,45.46,85,1,0
2026-01-30 17:48:17.815814,auth-service,HighLatency,info,grafana,latency,143.86,300,2,0
2026-01-30 17:53:17.815814,inventory-db,DiskSpaceLow,info,grafana,disk,43.16,90,2,0
2026-01-30 17:58:17.815814,auth-service,DiskSpaceLow,info,prometheus,disk,53.33,90,1,0
2026-01-30 18:03:17.815814,inventory-db,HighMemory,info,logs,memory,48.64,85,3,0
2026-01-30 18:08:17.815814,inventory-db,HighLatency,info,logs,latency,105.08,300,1,0
2026-01-30 18:13:17.815814,analytics-engine,HighCPU,info,grafana,cpu,49.69,80,1,0
2026-01-30 18:18:17.815814,auth-service,HighMemory,info,prometheus,memory,63.51,85,2,0
2026-01-30 18:23:17.815814,analytics-engine,ErrorRateSpike,warning,prometheus,errors,4.15,5,1,1
2026-01-30 18:28:17.815814,frontend-web,HighMemory,info,prometheus,memory,50.33,85,1,0
2026-01-30 18:33:17.815814,analytics-engine,HighLatency,info,grafana,latency,137.29,300,1,0
2026-01-30 18:38:17.815814,auth-service,DiskSpaceLow,info,logs,disk,31.73,90,1,0
2026-01-30 18:43:17.815814,analytics-engine,HighCPU,info,prometheus,cpu,63.67,80,1,0
2026-01-30 18:48:17.815814,auth-service,DiskSpaceLow,info,grafana,disk,46.09,90,1,0
2026-01-30 18:53:17.815814,auth-service,HighCPU,info,grafana,cpu,49.4,80,2,0
2026-01-30 18:58:17.815814,inventory-db,ErrorRateSpike,warning,logs,errors,5.29,5,1,0
2026-01-30 19:03:17.815814,inventory-db,HighMemory,info,logs,memory,61.87,85,1,0
2026-01-30 19:08:17.815814,payment-gateway,HighMemory,info,prometheus,memory,55.41,85,1,0
2026-01-30 19:13:17.815814,auth-service,HighLatency,info,prometheus,latency,139.9,300,1,0
2026-01-30 19:18:17.815814,inventory-db,HighLatency,info,grafana,latency,92.06,300,1,0
2026-01-30 19:23:17.815814,frontend-web,ErrorRateSpike,info,grafana,errors,1.82,5,3,0
2026-01-30 19:28:17.815814,payment-gateway,HighLatency,info,logs,latency,154.59,300,1,0
2026-01-30 19:33:17.815814,inventory-db,HighMemory,info,grafana,memory,50.14,85,2,0
2026-01-30 19:38:17.815814,analytics-engine,DiskSpaceLow,info,prometheus,disk,41.16,90,1,0
2026-01-30 19:43:17.815814,auth-service,ErrorRateSpike,warning,grafana,errors,5.36,5,2,0
2026-01-30 19:48:17.815814,analytics-engine,HighCPU,info,logs,cpu,35.87,80,1,0
2026-01-30 19:53:17.815814,analytics-engine,DiskSpaceLow,info,prometheus,disk,52.83,90,1,0
2026-01-30 19:58:17.815814,inventory-db,ErrorRateSpike,warning,prometheus,errors,5.01,5,2,0
2026-01-30 20:03:17.815814,analytics-engine,HighMemory,info,grafana,memory,63.62,85,4,0
2026-01-30 20:08:17.815814,frontend-web,ErrorRateSpike,info,logs,errors,0.15,5,1,0
2026-01-30 20:13:17.815814,payment-gateway,HighMemory,info,grafana,memory,56.32,85,1,0
2026-01-30 20:18:17.815814,frontend-web,HighMemory,info,grafana,memory,40.81,85,3,0
2026-01-30 20:23:17.815814,analytics-engine,HighMemory,info,logs,memory,64.07,85,1,0
2026-01-30 20:28:17.815814,analytics-engine,HighCPU,info,prometheus,cpu,53.79,80,1,0
2026-01-30 20:33:17.815814,auth-service,DiskSpaceLow,info,prometheus,disk,58.98,90,2,0
2026-01-30 20:38:17.815814,analytics-engine,HighMemory,info,logs,memory,57.86,85,2,0
2026-01-30 20:43:17.815814,payment-gateway,HighMemory,info,logs,memory,47.6,85,1,0
2026-01-30 20:48:17.815814,frontend-web,HighMemory,info,prometheus,memory,56.01,85,1,0
2026-01-30 20:53:17.815814,analytics-engine,HighMemory,info,prometheus,memory,45.25,85,2,0
2026-01-30 20:58:17.815814,auth-service,HighLatency,info,grafana,latency,185.14,300,2,0
2026-01-30 21:03:17.815814,analytics-engine,ErrorRateSpike,info,prometheus,errors,0.0,5,2,0
2026-01-30 21:08:17.815814,auth-service,ErrorRateSpike,info,grafana,errors,0.0,5,5,0
2026-01-30 21:13:17.815814,inventory-db,ErrorRateSpike,info,prometheus,errors,0.0,5,4,0
2026-01-30 21:18:17.815814,analytics-engine,HighLatency,info,grafana,latency,99.39,300,2,0
2026-01-30 21:23:17.815814,inventory-db,HighCPU,info,prometheus,cpu,29.57,80,2,0
2026-01-30 21:28:17.815814,inventory-db,DiskSpaceLow,info,prometheus,disk,53.0,90,1,0
2026-01-30 21:33:17.815814,frontend-web,HighMemory,info,logs,memory,67.05,85,1,0
2026-01-30 21:38:17.815814,payment-gateway,ErrorRateSpike,info,grafana,errors,2.12,5,1,0
2026-01-30 21:43:17.815814,frontend-web,HighCPU,info,logs,cpu,46.04,80,1,0
2026-01-30 21:48:17.815814,inventory-db,HighLatency,info,prometheus,latency,96.3,300,2,0
2026-01-30 21:53:17.815814,frontend-web,HighMemory,info,prometheus,memory,44.2,85,1,0
2026-01-30 21:58:17.815814,analytics-engine,HighLatency,info,grafana,latency,122.18,300,2,0
2026-01-30 22:03:17.815814,analytics-engine,ErrorRateSpike,info,prometheus,errors,4.43,5,1,0
2026-01-30 22:08:17.815814,payment-gateway,HighLatency,info,grafana,latency,178.26,300,4,0
2026-01-30 22:13:17.815814,payment-gateway,HighCPU,info,logs,cpu,37.43,80,1,0
2026-01-30 22:18:17.815814,analytics-engine,ErrorRateSpike,info,prometheus,errors,3.35,5,1,0
2026-01-30 22:23:17.815814,inventory-db,HighCPU,info,grafana,cpu,29.0,80,1,0
2026-01-30 22:28:17.815814,payment-gateway,ErrorRateSpike,info,grafana,errors,3.91,5,2,0
2026-01-30 22:33:17.815814,frontend-web,HighMemory,info,grafana,memory,41.71,85,2,0
2026-01-30 22:38:17.815814,inventory-db,HighCPU,info,logs,cpu,23.52,80,1,0
2026-01-30 22:43:17.815814,inventory-db,HighLatency,info,logs,latency,137.17,300,5,0
2026-01-30 22:48:17.815814,auth-service,DiskSpaceLow,info,grafana,disk,48.24,90,1,0
2026-01-30 22:53:17.815814,auth-service,DiskSpaceLow,info,grafana,disk,34.37,90,1,0
2026-01-30 22:58:17.815814,frontend-web,HighCPU,info,logs,cpu,47.4,80,1,0
2026-01-30 23:03:17.815814,auth-service,DiskSpaceLow,info,prometheus,disk,62.62,90,1,0
2026-01-30 23:08:17.815814,payment-gateway,DiskSpaceLow,info,prometheus,disk,60.47,90,3,0
2026-01-30 23:13:17.815814,auth-service,DiskSpaceLow,info,logs,disk,31.19,90,1,0
2026-01-30 23:18:17.815814,analytics-engine,DiskSpaceLow,info,grafana,disk,48.13,90,2,0
2026-01-30 23:23:17.815814,frontend-web,ErrorRateSpike,warning,grafana,errors,5.37,5,1,0
2026-01-30 23:28:17.815814,auth-service,DiskSpaceLow,info,logs,disk,60.37,90,2,0
2026-01-30 23:33:17.815814,frontend-web,ErrorRateSpike,warning,grafana,errors,2.5,5,1,1
2026-01-30 23:38:17.815814,frontend-web,HighLatency,info,logs,latency,118.5,300,1,0
2026-01-30 23:43:17.815814,analytics-engine,ErrorRateSpike,info,logs,errors,0.84,5,1,0
2026-01-30 23:48:17.815814,auth-service,HighCPU,info,prometheus,cpu,51.77,80,2,0
2026-01-30 23:53:17.815814,frontend-web,HighMemory,info,logs,memory,52.58,85,1,0
2026-01-30 23:58:17.815814,inventory-db,HighCPU,warning,prometheus,cpu,74.95,80,1,1
2026-01-31 00:03:17.815814,inventory-db,ErrorRateSpike,info,grafana,errors,0.0,5,2,0
2026-01-31 00:08:17.815814,payment-gateway,HighCPU,info,grafana,cpu,47.86,80,1,0
2026-01-31 00:13:17.815814,analytics-engine,HighCPU,info,prometheus,cpu,17.2,80,1,0
2026-01-31 00:18:17.815814,analytics-engine,DiskSpaceLow,info,logs,disk,29.29,90,1,0
2026-01-31 00:23:17.815814,payment-gateway,HighMemory,info,logs,memory,62.18,85,1,0
2026-01-31 00:28:17.815814,auth-service,HighLatency,info,prometheus,latency,130.01,300,1,0
2026-01-31 00:33:17.815814,inventory-db,DiskSpaceLow,info,logs,disk,62.0,90,2,0
2026-01-31 00:38:17.815814,frontend-web,HighCPU,info,grafana,cpu,50.95,80,1,0
2026-01-31 00:43:17.815814,frontend-web,DiskSpaceLow,info,logs,disk,26.87,90,2,0
2026-01-31 00:48:17.815814,auth-service,ErrorRateSpike,info,grafana,errors,0.0,5,1,0
2026-01-31 00:53:17.815814,payment-gateway,HighMemory,critical,prometheus,memory,108.49,85,1,1
2026-01-31 00:58:17.815814,inventory-db,DiskSpaceLow,info,prometheus,disk,47.82,90,3,0
2026-01-31 01:03:17.815814,frontend-web,HighMemory,info,logs,memory,69.05,85,3,0
2026-01-31 01:08:17.815814,frontend-web,DiskSpaceLow,info,prometheus,disk,60.26,90,1,0
2026-01-31 01:13:17.815814,frontend-web,HighCPU,info,logs,cpu,26.75,80,1,0
2026-01-31 01:18:17.815814,analytics-engine,DiskSpaceLow,info,logs,disk,50.18,90,1,0
2026-01-31 01:23:17.815814,inventory-db,ErrorRateSpike,info,logs,errors,4.86,5,1,0
2026-01-31 01:28:17.815814,auth-service,ErrorRateSpike,info,prometheus,errors,1.04,5,1,0
2026-01-31 01:33:17.815814,payment-gateway,HighMemory,info,grafana,memory,54.42,85,3,0
2026-01-31 01:38:17.815814,auth-service,HighLatency,info,prometheus,latency,55.22,300,3,0
2026-01-31 01:43:17.815814,inventory-db,HighLatency,info,logs,latency,173.69,300,2,0
2026-01-31 01:48:17.815814,frontend-web,HighCPU,info,logs,cpu,22.61,80,1,0
2026-01-31 01:53:17.815814,analytics-engine,DiskSpaceLow,info,grafana,disk,38.58,90,3,0
2026-01-31 01:58:17.815814,payment-gateway,ErrorRateSpike,info,prometheus,errors,0.0,5,1,0
2026-01-31 02:03:17.815814,inventory-db,DiskSpaceLow,info,grafana,disk,47.6,90,1,0
2026-01-31 02:08:17.815814,payment-gateway,DiskSpaceLow,info,grafana,disk,37.78,90,2,0
2026-01-31 02:13:17.815814,inventory-db,ErrorRateSpike,warning,logs,errors,5.62,5,1,0
2026-01-31 02:18:17.815814,inventory-db,HighMemory,info,prometheus,memory,44.21,85,1,0
2026-01-31 02:23:17.815814,frontend-web,DiskSpaceLow,info,prometheus,disk,45.17,90,1,0
2026-01-31 02:28:17.815814,auth-service,HighCPU,info,grafana,cpu,43.9,80,1,0
2026-01-31 02:33:17.815814,inventory-db,ErrorRateSpike,info,prometheus,errors,1.02,5,1,0
2026-01-31 02:38:17.815814,frontend-web,DiskSpaceLow,info,logs,disk,54.61,90,2,0
2026-01-31 02:43:17.815814,auth-service,HighMemory,info,grafana,memory,54.84,85,1,0
2026-01-31 02:48:17.815814,analytics-engine,HighLatency,info,logs,latency,153.19,300,1,0
2026-01-31 02:53:17.815814,payment-gateway,HighLatency,info,prometheus,latency,122.76,300,1,0
2026-01-31 02:58:17.815814,frontend-web,HighMemory,info,logs,memory,69.08,85,1,0
2026-01-31 03:03:17.815814,frontend-web,HighMemory,info,logs,memory,54.1,85,1,0
2026-01-31 03:08:17.815814,payment-gateway,ErrorRateSpike,info,prometheus,errors,4.46,5,3,0
2026-01-31 03:13:17.815814,payment-gateway,HighLatency,info,logs,latency,86.89,300,1,0
2026-01-31 03:18:17.815814,frontend-web,DiskSpaceLow,critical,prometheus,disk,151.54,90,1,1
2026-01-31 03:23:17.815814,payment-gateway,HighCPU,info,prometheus,cpu,22.06,80,1,0
2026-01-31 03:28:17.815814,auth-service,DiskSpaceLow,info,grafana,disk,31.57,90,5,0
2026-01-31 03:33:17.815814,analytics-engine,DiskSpaceLow,info,grafana,disk,40.38,90,1,0
2026-01-31 03:38:17.815814,inventory-db,HighLatency,info,logs,latency,167.3,300,1,0
2026-01-31 03:43:17.815814,inventory-db,HighLatency,info,grafana,latency,190.05,300,2,0
2026-01-31 03:48:17.815814,payment-gateway,HighCPU,info,grafana,cpu,55.43,80,2,0
2026-01-31 03:53:17.815814,analytics-engine,ErrorRateSpike,info,grafana,errors,3.05,5,2,0
2026-01-31 03:58:17.815814,auth-service,HighCPU,info,prometheus,cpu,34.11,80,2,0
2026-01-31 04:03:17.815814,payment-gateway,HighCPU,info,grafana,cpu,50.24,80,1,0
2026-01-31 04:08:17.815814,analytics-engine,HighMemory,info,grafana,memory,47.27,85,1,0
2026-01-31 04:13:17.815814,payment-gateway,HighLatency,info,grafana,latency,105.67,300,2,0
2026-01-31 04:18:17.815814,analytics-engine,HighCPU,info,grafana,cpu,24.17,80,1,0
2026-01-31 04:23:17.815814,auth-service,ErrorRateSpike,info,grafana,errors,4.17,5,3,0
2026-01-31 04:28:17.815814,analytics-engine,HighLatency,info,logs,latency,91.4,300,1,0
2026-01-31 04:33:17.815814,payment-gateway,HighLatency,info,prometheus,latency,174.22,300,1,0
2026-01-31 04:38:17.815814,analytics-engine,HighMemory,info,logs,memory,41.74,85,1,0
2026-01-31 04:43:17.815814,inventory-db,HighLatency,info,grafana,latency,175.6,300,1,0
2026-01-31 04:48:17.815814,analytics-engine,ErrorRateSpike,info,prometheus,errors,0.0,5,2,0
2026-01-31 04:53:17.815814,frontend-web,HighMemory,info,logs,memory,50.46,85,2,0
2026-01-31 04:58:17.815814,payment-gateway,HighCPU,info,prometheus,cpu,36.25,80,1,0
2026-01-31 05:03:17.815814,frontend-web,ErrorRateSpike,info,prometheus,errors,0.0,5,2,0
2026-01-31 05:08:17.815814,payment-gateway,DiskSpaceLow,info,grafana,disk,45.91,90,1,0
2026-01-31 05:13:17.815814,analytics-engine,HighCPU,info,logs,cpu,41.18,80,3,0
2026-01-31 05:18:17.815814,inventory-db,HighCPU,info,logs,cpu,43.4,80,2,0
2026-01-31 05:23:17.815814,payment-gateway,HighCPU,info,grafana,cpu,25.53,80,2,0
2026-01-31 05:28:17.815814,payment-gateway,HighLatency,info,logs,latency,147.55,300,1,0
2026-01-31 05:33:17.815814,frontend-web,ErrorRateSpike,info,grafana,errors,0.27,5,1,0
2026-01-31 05:38:17.815814,frontend-web,HighLatency,info,logs,latency,87.13,300,1,0
2026-01-31 05:43:17.815814,analytics-engine,HighCPU,info,grafana,cpu,17.26,80,1,0
2026-01-31 05:48:17.815814,analytics-engine,DiskSpaceLow,info,prometheus,disk,49.64,90,1,0
2026-01-31 05:53:17.815814,auth-service,HighLatency,info,prometheus,latency,177.52,300,3,0
2026-01-31 05:58:17.815814,frontend-web,DiskSpaceLow,info,prometheus,disk,57.35,90,1,0
2026-01-31 06:03:17.815814,inventory-db,HighMemory,info,grafana,memory,38.9,85,2,0
2026-01-31 06:08:17.815814,frontend-web,HighMemory,critical,grafana,memory,115.62,85,3,1
2026-01-31 06:13:17.815814,payment-gateway,ErrorRateSpike,info,logs,errors,0.0,5,2,0
2026-01-31 06:18:17.815814,inventory-db,HighCPU,info,prometheus,cpu,54.27,80,2,0
2026-01-31 06:23:17.815814,payment-gateway,ErrorRateSpike,info,grafana,errors,0.0,5,2,0
2026-01-31 06:28:17.815814,inventory-db,HighMemory,info,prometheus,memory,60.63,85,1,0
2026-01-31 06:33:17.815814,payment-gateway,DiskSpaceLow,info,grafana,disk,29.24,90,1,0
2026-01-31 06:38:17.815814,frontend-web,ErrorRateSpike,info,grafana,errors,2.64,5,2,0
2026-01-31 06:43:17.815814,auth-service,ErrorRateSpike,info,logs,errors,0.0,5,1,0
2026-01-31 06:48:17.815814,payment-gateway,HighLatency,info,prometheus,latency,139.72,300,1,0
2026-01-31 06:53:17.815814,inventory-db,ErrorRateSpike,info,grafana,errors,2.69,5,1,0
2026-01-31 06:58:17.815814,analytics-engine,HighCPU,info,logs,cpu,57.87,80,1,0
2026-01-31 07:03:17.815814,analytics-engine,DiskSpaceLow,info,grafana,disk,55.76,90,2,0
2026-01-31 07:08:17.815814,frontend-web,HighLatency,info,prometheus,latency,188.7,300,1,0
2026-01-31 07:13:17.815814,frontend-web,HighLatency,info,logs,latency,77.97,300,1,0
2026-01-31 07:18:17.815814,auth-service,HighLatency,info,prometheus,latency,181.11,300,3,0
2026-01-31 07:23:17.815814,payment-gateway,HighMemory,critical,grafana,memory,190.88,85,2,1
2026-01-31 07:28:17.815814,frontend-web,HighMemory,info,prometheus,memory,66.35,85,2,0
2026-01-31 07:33:17.815814,auth-service,DiskSpaceLow,info,prometheus,disk,50.6,90,1,0
2026-01-31 07:38:17.815814,inventory-db,HighMemory,info,logs,memory,50.2,85,2,0
2026-01-31 07:43:17.815814,payment-gateway,HighLatency,info,prometheus,latency,94.3,300,3,0
2026-01-31 07:48:17.815814,inventory-db,ErrorRateSpike,info,grafana,errors,2.48,5,1,0
2026-01-31 07:53:17.815814,inventory-db,HighLatency,info,logs,latency,88.11,300,1,0
2026-01-31 07:58:17.815814,analytics-engine,HighLatency,info,grafana,latency,153.74,300,1,0
2026-01-31 08:03:17.815814,payment-gateway,DiskSpaceLow,info,prometheus,disk,52.74,90,1,0
2026-01-31 08:08:17.815814,payment-gateway,ErrorRateSpike,info,logs,errors,0.0,5,1,0
2026-01-31 08:13:17.815814,inventory-db,HighCPU,info,grafana,cpu,46.0,80,2,0
2026-01-31 08:18:17.815814,auth-service,HighCPU,info,logs,cpu,20.54,80,1,0
2026-01-31 08:23:17.815814,analytics-engine,ErrorRateSpike,info,prometheus,errors,1.05,5,2,0
2026-01-31 08:28:17.815814,analytics-engine,DiskSpaceLow,info,grafana,disk,49.38,90,1,0
2026-01-31 08:33:17.815814,payment-gateway,HighMemory,info,logs,memory,69.24,85,1,0
2026-01-31 08:38:17.815814,inventory-db,HighCPU,critical,prometheus,cpu,92.73,80,1,1
2026-01-31 08:43:17.815814,payment-gateway,HighCPU,info,grafana,cpu,28.92,80,1,0
2026-01-31 08:48:17.815814,analytics-engine,ErrorRateSpike,info,grafana,errors,2.99,5,2,0
2026-01-31 08:53:17.815814,frontend-web,HighMemory,info,grafana,memory,52.87,85,2,0
2026-01-31 08:58:17.815814,analytics-engine,ErrorRateSpike,info,prometheus,errors,3.66,5,1,0
2026-01-31 09:03:17.815814,frontend-web,HighMemory,info,logs,memory,59.09,85,1,0
2026-01-31 09:08:17.815814,auth-service,HighMemory,info,logs,memory,70.83,85,1,0
2026-01-31 09:13:17.815814,auth-service,HighCPU,critical,prometheus,cpu,90.78,80,1,1
2026-01-31 09:18:17.815814,auth-service,ErrorRateSpike,info,grafana,errors,0.0,5,1,0
2026-01-31 09:23:17.815814,inventory-db,HighLatency,warning,logs,latency,277.64,300,14,1
2026-01-31 09:28:17.815814,analytics-engine,DiskSpaceLow,info,grafana,disk,41.95,90,1,0
2026-01-31 09:33:17.815814,auth-service,DiskSpaceLow,info,prometheus,disk,28.81,90,1,0
2026-01-31 09:38:17.815814,inventory-db,HighLatency,info,prometheus,latency,138.41,300,4,0
2026-01-31 09:43:17.815814,analytics-engine,ErrorRateSpike,warning,logs,errors,1.46,5,24,1
2026-01-31 09:48:17.815814,frontend-web,HighMemory,info,prometheus,memory,55.95,85,1,0
2026-01-31 09:53:17.815814,inventory-db,HighLatency,info,logs,latency,99.81,300,1,0
2026-01-31 09:58:17.815814,frontend-web,ErrorRateSpike,info,grafana,errors,1.89,5,2,0
2026-01-31 10:03:17.815814,payment-gateway,HighCPU,info,grafana,cpu,28.3,80,1,0
2026-01-31 10:08:17.815814,analytics-engine,DiskSpaceLow,info,logs,disk,48.98,90,1,0
2026-01-31 10:13:17.815814,payment-gateway,HighLatency,info,grafana,latency,174.12,300,1,0
2026-01-31 10:18:17.815814,frontend-web,ErrorRateSpike,info,prometheus,errors,0.0,5,1,0
2026-01-31 10:23:17.815814,payment-gateway,HighMemory,warning,logs,memory,82.59,85,1,1
2026-01-31 10:28:17.815814,frontend-web,HighMemory,info,grafana,memory,62.41,85,1,0
2026-01-31 10:33:17.815814,inventory-db,HighLatency,info,prometheus,latency,54.36,300,1,0
2026-01-31 10:38:17.815814,inventory-db,ErrorRateSpike,info,logs,errors,0.0,5,2,0
2026-01-31 10:43:17.815814,frontend-web,HighMemory,info,prometheus,memory,42.07,85,1,0
2026-01-31 10:48:17.815814,payment-gateway,HighMemory,info,logs,memory,60.98,85,1,0
2026-01-31 10:53:17.815814,inventory-db,HighCPU,info,logs,cpu,25.69,80,6,0
2026-01-31 10:58:17.815814,payment-gateway,HighCPU,info,logs,cpu,53.57,80,1,0
2026-01-31 11:03:17.815814,inventory-db,HighMemory,info,grafana,memory,39.58,85,2,0
2026-01-31 11:08:17.815814,auth-service,HighMemory,info,logs,memory,39.89,85,3,0
2026-01-31 11:13:17.815814,analytics-engine,DiskSpaceLow,info,grafana,disk,43.95,90,1,0
2026-01-31 11:18:17.815814,auth-service,ErrorRateSpike,info,prometheus,errors,0.0,5,3,0
2026-01-31 11:23:17.815814,inventory-db,ErrorRateSpike,info,grafana,errors,2.62,5,3,0
2026-01-31 11:28:17.815814,frontend-web,HighMemory,info,prometheus,memory,40.87,85,2,0
2026-01-31 11:33:17.815814,frontend-web,HighCPU,info,grafana,cpu,52.33,80,1,0
2026-01-31 11:38:17.815814,inventory-db,HighMemory,info,prometheus,memory,69.26,85,1,0
2026-01-31 11:43:17.815814,inventory-db,HighMemory,info,prometheus,memory,50.66,85,1,0
2026-01-31 11:48:17.815814,payment-gateway,HighMemory,warning,prometheus,memory,84.65,85,1,1
2026-01-31 11:53:17.815814,payment-gateway,HighLatency,critical,grafana,latency,427.09,300,19,1
2026-01-31 11:58:17.815814,auth-service,HighCPU,info,logs,cpu,55.45,80,1,0
2026-01-31 12:03:17.815814,payment-gateway,HighCPU,info,prometheus,cpu,51.97,80,1,0
2026-01-31 12:08:17.815814,payment-gateway,HighCPU,info,grafana,cpu,29.07,80,1,0
2026-01-31 12:13:17.815814,frontend-web,DiskSpaceLow,info,logs,disk,43.25,90,1,0
2026-01-31 12:18:17.815814,auth-service,HighMemory,info,prometheus,memory,61.26,85,2,0
2026-01-31 12:23:17.815814,payment-gateway,HighMemory,info,grafana,memory,42.96,85,3,0
2026-01-31 12:28:17.815814,inventory-db,HighCPU,info,prometheus,cpu,21.36,80,2,0
2026-01-31 12:33:17.815814,payment-gateway,HighCPU,info,prometheus,cpu,36.27,80,1,0
2026-01-31 12:38:17.815814,payment-gateway,DiskSpaceLow,info,logs,disk,36.05,90,1,0
2026-01-31 12:43:17.815814,analytics-engine,HighMemory,info,prometheus,memory,57.07,85,1,0
2026-01-31 12:48:17.815814,auth-service,ErrorRateSpike,info,logs,errors,3.78,5,1,0
2026-01-31 12:53:17.815814,frontend-web,HighMemory,info,grafana,memory,63.8,85,4,0
2026-01-31 12:58:17.815814,inventory-db,HighLatency,info,grafana,latency,70.42,300,1,0
2026-01-31 13:03:17.815814,analytics-engine,DiskSpaceLow,info,logs,disk,46.48,90,2,0
2026-01-31 13:08:17.815814,auth-service,HighMemory,info,logs,memory,68.1,85,1,0
2026-01-31 13:13:17.815814,frontend-web,DiskSpaceLow,info,grafana,disk,52.1,90,1,0
2026-01-31 13:18:17.815814,payment-gateway,HighLatency,info,prometheus,latency,168.37,300,2,0
2026-01-31 13:23:17.815814,frontend-web,HighLatency,info,grafana,latency,132.56,300,2,0
2026-01-31 13:28:17.815814,auth-service,HighLatency,info,grafana,latency,87.7,300,1,0
2026-01-31 13:33:17.815814,frontend-web,DiskSpaceLow,info,prometheus,disk,53.18,90,2,0
2026-01-31 13:38:17.815814,frontend-web,DiskSpaceLow,info,logs,disk,48.88,90,1,0
2026-01-31 13:43:17.815814,frontend-web,ErrorRateSpike,warning,grafana,errors,1.44,5,33,1
2026-01-31 13:48:17.815814,analytics-engine,DiskSpaceLow,info,logs,disk,45.05,90,4,0
2026-01-31 13:53:17.815814,auth-service,HighMemory,info,logs,memory,46.29,85,2,0
2026-01-31 13:58:17.815814,analytics-engine,HighLatency,info,prometheus,latency,88.3,300,1,0
2026-01-31 14:03:17.815814,analytics-engine,DiskSpaceLow,info,grafana,disk,38.4,90,1,0
2026-01-31 14:08:17.815814,auth-service,HighLatency,info,grafana,latency,117.47,300,2,0
2026-01-31 14:13:17.815814,frontend-web,HighCPU,info,prometheus,cpu,45.34,80,1,0
2026-01-31 14:18:17.815814,frontend-web,HighMemory,info,grafana,memory,39.02,85,6,0
2026-01-31 14:23:17.815814,auth-service,DiskSpaceLow,info,prometheus,disk,33.04,90,1,0
2026-01-31 14:28:17.815814,payment-gateway,HighLatency,info,prometheus,latency,77.36,300,2,0
2026-01-31 14:33:17.815814,auth-service,HighMemory,info,grafana,memory,67.25,85,4,0
2026-01-31 14:38:17.815814,frontend-web,HighMemory,info,grafana,memory,65.95,85,1,0
2026-01-31 14:43:17.815814,frontend-web,HighLatency,info,grafana,latency,60.46,300,1,0
2026-01-31 14:48:17.815814,payment-gateway,DiskSpaceLow,info,grafana,disk,46.25,90,3,0
2026-01-31 14:53:17.815814,auth-service,HighMemory,info,prometheus,memory,60.66,85,1,0
2026-01-31 14:58:17.815814,frontend-web,DiskSpaceLow,info,grafana,disk,36.99,90,1,0
2026-01-31 15:03:17.815814,inventory-db,DiskSpaceLow,info,grafana,disk,26.4,90,3,0
2026-01-31 15:08:17.815814,inventory-db,HighCPU,info,prometheus,cpu,37.62,80,2,0
2026-01-31 15:13:17.815814,frontend-web,HighCPU,info,grafana,cpu,25.45,80,1,0
2026-01-31 15:18:17.815814,inventory-db,HighLatency,info,grafana,latency,88.88,300,1,0
2026-01-31 15:23:17.815814,analytics-engine,HighCPU,info,grafana,cpu,55.82,80,2,0
2026-01-31 15:28:17.815814,analytics-engine,HighMemory,info,prometheus,memory,37.63,85,1,0
2026-01-31 15:33:17.815814,analytics-engine,HighMemory,info,grafana,memory,49.99,85,2,0
2026-01-31 15:38:17.815814,analytics-engine,HighCPU,info,prometheus,cpu,33.62,80,3,0
2026-01-31 15:43:17.815814,payment-gateway,HighMemory,info,logs,memory,48.25,85,2,0
2026-01-31 15:48:17.815814,frontend-web,ErrorRateSpike,warning,prometheus,errors,6.76,5,1,0
2026-01-31 15:53:17.815814,frontend-web,DiskSpaceLow,info,prometheus,disk,28.35,90,3,0
2026-01-31 15:58:17.815814,payment-gateway,HighLatency,info,logs,latency,142.58,300,3,0
2026-01-31 16:03:17.815814,payment-gateway,HighCPU,info,logs,cpu,64.19,80,1,0
2026-01-31 16:08:17.815814,analytics-engine,HighLatency,info,prometheus,latency,186.16,300,3,0
2026-01-31 16:13:17.815814,auth-service,HighCPU,info,prometheus,cpu,57.07,80,2,0
2026-01-31 16:18:17.815814,auth-service,HighCPU,info,grafana,cpu,54.93,80,1,0
2026-01-31 16:23:17.815814,payment-gateway,ErrorRateSpike,info,grafana,errors,2.29,5,2,0
2026-01-31 16:28:17.815814,analytics-engine,HighCPU,info,logs,cpu,48.01,80,1,0
2026-01-31 16:33:17.815814,analytics-engine,HighMemory,info,logs,memory,47.0,85,2,0
2026-01-31 16:38:17.815814,frontend-web,HighCPU,info,prometheus,cpu,31.6,80,3,0
2026-01-31 16:43:17.815814,auth-service,HighCPU,critical,logs,cpu,91.97,80,4,1
2026-01-31 16:48:17.815814,frontend-web,HighLatency,info,prometheus,latency,70.97,300,1,0
2026-01-31 16:53:17.815814,payment-gateway,HighCPU,info,logs,cpu,49.34,80,1,0
2026-01-31 16:58:17.815814,payment-gateway,HighCPU,info,logs,cpu,45.71,80,3,0
2026-01-31 17:03:17.815814,inventory-db,HighCPU,info,prometheus,cpu,42.48,80,1,0
2026-01-31 17:08:17.815814,payment-gateway,HighLatency,info,prometheus,latency,180.1,300,2,0
2026-01-31 17:13:17.815814,analytics-engine,HighMemory,info,grafana,memory,50.76,85,1,0
2026-01-31 17:18:17.815814,frontend-web,HighMemory,info,logs,memory,50.81,85,1,0
2026-01-31 17:23:17.815814,payment-gateway,ErrorRateSpike,info,prometheus,errors,2.38,5,2,0
2026-01-31 17:28:17.815814,inventory-db,ErrorRateSpike,info,prometheus,errors,0.0,5,1,0
2026-01-31 17:33:17.815814,inventory-db,ErrorRateSpike,info,logs,errors,0.48,5,2,0
2026-01-31 17:38:17.815814,payment-gateway,ErrorRateSpike,info,logs,errors,0.31,5,1,0
2026-01-31 17:43:17.815814,analytics-engine,HighMemory,info,prometheus,memory,69.24,85,1,0
2026-01-31 17:48:17.815814,payment-gateway,HighCPU,info,grafana,cpu,21.75,80,2,0
2026-01-31 17:53:17.815814,inventory-db,ErrorRateSpike,info,grafana,errors,3.14,5,2,0
2026-01-31 17:58:17.815814,inventory-db,HighMemory,critical,grafana,memory,118.74,85,21,1
2026-01-31 18:03:17.815814,inventory-db,HighCPU,info,prometheus,cpu,51.64,80,1,0
2026-01-31 18:08:17.815814,frontend-web,HighCPU,info,logs,cpu,46.0,80,4,0
2026-01-31 18:13:17.815814,inventory-db,HighLatency,info,logs,latency,138.93,300,2,0
2026-01-31 18:18:17.815814,auth-service,HighCPU,info,grafana,cpu,49.53,80,2,0
2026-01-31 18:23:17.815814,frontend-web,HighMemory,info,prometheus,memory,66.76,85,2,0
2026-01-31 18:28:17.815814,inventory-db,ErrorRateSpike,info,prometheus,errors,0.0,5,2,0
2026-01-31 18:33:17.815814,frontend-web,ErrorRateSpike,info,prometheus,errors,0.0,5,1,0
2026-01-31 18:38:17.815814,auth-service,DiskSpaceLow,critical,prometheus,disk,149.92,90,1,1
2026-01-31 18:43:17.815814,frontend-web,HighCPU,info,grafana,cpu,27.96,80,1,0
2026-01-31 18:48:17.815814,inventory-db,HighCPU,info,logs,cpu,23.2,80,1,0
2026-01-31 18:53:17.815814,analytics-engine,HighMemory,info,grafana,memory,37.87,85,2,0
2026-01-31 18:58:17.815814,analytics-engine,DiskSpaceLow,info,prometheus,disk,30.41,90,1,0
2026-01-31 19:03:17.815814,inventory-db,DiskSpaceLow,info,prometheus,disk,27.7,90,3,0
2026-01-31 19:08:17.815814,payment-gateway,DiskSpaceLow,info,grafana,disk,44.57,90,1,0
2026-01-31 19:13:17.815814,analytics-engine,HighLatency,info,logs,latency,190.03,300,3,0
2026-01-31 19:18:17.815814,auth-service,HighLatency,info,prometheus,latency,188.32,300,1,0
2026-01-31 19:23:17.815814,frontend-web,HighCPU,info,prometheus,cpu,31.95,80,1,0
2026-01-31 19:28:17.815814,analytics-engine,HighCPU,info,logs,cpu,35.33,80,2,0
2026-01-31 19:33:17.815814,payment-gateway,ErrorRateSpike,info,grafana,errors,0.31,5,1,0
2026-01-31 19:38:17.815814,payment-gateway,HighLatency,info,grafana,latency,157.82,300,2,0
2026-01-31 19:43:17.815814,frontend-web,ErrorRateSpike,info,grafana,errors,0.05,5,1,0
2026-01-31 19:48:17.815814,auth-service,HighLatency,info,grafana,latency,158.68,300,2,0
2026-01-31 19:53:17.815814,auth-service,HighCPU,info,prometheus,cpu,59.54,80,4,0
2026-01-31 19:58:17.815814,auth-service,HighLatency,info,logs,latency,62.13,300,1,0
2026-01-31 20:03:17.815814,inventory-db,HighCPU,info,grafana,cpu,45.37,80,1,0
2026-01-31 20:08:17.815814,inventory-db,HighCPU,info,prometheus,cpu,31.04,80,1,0
2026-01-31 20:13:17.815814,analytics-engine,HighMemory,info,grafana,memory,56.81,85,1,0
2026-01-31 20:18:17.815814,analytics-engine,HighMemory,info,grafana,memory,54.99,85,1,0
2026-01-31 20:23:17.815814,inventory-db,HighMemory,info,grafana,memory,64.32,85,1,0
2026-01-31 20:28:17.815814,payment-gateway,ErrorRateSpike,info,grafana,errors,0.0,5,1,0
2026-01-31 20:33:17.815814,analytics-engine,ErrorRateSpike,info,grafana,errors,2.1,5,1,0
2026-01-31 20:38:17.815814,auth-service,DiskSpaceLow,info,logs,disk,40.5,90,1,0
2026-01-31 20:43:17.815814,payment-gateway,ErrorRateSpike,info,grafana,errors,0.0,5,3,0
2026-01-31 20:48:17.815814,analytics-engine,HighMemory,info,grafana,memory,39.89,85,1,0
2026-01-31 20:53:17.815814,frontend-web,HighLatency,info,grafana,latency,142.81,300,1,0
2026-01-31 20:58:17.815814,analytics-engine,DiskSpaceLow,info,prometheus,disk,44.22,90,1,0
2026-01-31 21:03:17.815814,payment-gateway,DiskSpaceLow,info,logs,disk,44.05,90,2,0
2026-01-31 21:08:17.815814,payment-gateway,ErrorRateSpike,info,grafana,errors,2.92,5,1,0
2026-01-31 21:13:17.815814,inventory-db,HighCPU,info,grafana,cpu,45.66,80,1,0
2026-01-31 21:18:17.815814,payment-gateway,ErrorRateSpike,info,logs,errors,0.0,5,1,0
2026-01-31 21:23:17.815814,analytics-engine,HighMemory,info,grafana,memory,57.32,85,2,0
2026-01-31 21:28:17.815814,frontend-web,HighLatency,info,prometheus,latency,138.09,300,3,0
2026-01-31 21:33:17.815814,payment-gateway,HighCPU,info,prometheus,cpu,57.72,80,3,0
2026-01-31 21:38:17.815814,auth-service,HighCPU,info,grafana,cpu,38.98,80,3,0
2026-01-31 21:43:17.815814,frontend-web,DiskSpaceLow,info,prometheus,disk,45.53,90,1,0
2026-01-31 21:48:17.815814,payment-gateway,HighCPU,info,logs,cpu,32.98,80,1,0
2026-01-31 21:53:17.815814,inventory-db,HighCPU,info,prometheus,cpu,60.43,80,1,0
2026-01-31 21:58:17.815814,frontend-web,HighMemory,info,grafana,memory,53.11,85,1,0
2026-01-31 22:03:17.815814,payment-gateway,DiskSpaceLow,info,grafana,disk,41.04,90,2,0
2026-01-31 22:08:17.815814,analytics-engine,HighLatency,info,logs,latency,144.81,300,3,0
2026-01-31 22:13:17.815814,frontend-web,ErrorRateSpike,info,grafana,errors,3.55,5,5,0
2026-01-31 22:18:17.815814,inventory-db,HighLatency,info,prometheus,latency,122.55,300,1,0
2026-01-31 22:23:17.815814,inventory-db,HighLatency,info,logs,latency,55.19,300,2,0
2026-01-31 22:28:17.815814,auth-service,ErrorRateSpike,info,prometheus,errors,3.63,5,1,0
2026-01-31 22:33:17.815814,inventory-db,HighCPU,info,grafana,cpu,55.85,80,2,0
2026-01-31 22:38:17.815814,frontend-web,ErrorRateSpike,info,prometheus,errors,1.66,5,1,0
2026-01-31 22:43:17.815814,inventory-db,HighLatency,info,grafana,latency,169.72,300,2,0
2026-01-31 22:48:17.815814,auth-service,ErrorRateSpike,warning,grafana,errors,0.7,5,3,1
2026-01-31 22:53:17.815814,inventory-db,HighCPU,info,prometheus,cpu,29.17,80,1,0
2026-01-31 22:58:17.815814,frontend-web,HighMemory,info,logs,memory,64.3,85,1,0
2026-01-31 23:03:17.815814,analytics-engine,HighCPU,info,grafana,cpu,60.45,80,1,0
2026-01-31 23:08:17.815814,payment-gateway,HighMemory,info,prometheus,memory,50.44,85,1,0
2026-01-31 23:13:17.815814,analytics-engine,HighMemory,info,prometheus,memory,38.17,85,1,0
2026-01-31 23:18:17.815814,frontend-web,DiskSpaceLow,warning,grafana,disk,65.29,90,50,1
2026-01-31 23:23:17.815814,frontend-web,ErrorRateSpike,info,prometheus,errors,2.37,5,2,0
2026-01-31 23:28:17.815814,inventory-db,HighLatency,info,prometheus,latency,93.19,300,1,0
2026-01-31 23:33:17.815814,payment-gateway,HighCPU,info,prometheus,cpu,51.41,80,1,0
2026-01-31 23:38:17.815814,auth-service,HighMemory,info,prometheus,memory,62.54,85,1,0
2026-01-31 23:43:17.815814,auth-service,DiskSpaceLow,info,logs,disk,52.87,90,2,0
2026-01-31 23:48:17.815814,analytics-engine,DiskSpaceLow,info,logs,disk,47.33,90,1,0
2026-01-31 23:53:17.815814,inventory-db,DiskSpaceLow,critical,prometheus,disk,112.43,90,1,1
2026-01-31 23:58:17.815814,payment-gateway,DiskSpaceLow,info,logs,disk,41.79,90,1,0
2026-02-01 00:03:17.815814,payment-gateway,ErrorRateSpike,info,prometheus,errors,0.0,5,3,0
2026-02-01 00:08:17.815814,inventory-db,DiskSpaceLow,info,prometheus,disk,36.87,90,1,0
2026-02-01 00:13:17.815814,inventory-db,HighCPU,info,logs,cpu,45.57,80,2,0
2026-02-01 00:18:17.815814,auth-service,HighLatency,info,prometheus,latency,69.16,300,2,0
2026-02-01 00:23:17.815814,auth-service,HighLatency,info,prometheus,latency,102.95,300,2,0
2026-02-01 00:28:17.815814,analytics-engine,HighLatency,info,prometheus,latency,172.15,300,6,0
2026-02-01 00:33:17.815814,payment-gateway,DiskSpaceLow,info,grafana,disk,43.47,90,1,0
2026-02-01 00:38:17.815814,auth-service,DiskSpaceLow,info,logs,disk,51.21,90,1,0
2026-02-01 00:43:17.815814,frontend-web,HighMemory,info,logs,memory,57.96,85,1,0
2026-02-01 00:48:17.815814,payment-gateway,HighCPU,info,logs,cpu,48.06,80,1,0
2026-02-01 00:53:17.815814,inventory-db,DiskSpaceLow,info,logs,disk,47.8,90,2,0
2026-02-01 00:58:17.815814,payment-gateway,DiskSpaceLow,info,logs,disk,50.63,90,2,0
2026-02-01 01:03:17.815814,inventory-db,DiskSpaceLow,info,logs,disk,46.81,90,1,0
2026-02-01 01:08:17.815814,auth-service,HighCPU,info,logs,cpu,27.66,80,1,0
2026-02-01 01:13:17.815814,analytics-engine,HighMemory,info,grafana,memory,62.2,85,1,0
2026-02-01 01:18:17.815814,frontend-web,HighCPU,info,grafana,cpu,23.99,80,2,0
2026-02-01 01:23:17.815814,inventory-db,HighLatency,info,grafana,latency,171.46,300,1,0
2026-02-01 01:28:17.815814,auth-service,HighMemory,info,logs,memory,69.62,85,1,0
2026-02-01 01:33:17.815814,frontend-web,HighCPU,info,prometheus,cpu,29.75,80,1,0
2026-02-01 01:38:17.815814,inventory-db,HighMemory,info,grafana,memory,55.35,85,2,0
2026-02-01 01:43:17.815814,analytics-engine,HighMemory,info,prometheus,memory,45.57,85,2,0
2026-02-01 01:48:17.815814,payment-gateway,HighLatency,info,grafana,latency,165.97,300,1,0
2026-02-01 01:53:17.815814,frontend-web,DiskSpaceLow,info,logs,disk,39.66,90,1,0
2026-02-01 01:58:17.815814,frontend-web,ErrorRateSpike,info,grafana,errors,0.0,5,1,0
2026-02-01 02:03:17.815814,frontend-web,DiskSpaceLow,info,logs,disk,43.68,90,1,0
2026-02-01 02:08:17.815814,analytics-engine,HighMemory,info,grafana,memory,47.72,85,2,0
2026-02-01 02:13:17.815814,auth-service,HighLatency,info,grafana,latency,60.4,300,1,0
2026-02-01 02:18:17.815814,analytics-engine,HighCPU,info,prometheus,cpu,32.73,80,4,0
2026-02-01 02:23:17.815814,frontend-web,DiskSpaceLow,info,logs,disk,50.56,90,2,0
2026-02-01 02:28:17.815814,frontend-web,HighMemory,info,prometheus,memory,67.93,85,1,0
2026-02-01 02:33:17.815814,auth-service,DiskSpaceLow,info,grafana,disk,52.81,90,3,0
2026-02-01 02:38:17.815814,analytics-engine,HighLatency,info,logs,latency,129.09,300,2,0
2026-02-01 02:43:17.815814,inventory-db,HighLatency,info,logs,latency,77.35,300,1,0
2026-02-01 02:48:17.815814,inventory-db,HighCPU,critical,logs,cpu,101.98,80,1,1
2026-02-01 02:53:17.815814,inventory-db,HighCPU,info,logs,cpu,35.02,80,1,0
2026-02-01 02:58:17.815814,auth-service,DiskSpaceLow,info,prometheus,disk,45.65,90,3,0
2026-02-01 03:03:17.815814,payment-gateway,HighMemory,info,prometheus,memory,37.68,85,2,0
2026-02-01 03:08:17.815814,auth-service,ErrorRateSpike,info,prometheus,errors,4.88,5,1,0
2026-02-01 03:13:17.815814,auth-service,HighLatency,info,grafana,latency,126.99,300,1,0
2026-02-01 03:18:17.815814,inventory-db,ErrorRateSpike,info,grafana,errors,2.84,5,2,0
2026-02-01 03:23:17.815814,frontend-web,DiskSpaceLow,info,prometheus,disk,62.36,90,1,0
2026-02-01 03:28:17.815814,analytics-engine,HighCPU,info,logs,cpu,37.89,80,1,0
2026-02-01 03:33:17.815814,payment-gateway,HighCPU,info,logs,cpu,27.26,80,2,0
2026-02-01 03:38:17.815814,analytics-engine,HighLatency,info,prometheus,latency,83.64,300,1,0
2026-02-01 03:43:17.815814,inventory-db,HighMemory,info,grafana,memory,40.47,85,3,0
2026-02-01 03:48:17.815814,inventory-db,HighLatency,info,prometheus,latency,186.62,300,2,0
2026-02-01 03:53:17.815814,frontend-web,ErrorRateSpike,info,logs,errors,1.79,5,1,0
2026-02-01 03:58:17.815814,analytics-engine,DiskSpaceLow,info,logs,disk,43.43,90,2,0
2026-02-01 04:03:17.815814,frontend-web,DiskSpaceLow,info,grafana,disk,52.05,90,1,0
2026-02-01 04:08:17.815814,auth-service,HighCPU,info,grafana,cpu,54.45,80,1,0
2026-02-01 04:13:17.815814,frontend-web,HighCPU,critical,logs,cpu,84.6,80,5,1
2026-02-01 04:18:17.815814,analytics-engine,HighMemory,info,grafana,memory,63.35,85,1,0
2026-02-01 04:23:17.815814,auth-service,HighMemory,info,prometheus,memory,44.58,85,1,0
2026-02-01 04:28:17.815814,analytics-engine,ErrorRateSpike,warning,prometheus,errors,5.55,5,1,0
2026-02-01 04:33:17.815814,auth-service,HighMemory,info,logs,memory,39.36,85,1,0
2026-02-01 04:38:17.815814,auth-service,HighCPU,info,prometheus,cpu,56.45,80,1,0
2026-02-01 04:43:17.815814,frontend-web,HighLatency,info,logs,latency,73.59,300,2,0
2026-02-01 04:48:17.815814,auth-service,HighCPU,info,prometheus,cpu,50.67,80,1,0
2026-02-01 04:53:17.815814,inventory-db,DiskSpaceLow,info,logs,disk,53.32,90,3,0
2026-02-01 04:58:17.815814,analytics-engine,HighLatency,info,logs,latency,165.57,300,2,0
2026-02-01 05:03:17.815814,inventory-db,ErrorRateSpike,info,logs,errors,0.0,5,2,0
2026-02-01 05:08:17.815814,payment-gateway,ErrorRateSpike,info,logs,errors,1.74,5,2,0
2026-02-01 05:13:17.815814,inventory-db,DiskSpaceLow,info,logs,disk,53.49,90,2,0
2026-02-01 05:18:17.815814,auth-service,ErrorRateSpike,warning,grafana,errors,5.14,5,2,0
2026-02-01 05:23:17.815814,auth-service,HighCPU,info,prometheus,cpu,51.66,80,2,0
2026-02-01 05:28:17.815814,frontend-web,ErrorRateSpike,warning,grafana,errors,5.84,5,1,0
2026-02-01 05:33:17.815814,inventory-db,DiskSpaceLow,info,grafana,disk,37.1,90,1,0
2026-02-01 05:38:17.815814,auth-service,HighMemory,info,prometheus,memory,62.1,85,2,0
2026-02-01 05:43:17.815814,analytics-engine,HighMemory,info,logs,memory,47.6,85,1,0
2026-02-01 05:48:17.815814,frontend-web,HighLatency,info,prometheus,latency,130.93,300,2,0
2026-02-01 05:53:17.815814,auth-service,ErrorRateSpike,info,logs,errors,0.0,5,3,0
2026-02-01 05:58:17.815814,auth-service,ErrorRateSpike,info,grafana,errors,0.0,5,1,0
2026-02-01 06:03:17.815814,inventory-db,DiskSpaceLow,info,grafana,disk,29.24,90,1,0
2026-02-01 06:08:17.815814,auth-service,ErrorRateSpike,info,grafana,errors,4.97,5,1,0
2026-02-01 06:13:17.815814,inventory-db,ErrorRateSpike,info,prometheus,errors,0.0,5,1,0
2026-02-01 06:18:17.815814,inventory-db,HighCPU,info,prometheus,cpu,25.65,80,1,0
2026-02-01 06:23:17.815814,inventory-db,HighCPU,warning,grafana,cpu,73.65,80,39,1
2026-02-01 06:28:17.815814,analytics-engine,DiskSpaceLow,info,prometheus,disk,55.54,90,1,0
2026-02-01 06:33:17.815814,auth-service,DiskSpaceLow,info,grafana,disk,51.84,90,1,0
2026-02-01 06:38:17.815814,frontend-web,HighLatency,info,prometheus,latency,106.88,300,1,0
2026-02-01 06:43:17.815814,auth-service,DiskSpaceLow,info,grafana,disk,35.68,90,1,0
2026-02-01 06:48:17.815814,frontend-web,ErrorRateSpike,info,prometheus,errors,2.26,5,1,0
2026-02-01 06:53:17.815814,auth-service,HighMemory,info,grafana,memory,50.8,85,2,0
2026-02-01 06:58:17.815814,analytics-engine,DiskSpaceLow,info,grafana,disk,44.01,90,1,0
2026-02-01 07:03:17.815814,inventory-db,DiskSpaceLow,info,logs,disk,43.16,90,1,0
2026-02-01 07:08:17.815814,payment-gateway,HighLatency,info,logs,latency,88.12,300,1,0
2026-02-01 07:13:17.815814,auth-service,HighLatency,warning,logs,latency,249.98,300,2,1
2026-02-01 07:18:17.815814,frontend-web,HighCPU,info,grafana,cpu,31.2,80,3,0
2026-02-01 07:23:17.815814,frontend-web,HighMemory,info,grafana,memory,43.34,85,1,0
2026-02-01 07:28:17.815814,analytics-engine,DiskSpaceLow,info,grafana,disk,60.57,90,1,0
2026-02-01 07:33:17.815814,analytics-engine,HighMemory,info,grafana,memory,56.79,85,1,0
2026-02-01 07:38:17.815814,auth-service,DiskSpaceLow,info,prometheus,disk,50.91,90,1,0
2026-02-01 07:43:17.815814,frontend-web,HighLatency,info,logs,latency,101.53,300,1,0
2026-02-01 07:48:17.815814,analytics-engine,HighCPU,info,grafana,cpu,52.34,80,1,0
2026-02-01 07:53:17.815814,auth-service,HighMemory,critical,logs,memory,125.37,85,1,1
2026-02-01 07:58:17.815814,frontend-web,HighLatency,info,grafana,latency,122.72,300,1,0
2026-02-01 08:03:17.815814,frontend-web,HighMemory,info,prometheus,memory,39.64,85,1,0
2026-02-01 08:08:17.815814,payment-gateway,ErrorRateSpike,info,logs,errors,0.0,5,1,0
2026-02-01 08:13:17.815814,auth-service,HighCPU,info,grafana,cpu,53.53,80,2,0
2026-02-01 08:18:17.815814,frontend-web,HighCPU,info,prometheus,cpu,62.41,80,2,0
2026-02-01 08:23:17.815814,analytics-engine,ErrorRateSpike,warning,logs,errors,5.95,5,1,0
2026-02-01 08:28:17.815814,auth-service,DiskSpaceLow,info,prometheus,disk,39.57,90,2,0
2026-02-01 08:33:17.815814,inventory-db,DiskSpaceLow,info,grafana,disk,43.88,90,4,0
2026-02-01 08:38:17.815814,frontend-web,HighLatency,info,prometheus,latency,166.43,300,2,0
2026-02-01 08:43:17.815814,inventory-db,ErrorRateSpike,info,logs,errors,4.58,5,1,0
2026-02-01 08:48:17.815814,auth-service,HighLatency,info,prometheus,latency,100.1,300,1,0
2026-02-01 08:53:17.815814,analytics-engine,DiskSpaceLow,info,logs,disk,52.72,90,1,0
2026-02-01 08:58:17.815814,frontend-web,HighCPU,info,grafana,cpu,56.43,80,1,0
2026-02-01 09:03:17.815814,analytics-engine,HighMemory,info,logs,memory,51.84,85,1,0
2026-02-01 09:08:17.815814,payment-gateway,HighCPU,info,prometheus,cpu,63.09,80,2,0
2026-02-01 09:13:17.815814,payment-gateway,DiskSpaceLow,info,prometheus,disk,43.47,90,2,0
2026-02-01 09:18:17.815814,payment-gateway,HighCPU,info,logs,cpu,60.18,80,1,0
2026-02-01 09:23:17.815814,analytics-engine,ErrorRateSpike,info,grafana,errors,0.0,5,1,0
2026-02-01 09:28:17.815814,payment-gateway,DiskSpaceLow,info,grafana,disk,40.72,90,1,0
2026-02-01 09:33:17.815814,inventory-db,HighLatency,info,prometheus,latency,141.97,300,1,0
2026-02-01 09:38:17.815814,payment-gateway,HighCPU,info,logs,cpu,37.93,80,2,0
2026-02-01 09:43:17.815814,auth-service,HighCPU,info,logs,cpu,42.54,80,1,0
2026-02-01 09:48:17.815814,analytics-engine,HighLatency,info,logs,latency,57.83,300,3,0
2026-02-01 09:53:17.815814,inventory-db,HighMemory,info,grafana,memory,55.81,85,1,0
2026-02-01 09:58:17.815814,inventory-db,HighLatency,info,grafana,latency,88.68,300,1,0
2026-02-01 10:03:17.815814,payment-gateway,ErrorRateSpike,info,prometheus,errors,0.0,5,1,0
2026-02-01 10:08:17.815814,payment-gateway,HighMemory,info,logs,memory,50.57,85,2,0
2026-02-01 10:13:17.815814,frontend-web,ErrorRateSpike,info,grafana,errors,1.19,5,3,0
2026-02-01 10:18:17.815814,auth-service,HighLatency,warning,prometheus,latency,127.19,300,20,1
2026-02-01 10:23:17.815814,auth-service,HighLatency,info,prometheus,latency,146.92,300,2,0
2026-02-01 10:28:17.815814,frontend-web,DiskSpaceLow,info,prometheus,disk,33.3,90,2,0
2026-02-01 10:33:17.815814,auth-service,HighCPU,info,logs,cpu,31.08,80,1,0
2026-02-01 10:38:17.815814,analytics-engine,HighCPU,info,logs,cpu,25.48,80,2,0
2026-02-01 10:43:17.815814,frontend-web,HighLatency,info,logs,latency,162.14,300,2,0
2026-02-01 10:48:17.815814,auth-service,DiskSpaceLow,info,prometheus,disk,60.47,90,1,0
2026-02-01 10:53:17.815814,analytics-engine,HighCPU,info,prometheus,cpu,41.04,80,3,0
2026-02-01 10:58:17.815814,payment-gateway,HighCPU,info,grafana,cpu,29.43,80,3,0
2026-02-01 11:03:17.815814,inventory-db,ErrorRateSpike,info,logs,errors,3.36,5,1,0
2026-02-01 11:08:17.815814,payment-gateway,HighLatency,info,grafana,latency,61.14,300,1,0
2026-02-01 11:13:17.815814,analytics-engine,HighMemory,info,logs,memory,53.77,85,1,0
2026-02-01 11:18:17.815814,frontend-web,HighLatency,info,grafana,latency,76.86,300,2,0
2026-02-01 11:23:17.815814,auth-service,HighMemory,info,logs,memory,51.47,85,1,0
2026-02-01 11:28:17.815814,frontend-web,HighLatency,info,grafana,latency,136.98,300,3,0
2026-02-01 11:33:17.815814,frontend-web,HighCPU,info,logs,cpu,52.98,80,1,0
2026-02-01 11:38:17.815814,auth-service,HighLatency,info,grafana,latency,52.81,300,2,0
2026-02-01 11:43:17.815814,payment-gateway,HighMemory,info,prometheus,memory,57.17,85,3,0
2026-02-01 11:48:17.815814,inventory-db,HighMemory,info,grafana,memory,43.14,85,1,0
2026-02-01 11:53:17.815814,auth-service,ErrorRateSpike,info,prometheus,errors,0.0,5,2,0
2026-02-01 11:58:17.815814,inventory-db,HighMemory,info,logs,memory,70.94,85,1,0
2026-02-01 12:03:17.815814,payment-gateway,HighLatency,info,logs,latency,156.66,300,5,0
2026-02-01 12:08:17.815814,auth-service,DiskSpaceLow,info,prometheus,disk,36.43,90,3,0
2026-02-01 12:13:17.815814,frontend-web,HighCPU,info,prometheus,cpu,24.48,80,2,0
2026-02-01 12:18:17.815814,auth-service,HighLatency,info,prometheus,latency,174.57,300,1,0
2026-02-01 12:23:17.815814,analytics-engine,HighMemory,info,grafana,memory,62.86,85,1,0
2026-02-01 12:28:17.815814,frontend-web,ErrorRateSpike,warning,prometheus,errors,2.76,5,26,1
2026-02-01 12:33:17.815814,auth-service,HighCPU,warning,logs,cpu,55.43,80,2,1
2026-02-01 12:38:17.815814,auth-service,HighLatency,info,prometheus,latency,118.78,300,3,0
2026-02-01 12:43:17.815814,analytics-engine,HighCPU,info,grafana,cpu,18.87,80,1,0
2026-02-01 12:48:17.815814,frontend-web,HighCPU,info,logs,cpu,30.93,80,3,0
2026-02-01 12:53:17.815814,inventory-db,ErrorRateSpike,info,prometheus,errors,0.0,5,1,0
2026-02-01 12:58:17.815814,auth-service,ErrorRateSpike,info,logs,errors,0.0,5,1,0
2026-02-01 13:03:17.815814,auth-service,HighMemory,info,prometheus,memory,53.17,85,1,0
2026-02-01 13:08:17.815814,inventory-db,DiskSpaceLow,info,grafana,disk,59.46,90,1,0
2026-02-01 13:13:17.815814,payment-gateway,ErrorRateSpike,info,grafana,errors,0.0,5,1,0
2026-02-01 13:18:17.815814,inventory-db,HighLatency,info,prometheus,latency,145.73,300,1,0
2026-02-01 13:23:17.815814,payment-gateway,HighCPU,info,logs,cpu,29.84,80,1,0
2026-02-01 13:28:17.815814,inventory-db,DiskSpaceLow,info,logs,disk,47.2,90,1,0
2026-02-01 13:33:17.815814,auth-service,HighLatency,info,grafana,latency,52.83,300,1,0
2026-02-01 13:38:17.815814,analytics-engine,HighMemory,info,grafana,memory,65.68,85,1,0
2026-02-01 13:43:17.815814,analytics-engine,DiskSpaceLow,info,grafana,disk,49.42,90,1,0
2026-02-01 13:48:17.815814,payment-gateway,DiskSpaceLow,info,prometheus,disk,50.71,90,1,0
2026-02-01 13:53:17.815814,frontend-web,DiskSpaceLow,info,grafana,disk,34.11,90,1,0
2026-02-01 13:58:17.815814,inventory-db,ErrorRateSpike,info,logs,errors,1.62,5,1,0
2026-02-01 14:03:17.815814,analytics-engine,HighCPU,info,logs,cpu,42.48,80,2,0
2026-02-01 14:08:17.815814,analytics-engine,HighCPU,info,grafana,cpu,57.01,80,1,0
2026-02-01 14:13:17.815814,inventory-db,HighMemory,info,prometheus,memory,63.56,85,1,0
2026-02-01 14:18:17.815814,payment-gateway,ErrorRateSpike,info,grafana,errors,2.46,5,1,0
2026-02-01 14:23:17.815814,payment-gateway,HighLatency,info,logs,latency,199.55,300,2,0
2026-02-01 14:28:17.815814,analytics-engine,ErrorRateSpike,info,logs,errors,2.11,5,1,0
2026-02-01 14:33:17.815814,payment-gateway,HighCPU,info,grafana,cpu,54.28,80,1,0
2026-02-01 14:38:17.815814,inventory-db,DiskSpaceLow,info,prometheus,disk,32.61,90,2,0
2026-02-01 14:43:17.815814,auth-service,ErrorRateSpike,info,grafana,errors,1.84,5,1,0
2026-02-01 14:48:17.815814,auth-service,DiskSpaceLow,info,prometheus,disk,35.16,90,1,0
2026-02-01 14:53:17.815814,auth-service,DiskSpaceLow,info,grafana,disk,52.82,90,5,0
2026-02-01 14:58:17.815814,frontend-web,HighMemory,info,prometheus,memory,44.9,85,2,0
2026-02-01 15:03:17.815814,analytics-engine,HighCPU,info,prometheus,cpu,49.11,80,1,0
2026-02-01 15:08:17.815814,inventory-db,HighMemory,info,grafana,memory,47.11,85,1,0
2026-02-01 15:13:17.815814,frontend-web,ErrorRateSpike,info,prometheus,errors,3.82,5,1,0
2026-02-01 15:18:17.815814,payment-gateway,HighCPU,info,logs,cpu,37.59,80,1,0
2026-02-01 15:23:17.815814,auth-service,HighMemory,info,prometheus,memory,51.64,85,1,0
2026-02-01 15:28:17.815814,frontend-web,DiskSpaceLow,warning,logs,disk,59.06,90,15,1
2026-02-01 15:33:17.815814,inventory-db,HighMemory,info,grafana,memory,53.49,85,2,0
2026-02-01 15:38:17.815814,payment-gateway,HighCPU,info,prometheus,cpu,53.61,80,1,0
2026-02-01 15:43:17.815814,inventory-db,HighMemory,info,prometheus,memory,56.29,85,1,0
2026-02-01 15:48:17.815814,frontend-web,HighCPU,info,grafana,cpu,47.54,80,3,0
2026-02-01 15:53:17.815814,payment-gateway,HighLatency,info,grafana,latency,135.22,300,1,0
2026-02-01 15:58:17.815814,frontend-web,ErrorRateSpike,info,grafana,errors,1.5,5,4,0
2026-02-01 16:03:17.815814,frontend-web,DiskSpaceLow,critical,logs,disk,102.01,90,33,1
2026-02-01 16:08:17.815814,payment-gateway,DiskSpaceLow,info,prometheus,disk,29.47,90,1,0
2026-02-01 16:13:17.815814,auth-service,ErrorRateSpike,info,prometheus,errors,3.17,5,1,0
2026-02-01 16:18:17.815814,auth-service,HighLatency,info,grafana,latency,100.37,300,1,0
2026-02-01 16:23:17.815814,frontend-web,HighCPU,info,logs,cpu,30.06,80,2,0
2026-02-01 16:28:17.815814,auth-service,HighCPU,info,prometheus,cpu,33.62,80,1,0
2026-02-01 16:33:17.815814,analytics-engine,ErrorRateSpike,info,prometheus,errors,1.14,5,1,0
2026-02-01 16:38:17.815814,frontend-web,HighCPU,info,grafana,cpu,24.79,80,1,0
2026-02-01 16:43:17.815814,analytics-engine,ErrorRateSpike,info,prometheus,errors,1.01,5,5,0
2026-02-01 16:48:17.815814,frontend-web,HighMemory,info,logs,memory,60.24,85,2,0
2026-02-01 16:53:17.815814,payment-gateway,HighCPU,info,prometheus,cpu,28.04,80,1,0
2026-02-01 16:58:17.815814,inventory-db,HighCPU,info,logs,cpu,37.91,80,2,0
2026-02-01 17:03:17.815814,auth-service,HighCPU,info,logs,cpu,31.42,80,2,0
2026-02-01 17:08:17.815814,frontend-web,ErrorRateSpike,info,grafana,errors,0.0,5,1,0
2026-02-01 17:13:17.815814,frontend-web,DiskSpaceLow,info,logs,disk,58.07,90,1,0
2026-02-01 17:18:17.815814,payment-gateway,HighLatency,info,grafana,latency,83.04,300,1,0
2026-02-01 17:23:17.815814,analytics-engine,DiskSpaceLow,info,logs,disk,34.33,90,1,0
2026-02-01 17:28:17.815814,inventory-db,DiskSpaceLow,info,logs,disk,54.95,90,1,0
2026-02-01 17:33:17.815814,auth-service,HighLatency,info,grafana,latency,145.68,300,3,0
2026-02-01 17:38:17.815814,frontend-web,ErrorRateSpike,warning,grafana,errors,2.96,5,1,1
2026-02-01 17:43:17.815814,payment-gateway,HighCPU,info,grafana,cpu,46.7,80,1,0
2026-02-01 17:48:17.815814,auth-service,HighLatency,info,grafana,latency,178.03,300,1,0
2026-02-01 17:53:17.815814,analytics-engine,DiskSpaceLow,info,grafana,disk,59.28,90,1,0
2026-02-01 17:58:17.815814,analytics-engine,HighLatency,info,logs,latency,183.27,300,7,0
2026-02-01 18:03:17.815814,auth-service,ErrorRateSpike,info,prometheus,errors,4.43,5,1,0
2026-02-01 18:08:17.815814,auth-service,ErrorRateSpike,info,prometheus,errors,4.11,5,3,0
2026-02-01 18:13:17.815814,frontend-web,HighMemory,info,prometheus,memory,54.54,85,1,0
2026-02-01 18:18:17.815814,inventory-db,HighMemory,critical,grafana,memory,140.71,85,19,1
2026-02-01 18:23:17.815814,inventory-db,HighCPU,info,logs,cpu,27.33,80,1,0
2026-02-01 18:28:17.815814,frontend-web,HighMemory,info,logs,memory,67.54,85,1,0
2026-02-01 18:33:17.815814,payment-gateway,ErrorRateSpike,info,logs,errors,0.01,5,2,0
2026-02-01 18:38:17.815814,payment-gateway,ErrorRateSpike,info,prometheus,errors,0.0,5,1,0
2026-02-01 18:43:17.815814,auth-service,ErrorRateSpike,warning,grafana,errors,5.36,5,1,0
2026-02-01 18:48:17.815814,payment-gateway,HighLatency,critical,logs,latency,300.4,300,1,1
2026-02-01 18:53:17.815814,frontend-web,HighLatency,info,prometheus,latency,139.06,300,2,0
2026-02-01 18:58:17.815814,analytics-engine,HighLatency,info,grafana,latency,160.03,300,1,0
2026-02-01 19:03:17.815814,inventory-db,HighLatency,info,prometheus,latency,146.72,300,2,0
2026-02-01 19:08:17.815814,inventory-db,HighLatency,info,grafana,latency,50.97,300,2,0
2026-02-01 19:13:17.815814,inventory-db,HighCPU,info,logs,cpu,32.76,80,2,0
2026-02-01 19:18:17.815814,inventory-db,DiskSpaceLow,info,prometheus,disk,43.33,90,1,0
2026-02-01 19:23:17.815814,payment-gateway,HighMemory,info,prometheus,memory,55.25,85,1,0
2026-02-01 19:28:17.815814,inventory-db,ErrorRateSpike,info,logs,errors,0.0,5,3,0
2026-02-01 19:33:17.815814,payment-gateway,DiskSpaceLow,info,logs,disk,49.12,90,3,0
2026-02-01 19:38:17.815814,inventory-db,HighCPU,info,prometheus,cpu,43.97,80,3,0
2026-02-01 19:43:17.815814,inventory-db,HighMemory,info,prometheus,memory,56.26,85,1,0
2026-02-01 19:48:17.815814,inventory-db,HighMemory,info,grafana,memory,59.3,85,3,0
2026-02-01 19:53:17.815814,inventory-db,HighLatency,info,logs,latency,58.45,300,2,0
2026-02-01 19:58:17.815814,inventory-db,HighMemory,info,prometheus,memory,47.38,85,1,0
2026-02-01 20:03:17.815814,inventory-db,HighLatency,info,prometheus,latency,115.8,300,1,0
2026-02-01 20:08:17.815814,inventory-db,HighCPU,info,prometheus,cpu,55.15,80,1,0
2026-02-01 20:13:17.815814,analytics-engine,HighLatency,info,prometheus,latency,77.12,300,1,0
2026-02-01 20:18:17.815814,payment-gateway,DiskSpaceLow,info,prometheus,disk,28.12,90,3,0
2026-02-01 20:23:17.815814,inventory-db,HighLatency,info,logs,latency,153.63,300,1,0
2026-02-01 20:28:17.815814,inventory-db,ErrorRateSpike,warning,logs,errors,5.61,5,1,0
2026-02-01 20:33:17.815814,frontend-web,HighMemory,info,logs,memory,63.87,85,1,0
2026-02-01 20:38:17.815814,inventory-db,HighCPU,info,grafana,cpu,43.64,80,1,0
2026-02-01 20:43:17.815814,frontend-web,ErrorRateSpike,info,logs,errors,0.0,5,1,0
2026-02-01 20:48:17.815814,frontend-web,HighCPU,info,grafana,cpu,53.96,80,2,0
2026-02-01 20:53:17.815814,auth-service,HighCPU,info,logs,cpu,28.92,80,1,0
2026-02-01 20:58:17.815814,auth-service,DiskSpaceLow,info,prometheus,disk,42.11,90,4,0
2026-02-01 21:03:17.815814,auth-service,HighLatency,info,grafana,latency,146.47,300,1,0
2026-02-01 21:08:17.815814,payment-gateway,HighMemory,info,prometheus,memory,53.22,85,1,0
2026-02-01 21:13:17.815814,inventory-db,HighLatency,info,logs,latency,90.43,300,1,0
2026-02-01 21:18:17.815814,inventory-db,HighCPU,info,prometheus,cpu,25.2,80,3,0
2026-02-01 21:23:17.815814,inventory-db,HighMemory,info,prometheus,memory,47.92,85,1,0
2026-02-01 21:28:17.815814,inventory-db,HighCPU,info,logs,cpu,59.23,80,2,0
2026-02-01 21:33:17.815814,inventory-db,HighCPU,info,grafana,cpu,60.82,80,1,0
2026-02-01 21:38:17.815814,auth-service,HighMemory,info,grafana,memory,60.34,85,2,0
2026-02-01 21:43:17.815814,auth-service,ErrorRateSpike,info,logs,errors,0.0,5,1,0
2026-02-01 21:48:17.815814,auth-service,HighMemory,info,logs,memory,55.57,85,1,0
2026-02-01 21:53:17.815814,frontend-web,HighCPU,info,grafana,cpu,27.15,80,2,0
2026-02-01 21:58:17.815814,payment-gateway,DiskSpaceLow,info,logs,disk,55.07,90,2,0
2026-02-01 22:03:17.815814,analytics-engine,HighCPU,info,grafana,cpu,56.99,80,1,0
2026-02-01 22:08:17.815814,analytics-engine,HighCPU,info,prometheus,cpu,62.02,80,2,0
2026-02-01 22:13:17.815814,auth-service,HighCPU,info,prometheus,cpu,40.16,80,1,0
2026-02-01 22:18:17.815814,analytics-engine,ErrorRateSpike,info,logs,errors,1.27,5,2,0
2026-02-01 22:23:17.815814,inventory-db,DiskSpaceLow,info,logs,disk,53.73,90,3,0
2026-02-01 22:28:17.815814,inventory-db,HighLatency,info,prometheus,latency,137.8,300,1,0
2026-02-01 22:33:17.815814,payment-gateway,HighLatency,info,grafana,latency,127.81,300,1,0
2026-02-01 22:38:17.815814,frontend-web,ErrorRateSpike,info,grafana,errors,1.42,5,1,0
2026-02-01 22:43:17.815814,analytics-engine,HighMemory,critical,prometheus,memory,114.18,85,47,1
2026-02-01 22:48:17.815814,analytics-engine,HighLatency,info,prometheus,latency,56.12,300,5,0
2026-02-01 22:53:17.815814,auth-service,HighMemory,info,logs,memory,45.14,85,1,0
2026-02-01 22:58:17.815814,payment-gateway,HighMemory,info,prometheus,memory,56.42,85,3,0
2026-02-01 23:03:17.815814,frontend-web,DiskSpaceLow,info,prometheus,disk,38.39,90,2,0
2026-02-01 23:08:17.815814,inventory-db,ErrorRateSpike,info,prometheus,errors,4.37,5,1,0
2026-02-01 23:13:17.815814,frontend-web,ErrorRateSpike,info,prometheus,errors,4.83,5,1,0
2026-02-01 23:18:17.815814,inventory-db,HighLatency,info,grafana,latency,67.85,300,2,0
2026-02-01 23:23:17.815814,payment-gateway,HighCPU,info,grafana,cpu,24.4,80,1,0
2026-02-01 23:28:17.815814,inventory-db,HighMemory,info,logs,memory,43.43,85,2,0
2026-02-01 23:33:17.815814,inventory-db,HighCPU,info,grafana,cpu,49.27,80,1,0
2026-02-01 23:38:17.815814,inventory-db,HighCPU,critical,logs,cpu,95.88,80,20,1
2026-02-01 23:43:17.815814,frontend-web,HighLatency,info,prometheus,latency,159.07,300,2,0
2026-02-01 23:48:17.815814,analytics-engine,HighMemory,info,prometheus,memory,57.54,85,1,0
2026-02-01 23:53:17.815814,analytics-engine,DiskSpaceLow,info,prometheus,disk,54.11,90,1,0
2026-02-01 23:58:17.815814,inventory-db,DiskSpaceLow,critical,logs,disk,128.51,90,2,1
2026-02-02 00:03:17.815814,payment-gateway,DiskSpaceLow,info,logs,disk,34.79,90,1,0
2026-02-02 00:08:17.815814,payment-gateway,ErrorRateSpike,info,prometheus,errors,0.0,5,5,0
2026-02-02 00:13:17.815814,inventory-db,DiskSpaceLow,info,logs,disk,36.4,90,2,0
2026-02-02 00:18:17.815814,frontend-web,HighMemory,info,logs,memory,51.87,85,1,0
2026-02-02 00:23:17.815814,analytics-engine,ErrorRateSpike,info,logs,errors,0.26,5,3,0
2026-02-02 00:28:17.815814,payment-gateway,ErrorRateSpike,info,prometheus,errors,0.0,5,2,0
2026-02-02 00:33:17.815814,payment-gateway,HighCPU,info,grafana,cpu,35.43,80,1,0
2026-02-02 00:38:17.815814,analytics-engine,DiskSpaceLow,info,logs,disk,40.47,90,1,0
2026-02-02 00:43:17.815814,inventory-db,HighLatency,info,prometheus,latency,141.94,300,1,0
2026-02-02 00:48:17.815814,inventory-db,HighLatency,info,prometheus,latency,153.46,300,2,0
2026-02-02 00:53:17.815814,payment-gateway,HighCPU,info,prometheus,cpu,23.24,80,2,0
2026-02-02 00:58:17.815814,auth-service,HighCPU,info,grafana,cpu,61.77,80,2,0
2026-02-02 01:03:17.815814,inventory-db,HighMemory,info,prometheus,memory,62.76,85,1,0
2026-02-02 01:08:17.815814,inventory-db,ErrorRateSpike,info,prometheus,errors,4.43,5,1,0
2026-02-02 01:13:17.815814,frontend-web,DiskSpaceLow,info,grafana,disk,32.99,90,1,0
2026-02-02 01:18:17.815814,inventory-db,HighCPU,info,prometheus,cpu,44.91,80,1,0
2026-02-02 01:23:17.815814,payment-gateway,HighLatency,info,logs,latency,57.91,300,1,0
2026-02-02 01:28:17.815814,payment-gateway,DiskSpaceLow,info,prometheus,disk,51.71,90,2,0
2026-02-02 01:33:17.815814,analytics-engine,HighLatency,info,prometheus,latency,153.21,300,2,0
2026-02-02 01:38:17.815814,inventory-db,HighCPU,info,logs,cpu,38.61,80,1,0
2026-02-02 01:43:17.815814,frontend-web,HighCPU,info,prometheus,cpu,56.12,80,1,0
2026-02-02 01:48:17.815814,frontend-web,ErrorRateSpike,info,logs,errors,2.65,5,1,0
2026-02-02 01:53:17.815814,analytics-engine,ErrorRateSpike,info,logs,errors,0.41,5,1,0
2026-02-02 01:58:17.815814,inventory-db,ErrorRateSpike,info,prometheus,errors,2.91,5,2,0
2026-02-02 02:03:17.815814,payment-gateway,HighCPU,info,prometheus,cpu,53.64,80,1,0
2026-02-02 02:08:17.815814,frontend-web,HighCPU,info,grafana,cpu,35.91,80,1,0
2026-02-02 02:13:17.815814,payment-gateway,HighCPU,info,prometheus,cpu,53.91,80,2,0
2026-02-02 02:18:17.815814,payment-gateway,DiskSpaceLow,info,logs,disk,54.67,90,1,0
2026-02-02 02:23:17.815814,payment-gateway,HighCPU,info,prometheus,cpu,40.47,80,2,0
2026-02-02 02:28:17.815814,auth-service,HighCPU,info,grafana,cpu,23.15,80,1,0
2026-02-02 02:33:17.815814,analytics-engine,HighCPU,info,logs,cpu,21.56,80,1,0
2026-02-02 02:38:17.815814,inventory-db,HighMemory,info,prometheus,memory,56.82,85,1,0
2026-02-02 02:43:17.815814,frontend-web,DiskSpaceLow,info,logs,disk,33.37,90,2,0
2026-02-02 02:48:17.815814,frontend-web,HighLatency,info,grafana,latency,139.24,300,4,0
2026-02-02 02:53:17.815814,inventory-db,HighCPU,info,grafana,cpu,38.32,80,1,0
2026-02-02 02:58:17.815814,auth-service,HighMemory,info,logs,memory,47.31,85,2,0
2026-02-02 03:03:17.815814,frontend-web,ErrorRateSpike,info,logs,errors,0.0,5,1,0
2026-02-02 03:08:17.815814,auth-service,HighLatency,info,grafana,latency,144.98,300,2,0
2026-02-02 03:13:17.815814,auth-service,HighCPU,critical,grafana,cpu,86.5,80,1,1
2026-02-02 03:18:17.815814,auth-service,ErrorRateSpike,info,logs,errors,0.95,5,1,0
2026-02-02 03:23:17.815814,auth-service,HighCPU,warning,grafana,cpu,55.22,80,15,1
2026-02-02 03:28:17.815814,inventory-db,HighCPU,info,grafana,cpu,24.99,80,1,0
2026-02-02 03:33:17.815814,payment-gateway,ErrorRateSpike,info,logs,errors,4.29,5,1,0
2026-02-02 03:38:17.815814,frontend-web,HighMemory,info,grafana,memory,63.74,85,1,0
2026-02-02 03:43:17.815814,auth-service,HighLatency,warning,logs,latency,204.92,300,1,1
2026-02-02 03:48:17.815814,frontend-web,HighCPU,info,prometheus,cpu,40.88,80,1,0
2026-02-02 03:53:17.815814,analytics-engine,DiskSpaceLow,info,prometheus,disk,32.19,90,1,0
2026-02-02 03:58:17.815814,inventory-db,HighCPU,info,prometheus,cpu,42.39,80,1,0
2026-02-02 04:03:17.815814,analytics-engine,ErrorRateSpike,warning,grafana,errors,6.01,5,2,0
2026-02-02 04:08:17.815814,analytics-engine,DiskSpaceLow,info,logs,disk,30.02,90,2,0
2026-02-02 04:13:17.815814,payment-gateway,HighCPU,info,prometheus,cpu,48.22,80,1,0
2026-02-02 04:18:17.815814,analytics-engine,HighCPU,info,logs,cpu,27.43,80,1,0
2026-02-02 04:23:17.815814,frontend-web,HighCPU,info,logs,cpu,36.43,80,1,0
2026-02-02 04:28:17.815814,frontend-web,HighMemory,info,logs,memory,60.47,85,1,0
2026-02-02 04:33:17.815814,frontend-web,HighCPU,info,grafana,cpu,39.94,80,2,0
2026-02-02 04:38:17.815814,frontend-web,HighCPU,critical,prometheus,cpu,86.76,80,19,1
2026-02-02 04:43:17.815814,analytics-engine,HighMemory,info,prometheus,memory,62.17,85,1,0
2026-02-02 04:48:17.815814,analytics-engine,HighCPU,info,grafana,cpu,20.55,80,2,0
2026-02-02 04:53:17.815814,frontend-web,HighLatency,info,logs,latency,103.57,300,1,0
2026-02-02 04:58:17.815814,payment-gateway,ErrorRateSpike,warning,logs,errors,6.75,5,1,0
2026-02-02 05:03:17.815814,auth-service,HighCPU,info,logs,cpu,48.4,80,4,0
2026-02-02 05:08:17.815814,payment-gateway,HighLatency,info,prometheus,latency,76.37,300,2,0
2026-02-02 05:13:17.815814,frontend-web,HighMemory,info,prometheus,memory,53.35,85,1,0
2026-02-02 05:18:17.815814,payment-gateway,HighCPU,info,logs,cpu,43.17,80,1,0
2026-02-02 05:23:17.815814,inventory-db,HighLatency,info,grafana,latency,194.81,300,2,0
2026-02-02 05:28:17.815814,inventory-db,ErrorRateSpike,info,logs,errors,0.9,5,1,0
2026-02-02 05:33:17.815814,frontend-web,HighLatency,info,grafana,latency,142.47,300,2,0
2026-02-02 05:38:17.815814,inventory-db,DiskSpaceLow,info,prometheus,disk,35.4,90,2,0
2026-02-02 05:43:17.815814,frontend-web,DiskSpaceLow,info,grafana,disk,41.22,90,2,0
2026-02-02 05:48:17.815814,auth-service,HighMemory,info,logs,memory,48.06,85,1,0
2026-02-02 05:53:17.815814,analytics-engine,ErrorRateSpike,info,prometheus,errors,0.0,5,3,0
2026-02-02 05:58:17.815814,inventory-db,DiskSpaceLow,info,grafana,disk,56.82,90,2,0
2026-02-02 06:03:17.815814,auth-service,HighLatency,info,prometheus,latency,66.76,300,1,0
2026-02-02 06:08:17.815814,auth-service,HighCPU,info,grafana,cpu,55.95,80,1,0
2026-02-02 06:13:17.815814,frontend-web,ErrorRateSpike,info,grafana,errors,2.5,5,1,0
2026-02-02 06:18:17.815814,payment-gateway,HighMemory,info,prometheus,memory,48.15,85,3,0
2026-02-02 06:23:17.815814,payment-gateway,HighCPU,info,logs,cpu,16.41,80,1,0
2026-02-02 06:28:17.815814,frontend-web,HighMemory,info,grafana,memory,54.5,85,2,0
2026-02-02 06:33:17.815814,frontend-web,ErrorRateSpike,info,prometheus,errors,0.0,5,3,0
2026-02-02 06:38:17.815814,analytics-engine,HighMemory,info,logs,memory,41.38,85,4,0
2026-02-02 06:43:17.815814,analytics-engine,ErrorRateSpike,info,logs,errors,1.45,5,2,0
2026-02-02 06:48:17.815814,auth-service,HighMemory,info,logs,memory,66.08,85,4,0
2026-02-02 06:53:17.815814,inventory-db,HighMemory,info,prometheus,memory,45.58,85,2,0
2026-02-02 06:58:17.815814,frontend-web,HighCPU,info,grafana,cpu,52.04,80,1,0
2026-02-02 07:03:17.815814,inventory-db,HighCPU,info,prometheus,cpu,42.46,80,1,0
2026-02-02 07:08:17.815814,payment-gateway,ErrorRateSpike,info,prometheus,errors,0.0,5,2,0
2026-02-02 07:13:17.815814,frontend-web,HighMemory,info,prometheus,memory,43.5,85,1,0
2026-02-02 07:18:17.815814,analytics-engine,ErrorRateSpike,info,grafana,errors,0.0,5,1,0
2026-02-02 07:23:17.815814,frontend-web,HighCPU,info,grafana,cpu,45.36,80,3,0
2026-02-02 07:28:17.815814,frontend-web,HighMemory,info,grafana,memory,64.79,85,1,0
2026-02-02 07:33:17.815814,frontend-web,HighMemory,info,prometheus,memory,53.28,85,1,0
2026-02-02 07:38:17.815814,auth-service,HighLatency,info,logs,latency,118.14,300,1,0
2026-02-02 07:43:17.815814,auth-service,DiskSpaceLow,info,logs,disk,44.53,90,3,0
2026-02-02 07:48:17.815814,analytics-engine,DiskSpaceLow,info,prometheus,disk,56.71,90,6,0
2026-02-02 07:53:17.815814,auth-service,HighLatency,info,grafana,latency,53.72,300,4,0
2026-02-02 07:58:17.815814,frontend-web,HighMemory,info,prometheus,memory,49.9,85,1,0
2026-02-02 08:03:17.815814,auth-service,HighLatency,info,grafana,latency,147.09,300,2,0
2026-02-02 08:08:17.815814,frontend-web,HighLatency,info,grafana,latency,77.98,300,1,0
2026-02-02 08:13:17.815814,frontend-web,HighCPU,info,prometheus,cpu,37.49,80,1,0
2026-02-02 08:18:17.815814,payment-gateway,HighMemory,info,grafana,memory,43.75,85,2,0
2026-02-02 08:23:17.815814,payment-gateway,HighMemory,info,logs,memory,63.29,85,1,0
2026-02-02 08:28:17.815814,auth-service,ErrorRateSpike,info,prometheus,errors,0.0,5,1,0
2026-02-02 08:33:17.815814,inventory-db,HighLatency,info,logs,latency,57.53,300,1,0
2026-02-02 08:38:17.815814,analytics-engine,HighLatency,info,grafana,latency,105.24,300,1,0
2026-02-02 08:43:17.815814,auth-service,ErrorRateSpike,warning,logs,errors,5.14,5,2,0
2026-02-02 08:48:17.815814,auth-service,HighMemory,info,grafana,memory,64.0,85,1,0
2026-02-02 08:53:17.815814,inventory-db,HighCPU,info,logs,cpu,45.08,80,1,0
2026-02-02 08:58:17.815814,payment-gateway,DiskSpaceLow,info,grafana,disk,53.81,90,1,0
2026-02-02 09:03:17.815814,payment-gateway,ErrorRateSpike,warning,prometheus,errors,1.57,5,1,1
2026-02-02 09:08:17.815814,analytics-engine,HighCPU,info,logs,cpu,29.08,80,2,0
2026-02-02 09:13:17.815814,analytics-engine,HighMemory,info,logs,memory,66.72,85,1,0
2026-02-02 09:18:17.815814,frontend-web,DiskSpaceLow,info,logs,disk,35.02,90,1,0
2026-02-02 09:23:17.815814,payment-gateway,ErrorRateSpike,info,prometheus,errors,0.0,5,4,0
2026-02-02 09:28:17.815814,payment-gateway,HighMemory,info,grafana,memory,51.37,85,1,0
2026-02-02 09:33:17.815814,payment-gateway,HighLatency,info,prometheus,latency,189.98,300,2,0
2026-02-02 09:38:17.815814,inventory-db,HighCPU,info,grafana,cpu,37.5,80,1,0
2026-02-02 09:43:17.815814,payment-gateway,DiskSpaceLow,info,grafana,disk,35.53,90,1,0
2026-02-02 09:48:17.815814,auth-service,HighCPU,info,grafana,cpu,41.29,80,5,0
2026-02-02 09:53:17.815814,inventory-db,HighLatency,info,grafana,latency,101.05,300,2,0
2026-02-02 09:58:17.815814,auth-service,HighCPU,info,logs,cpu,39.73,80,3,0
2026-02-02 10:03:17.815814,auth-service,ErrorRateSpike,info,prometheus,errors,0.08,5,1,0
2026-02-02 10:08:17.815814,inventory-db,HighMemory,info,logs,memory,53.31,85,2,0
2026-02-02 10:13:17.815814,frontend-web,DiskSpaceLow,info,prometheus,disk,29.17,90,1,0
2026-02-02 10:18:17.815814,frontend-web,HighMemory,critical,logs,memory,143.33,85,15,1
2026-02-02 10:23:17.815814,payment-gateway,DiskSpaceLow,info,logs,disk,53.54,90,1,0
2026-02-02 10:28:17.815814,frontend-web,HighLatency,info,grafana,latency,138.26,300,1,0
2026-02-02 10:33:17.815814,analytics-engine,ErrorRateSpike,info,logs,errors,2.62,5,3,0
2026-02-02 10:38:17.815814,analytics-engine,HighCPU,info,logs,cpu,31.1,80,5,0
2026-02-02 10:43:17.815814,frontend-web,HighCPU,info,grafana,cpu,32.48,80,1,0
2026-02-02 10:48:17.815814,inventory-db,HighMemory,info,grafana,memory,49.78,85,1,0
2026-02-02 10:53:17.815814,analytics-engine,DiskSpaceLow,info,grafana,disk,34.31,90,1,0
2026-02-02 10:58:17.815814,inventory-db,ErrorRateSpike,info,prometheus,errors,0.0,5,1,0
2026-02-02 11:03:17.815814,frontend-web,ErrorRateSpike,info,logs,errors,0.0,5,2,0
2026-02-02 11:08:17.815814,analytics-engine,ErrorRateSpike,info,grafana,errors,3.31,5,5,0
2026-02-02 11:13:17.815814,inventory-db,HighCPU,info,grafana,cpu,28.59,80,1,0
2026-02-02 11:18:17.815814,inventory-db,HighCPU,info,logs,cpu,35.63,80,1,0
2026-02-02 11:23:17.815814,frontend-web,HighCPU,info,grafana,cpu,19.84,80,1,0
2026-02-02 11:28:17.815814,inventory-db,ErrorRateSpike,info,logs,errors,0.0,5,1,0
2026-02-02 11:33:17.815814,payment-gateway,HighLatency,info,prometheus,latency,152.83,300,1,0
2026-02-02 11:38:17.815814,analytics-engine,HighLatency,info,prometheus,latency,61.44,300,2,0
2026-02-02 11:43:17.815814,auth-service,HighCPU,info,prometheus,cpu,29.81,80,1,0
2026-02-02 11:48:17.815814,auth-service,HighMemory,info,prometheus,memory,70.21,85,1,0
2026-02-02 11:53:17.815814,payment-gateway,DiskSpaceLow,info,prometheus,disk,46.79,90,3,0
2026-02-02 11:58:17.815814,auth-service,HighLatency,info,grafana,latency,163.42,300,1,0
2026-02-02 12:03:17.815814,inventory-db,DiskSpaceLow,info,grafana,disk,42.11,90,1,0
2026-02-02 12:08:17.815814,analytics-engine,DiskSpaceLow,info,grafana,disk,50.7,90,3,0
2026-02-02 12:13:17.815814,payment-gateway,DiskSpaceLow,info,prometheus,disk,39.85,90,2,0
2026-02-02 12:18:17.815814,frontend-web,HighCPU,info,logs,cpu,48.86,80,1,0
2026-02-02 12:23:17.815814,analytics-engine,DiskSpaceLow,info,logs,disk,60.84,90,2,0
2026-02-02 12:28:17.815814,analytics-engine,HighLatency,info,prometheus,latency,94.03,300,1,0
2026-02-02 12:33:17.815814,auth-service,HighLatency,info,grafana,latency,80.24,300,1,0
2026-02-02 12:38:17.815814,payment-gateway,HighLatency,info,logs,latency,154.59,300,1,0
2026-02-02 12:43:17.815814,auth-service,HighCPU,info,prometheus,cpu,50.41,80,1,0
2026-02-02 12:48:17.815814,frontend-web,ErrorRateSpike,info,prometheus,errors,3.04,5,1,0
2026-02-02 12:53:17.815814,inventory-db,DiskSpaceLow,info,grafana,disk,48.43,90,2,0
2026-02-02 12:58:17.815814,auth-service,DiskSpaceLow,info,grafana,disk,42.89,90,1,0
2026-02-02 13:03:17.815814,payment-gateway,HighMemory,info,logs,memory,39.41,85,1,0
2026-02-02 13:08:17.815814,inventory-db,HighMemory,info,grafana,memory,63.53,85,1,0
2026-02-02 13:13:17.815814,frontend-web,DiskSpaceLow,info,logs,disk,42.52,90,1,0
2026-02-02 13:18:17.815814,auth-service,ErrorRateSpike,warning,logs,errors,5.07,5,1,0
2026-02-02 13:23:17.815814,auth-service,HighCPU,info,prometheus,cpu,47.28,80,1,0
2026-02-02 13:28:17.815814,analytics-engine,HighCPU,info,prometheus,cpu,23.72,80,1,0
2026-02-02 13:33:17.815814,frontend-web,DiskSpaceLow,info,prometheus,disk,45.69,90,2,0
2026-02-02 13:38:17.815814,inventory-db,HighLatency,info,grafana,latency,141.37,300,1,0
2026-02-02 13:43:17.815814,frontend-web,DiskSpaceLow,info,logs,disk,60.45,90,1,0
2026-02-02 13:48:17.815814,inventory-db,HighLatency,info,grafana,latency,111.05,300,1,0
2026-02-02 13:53:17.815814,payment-gateway,HighCPU,info,grafana,cpu,41.4,80,1,0
2026-02-02 13:58:17.815814,analytics-engine,ErrorRateSpike,info,prometheus,errors,0.0,5,1,0
2026-02-02 14:03:17.815814,analytics-engine,DiskSpaceLow,info,grafana,disk,48.65,90,1,0
2026-02-02 14:08:17.815814,frontend-web,HighCPU,info,logs,cpu,27.27,80,1,0
2026-02-02 14:13:17.815814,auth-service,DiskSpaceLow,critical,logs,disk,101.0,90,1,1
2026-02-02 14:18:17.815814,auth-service,ErrorRateSpike,info,logs,errors,0.2,5,1,0
2026-02-02 14:23:17.815814,analytics-engine,DiskSpaceLow,info,logs,disk,39.31,90,1,0
2026-02-02 14:28:17.815814,auth-service,HighLatency,info,prometheus,latency,124.45,300,1,0
2026-02-02 14:33:17.815814,frontend-web,HighCPU,info,grafana,cpu,37.63,80,1,0
2026-02-02 14:38:17.815814,auth-service,ErrorRateSpike,info,logs,errors,0.0,5,2,0
2026-02-02 14:43:17.815814,frontend-web,DiskSpaceLow,info,logs,disk,49.49,90,1,0
2026-02-02 14:48:17.815814,auth-service,ErrorRateSpike,info,prometheus,errors,2.64,5,2,0
2026-02-02 14:53:17.815814,auth-service,DiskSpaceLow,info,logs,disk,32.57,90,5,0
2026-02-02 14:58:17.815814,payment-gateway,ErrorRateSpike,warning,logs,errors,6.04,5,1,0
2026-02-02 15:03:17.815814,auth-service,DiskSpaceLow,info,grafana,disk,28.28,90,2,0
2026-02-02 15:08:17.815814,frontend-web,ErrorRateSpike,info,logs,errors,0.0,5,1,0
2026-02-02 15:13:17.815814,frontend-web,HighMemory,info,grafana,memory,62.29,85,1,0
2026-02-02 15:18:17.815814,payment-gateway,HighMemory,info,logs,memory,60.87,85,1,0
2026-02-02 15:23:17.815814,auth-service,HighCPU,info,logs,cpu,53.84,80,1,0
2026-02-02 15:28:17.815814,analytics-engine,ErrorRateSpike,info,logs,errors,1.71,5,3,0
2026-02-02 15:33:17.815814,auth-service,DiskSpaceLow,info,grafana,disk,29.68,90,1,0
2026-02-02 15:38:17.815814,frontend-web,HighCPU,info,prometheus,cpu,25.52,80,2,0
2026-02-02 15:43:17.815814,analytics-engine,HighMemory,info,logs,memory,47.81,85,1,0
2026-02-02 15:48:17.815814,payment-gateway,HighMemory,info,logs,memory,47.4,85,1,0
2026-02-02 15:53:17.815814,auth-service,HighLatency,info,grafana,latency,150.02,300,3,0
2026-02-02 15:58:17.815814,auth-service,DiskSpaceLow,info,grafana,disk,57.44,90,1,0
2026-02-02 16:03:17.815814,auth-service,DiskSpaceLow,info,logs,disk,49.26,90,1,0
2026-02-02 16:08:17.815814,inventory-db,DiskSpaceLow,info,prometheus,disk,45.43,90,5,0
2026-02-02 16:13:17.815814,payment-gateway,HighCPU,info,prometheus,cpu,56.76,80,1,0
2026-02-02 16:18:17.815814,auth-service,ErrorRateSpike,warning,prometheus,errors,5.12,5,2,0
2026-02-02 16:23:17.815814,auth-service,HighMemory,info,prometheus,memory,61.89,85,1,0
2026-02-02 16:28:17.815814,inventory-db,DiskSpaceLow,info,logs,disk,38.92,90,1,0
2026-02-02 16:33:17.815814,inventory-db,DiskSpaceLow,info,logs,disk,47.74,90,2,0
2026-02-02 16:38:17.815814,auth-service,DiskSpaceLow,info,grafana,disk,53.73,90,1,0
2026-02-02 16:43:17.815814,analytics-engine,HighLatency,info,logs,latency,170.14,300,1,0
2026-02-02 16:48:17.815814,payment-gateway,HighCPU,info,grafana,cpu,40.96,80,1,0
2026-02-02 16:53:17.815814,inventory-db,HighMemory,info,grafana,memory,64.11,85,3,0
2026-02-02 16:58:17.815814,inventory-db,HighCPU,info,logs,cpu,58.04,80,1,0
2026-02-02 17:03:17.815814,frontend-web,HighLatency,info,grafana,latency,153.87,300,3,0
2026-02-02 17:08:17.815814,frontend-web,ErrorRateSpike,info,logs,errors,0.0,5,1,0
2026-02-02 17:13:17.815814,analytics-engine,HighCPU,info,logs,cpu,52.86,80,6,0
2026-02-02 17:18:17.815814,frontend-web,HighLatency,info,grafana,latency,157.69,300,1,0
2026-02-02 17:23:17.815814,frontend-web,HighLatency,info,grafana,latency,113.58,300,1,0
2026-02-02 17:28:17.815814,payment-gateway,HighCPU,info,prometheus,cpu,22.44,80,1,0
2026-02-02 17:33:17.815814,auth-service,ErrorRateSpike,warning,logs,errors,5.36,5,1,0
2026-02-02 17:38:17.815814,payment-gateway,HighLatency,info,logs,latency,139.36,300,4,0
2026-02-02 17:43:17.815814,auth-service,DiskSpaceLow,info,grafana,disk,44.29,90,1,0
2026-02-02 17:48:17.815814,frontend-web,ErrorRateSpike,info,logs,errors,4.33,5,1,0
2026-02-02 17:53:17.815814,payment-gateway,DiskSpaceLow,critical,grafana,disk,120.44,90,1,1
2026-02-02 17:58:17.815814,payment-gateway,HighCPU,info,prometheus,cpu,44.33,80,2,0
2026-02-02 18:03:17.815814,auth-service,HighLatency,info,grafana,latency,138.54,300,1,0
2026-02-02 18:08:17.815814,frontend-web,HighCPU,info,prometheus,cpu,51.21,80,2,0
2026-02-02 18:13:17.815814,auth-service,HighLatency,info,grafana,latency,167.56,300,2,0
2026-02-02 18:18:17.815814,auth-service,HighCPU,info,logs,cpu,50.04,80,3,0
2026-02-02 18:23:17.815814,auth-service,HighMemory,info,grafana,memory,40.54,85,1,0
2026-02-02 18:28:17.815814,payment-gateway,HighMemory,info,grafana,memory,55.6,85,1,0
2026-02-02 18:33:17.815814,inventory-db,HighMemory,info,prometheus,memory,67.3,85,2,0
2026-02-02 18:38:17.815814,auth-service,HighLatency,info,prometheus,latency,72.39,300,2,0
2026-02-02 18:43:17.815814,frontend-web,DiskSpaceLow,info,logs,disk,53.04,90,1,0
2026-02-02 18:48:17.815814,analytics-engine,HighCPU,warning,grafana,cpu,69.61,80,10,1
2026-02-02 18:53:17.815814,analytics-engine,DiskSpaceLow,info,grafana,disk,32.36,90,1,0
2026-02-02 18:58:17.815814,inventory-db,HighCPU,info,prometheus,cpu,44.49,80,1,0
2026-02-02 19:03:17.815814,auth-service,DiskSpaceLow,info,grafana,disk,34.32,90,1,0
2026-02-02 19:08:17.815814,payment-gateway,DiskSpaceLow,info,logs,disk,55.58,90,1,0
2026-02-02 19:13:17.815814,analytics-engine,HighMemory,info,grafana,memory,62.19,85,1,0
2026-02-02 19:18:17.815814,payment-gateway,HighMemory,info,logs,memory,57.62,85,1,0
2026-02-02 19:23:17.815814,auth-service,DiskSpaceLow,info,logs,disk,44.13,90,3,0
2026-02-02 19:28:17.815814,analytics-engine,DiskSpaceLow,info,grafana,disk,34.21,90,2,0
2026-02-02 19:33:17.815814,analytics-engine,HighLatency,info,prometheus,latency,87.95,300,2,0
2026-02-02 19:38:17.815814,analytics-engine,HighMemory,info,prometheus,memory,56.87,85,1,0
2026-02-02 19:43:17.815814,frontend-web,HighCPU,info,logs,cpu,29.21,80,1,0
2026-02-02 19:48:17.815814,auth-service,HighCPU,info,logs,cpu,24.93,80,2,0
2026-02-02 19:53:17.815814,payment-gateway,DiskSpaceLow,info,grafana,disk,63.9,90,1,0
2026-02-02 19:58:17.815814,auth-service,HighLatency,info,prometheus,latency,176.24,300,1,0
2026-02-02 20:03:17.815814,auth-service,ErrorRateSpike,warning,grafana,errors,5.33,5,1,0
2026-02-02 20:08:17.815814,payment-gateway,ErrorRateSpike,info,prometheus,errors,0.0,5,1,0
2026-02-02 20:13:17.815814,payment-gateway,HighCPU,critical,prometheus,cpu,94.21,80,44,1
2026-02-02 20:18:17.815814,frontend-web,HighCPU,info,logs,cpu,29.41,80,1,0
2026-02-02 20:23:17.815814,frontend-web,DiskSpaceLow,info,prometheus,disk,53.14,90,1,0
2026-02-02 20:28:17.815814,auth-service,HighMemory,info,logs,memory,47.13,85,1,0
2026-02-02 20:33:17.815814,frontend-web,DiskSpaceLow,info,grafana,disk,45.92,90,1,0
2026-02-02 20:38:17.815814,inventory-db,HighMemory,info,prometheus,memory,74.46,85,1,0
2026-02-02 20:43:17.815814,frontend-web,HighLatency,info,logs,latency,176.97,300,1,0
2026-02-02 20:48:17.815814,frontend-web,ErrorRateSpike,info,prometheus,errors,3.62,5,3,0
2026-02-02 20:53:17.815814,auth-service,HighMemory,info,grafana,memory,64.93,85,1,0
2026-02-02 20:58:17.815814,inventory-db,HighMemory,info,grafana,memory,42.59,85,2,0
2026-02-02 21:03:17.815814,auth-service,DiskSpaceLow,info,prometheus,disk,35.61,90,1,0
2026-02-02 21:08:17.815814,analytics-engine,DiskSpaceLow,critical,logs,disk,168.21,90,20,1
2026-02-02 21:13:17.815814,analytics-engine,DiskSpaceLow,info,logs,disk,42.66,90,1,0
2026-02-02 21:18:17.815814,payment-gateway,HighMemory,info,prometheus,memory,55.42,85,1,0
2026-02-02 21:23:17.815814,inventory-db,HighMemory,info,grafana,memory,53.94,85,1,0
2026-02-02 21:28:17.815814,analytics-engine,HighMemory,info,logs,memory,55.74,85,1,0
2026-02-02 21:33:17.815814,frontend-web,HighMemory,info,logs,memory,70.41,85,1,0
2026-02-02 21:38:17.815814,analytics-engine,DiskSpaceLow,info,prometheus,disk,43.88,90,1,0
2026-02-02 21:43:17.815814,analytics-engine,HighCPU,info,grafana,cpu,23.25,80,3,0
2026-02-02 21:48:17.815814,payment-gateway,ErrorRateSpike,info,logs,errors,1.52,5,1,0
2026-02-02 21:53:17.815814,auth-service,HighCPU,info,grafana,cpu,21.43,80,1,0
2026-02-02 21:58:17.815814,payment-gateway,HighCPU,info,prometheus,cpu,23.68,80,1,0
2026-02-02 22:03:17.815814,frontend-web,HighLatency,info,prometheus,latency,164.77,300,6,0
2026-02-02 22:08:17.815814,inventory-db,ErrorRateSpike,info,logs,errors,0.0,5,1,0
2026-02-02 22:13:17.815814,inventory-db,HighLatency,warning,grafana,latency,106.74,300,40,1
2026-02-02 22:18:17.815814,payment-gateway,HighMemory,info,prometheus,memory,64.45,85,3,0
2026-02-02 22:23:17.815814,frontend-web,HighLatency,info,grafana,latency,185.0,300,6,0
2026-02-02 22:28:17.815814,analytics-engine,ErrorRateSpike,info,grafana,errors,0.0,5,1,0
2026-02-02 22:33:17.815814,payment-gateway,DiskSpaceLow,info,grafana,disk,60.66,90,1,0
2026-02-02 22:38:17.815814,payment-gateway,HighCPU,info,grafana,cpu,37.26,80,2,0
2026-02-02 22:43:17.815814,frontend-web,ErrorRateSpike,info,grafana,errors,4.11,5,1,0
2026-02-02 22:48:17.815814,payment-gateway,HighCPU,info,prometheus,cpu,55.87,80,4,0
2026-02-02 22:53:17.815814,frontend-web,HighCPU,info,logs,cpu,43.96,80,1,0
2026-02-02 22:58:17.815814,frontend-web,HighMemory,info,prometheus,memory,56.8,85,2,0
2026-02-02 23:03:17.815814,frontend-web,ErrorRateSpike,info,logs,errors,0.0,5,2,0
2026-02-02 23:08:17.815814,analytics-engine,HighLatency,info,prometheus,latency,93.97,300,2,0
2026-02-02 23:13:17.815814,frontend-web,HighCPU,info,logs,cpu,22.71,80,1,0
2026-02-02 23:18:17.815814,inventory-db,HighCPU,info,grafana,cpu,56.77,80,1,0
2026-02-02 23:23:17.815814,inventory-db,DiskSpaceLow,info,prometheus,disk,38.06,90,2,0
2026-02-02 23:28:17.815814,auth-service,DiskSpaceLow,info,logs,disk,43.29,90,1,0
2026-02-02 23:33:17.815814,payment-gateway,DiskSpaceLow,info,logs,disk,45.7,90,1,0
2026-02-02 23:38:17.815814,frontend-web,HighCPU,info,grafana,cpu,46.35,80,1,0
2026-02-02 23:43:17.815814,auth-service,HighMemory,critical,grafana,memory,115.26,85,47,1
2026-02-02 23:48:17.815814,payment-gateway,HighLatency,info,prometheus,latency,140.32,300,1,0
2026-02-02 23:53:17.815814,payment-gateway,HighCPU,info,prometheus,cpu,63.21,80,1,0
2026-02-02 23:58:17.815814,payment-gateway,DiskSpaceLow,info,grafana,disk,53.83,90,1,0
2026-02-03 00:03:17.815814,auth-service,DiskSpaceLow,info,prometheus,disk,45.62,90,1,0
2026-02-03 00:08:17.815814,frontend-web,ErrorRateSpike,info,logs,errors,0.87,5,1,0
2026-02-03 00:13:17.815814,payment-gateway,HighMemory,info,logs,memory,59.25,85,1,0
2026-02-03 00:18:17.815814,auth-service,HighCPU,info,grafana,cpu,23.69,80,2,0
2026-02-03 00:23:17.815814,analytics-engine,DiskSpaceLow,critical,logs,disk,118.9,90,49,1
2026-02-03 00:28:17.815814,inventory-db,HighMemory,info,grafana,memory,40.54,85,2,0
2026-02-03 00:33:17.815814,payment-gateway,ErrorRateSpike,info,logs,errors,0.52,5,1,0
2026-02-03 00:38:17.815814,frontend-web,ErrorRateSpike,info,prometheus,errors,1.11,5,1,0
2026-02-03 00:43:17.815814,analytics-engine,HighLatency,info,logs,latency,114.3,300,2,0
2026-02-03 00:48:17.815814,inventory-db,HighCPU,info,prometheus,cpu,26.38,80,1,0
2026-02-03 00:53:17.815814,inventory-db,HighCPU,info,logs,cpu,26.48,80,1,0
2026-02-03 00:58:17.815814,inventory-db,DiskSpaceLow,info,grafana,disk,34.66,90,1,0
2026-02-03 01:03:17.815814,analytics-engine,DiskSpaceLow,info,grafana,disk,33.09,90,1,0
2026-02-03 01:08:17.815814,inventory-db,DiskSpaceLow,info,logs,disk,27.23,90,1,0
2026-02-03 01:13:17.815814,analytics-engine,HighCPU,info,grafana,cpu,52.8,80,1,0
2026-02-03 01:18:17.815814,analytics-engine,DiskSpaceLow,info,grafana,disk,55.83,90,2,0
2026-02-03 01:23:17.815814,auth-service,ErrorRateSpike,info,grafana,errors,4.85,5,3,0
2026-02-03 01:28:17.815814,inventory-db,ErrorRateSpike,info,grafana,errors,0.0,5,1,0
2026-02-03 01:33:17.815814,analytics-engine,ErrorRateSpike,info,logs,errors,0.0,5,1,0
2026-02-03 01:38:17.815814,payment-gateway,HighMemory,info,logs,memory,44.48,85,1,0
2026-02-03 01:43:17.815814,inventory-db,DiskSpaceLow,info,prometheus,disk,43.06,90,4,0
2026-02-03 01:48:17.815814,inventory-db,ErrorRateSpike,info,logs,errors,0.86,5,2,0
2026-02-03 01:53:17.815814,auth-service,HighCPU,info,logs,cpu,42.85,80,1,0
2026-02-03 01:58:17.815814,frontend-web,ErrorRateSpike,info,prometheus,errors,4.78,5,2,0
2026-02-03 02:03:17.815814,payment-gateway,DiskSpaceLow,info,grafana,disk,30.17,90,1,0
2026-02-03 02:08:17.815814,payment-gateway,HighMemory,info,logs,memory,42.56,85,1,0
2026-02-03 02:13:17.815814,frontend-web,HighLatency,info,grafana,latency,75.43,300,1,0
2026-02-03 02:18:17.815814,auth-service,HighMemory,info,prometheus,memory,36.85,85,1,0
2026-02-03 02:23:17.815814,auth-service,DiskSpaceLow,info,logs,disk,56.48,90,1,0
2026-02-03 02:28:17.815814,auth-service,ErrorRateSpike,warning,grafana,errors,0.9,5,4,1
2026-02-03 02:33:17.815814,auth-service,HighMemory,info,grafana,memory,44.92,85,2,0
2026-02-03 02:38:17.815814,inventory-db,DiskSpaceLow,info,prometheus,disk,34.74,90,1,0
2026-02-03 02:43:17.815814,analytics-engine,HighMemory,info,logs,memory,62.9,85,3,0
2026-02-03 02:48:17.815814,auth-service,HighCPU,info,logs,cpu,55.52,80,1,0
2026-02-03 02:53:17.815814,auth-service,HighLatency,info,grafana,latency,102.04,300,1,0
2026-02-03 02:58:17.815814,frontend-web,HighCPU,info,logs,cpu,47.67,80,1,0
2026-02-03 03:03:17.815814,payment-gateway,ErrorRateSpike,info,grafana,errors,0.0,5,1,0
2026-02-03 03:08:17.815814,auth-service,ErrorRateSpike,info,logs,errors,0.0,5,1,0
2026-02-03 03:13:17.815814,auth-service,HighCPU,info,grafana,cpu,39.96,80,1,0
2026-02-03 03:18:17.815814,inventory-db,HighLatency,info,prometheus,latency,68.31,300,2,0
2026-02-03 03:23:17.815814,auth-service,DiskSpaceLow,info,logs,disk,61.36,90,1,0
2026-02-03 03:28:17.815814,auth-service,DiskSpaceLow,info,logs,disk,50.09,90,1,0
2026-02-03 03:33:17.815814,analytics-engine,HighCPU,info,prometheus,cpu,38.52,80,2,0
2026-02-03 03:38:17.815814,frontend-web,HighCPU,info,grafana,cpu,40.88,80,1,0
2026-02-03 03:43:17.815814,analytics-engine,DiskSpaceLow,info,logs,disk,28.63,90,2,0
2026-02-03 03:48:17.815814,auth-service,HighLatency,info,grafana,latency,101.48,300,2,0
2026-02-03 03:53:17.815814,inventory-db,HighMemory,info,prometheus,memory,55.97,85,1,0
2026-02-03 03:58:17.815814,inventory-db,HighCPU,info,grafana,cpu,50.06,80,3,0
2026-02-03 04:03:17.815814,inventory-db,HighCPU,info,grafana,cpu,27.82,80,2,0
2026-02-03 04:08:17.815814,inventory-db,DiskSpaceLow,info,logs,disk,57.45,90,1,0
2026-02-03 04:13:17.815814,inventory-db,ErrorRateSpike,info,logs,errors,0.29,5,1,0
2026-02-03 04:18:17.815814,analytics-engine,HighMemory,info,prometheus,memory,39.36,85,3,0
2026-02-03 04:23:17.815814,auth-service,DiskSpaceLow,info,grafana,disk,56.85,90,1,0
2026-02-03 04:28:17.815814,inventory-db,DiskSpaceLow,info,grafana,disk,44.13,90,1,0
2026-02-03 04:33:17.815814,analytics-engine,HighCPU,warning,logs,cpu,41.24,80,1,1
2026-02-03 04:38:17.815814,payment-gateway,HighLatency,info,grafana,latency,157.03,300,2,0
2026-02-03 04:43:17.815814,frontend-web,ErrorRateSpike,info,grafana,errors,0.47,5,2,0
2026-02-03 04:48:17.815814,payment-gateway,HighCPU,info,logs,cpu,24.25,80,1,0
2026-02-03 04:53:17.815814,auth-service,HighCPU,info,prometheus,cpu,31.02,80,1,0
2026-02-03 04:58:17.815814,auth-service,HighLatency,warning,prometheus,latency,174.09,300,3,1
2026-02-03 05:03:17.815814,auth-service,ErrorRateSpike,info,prometheus,errors,0.0,5,1,0
2026-02-03 05:08:17.815814,payment-gateway,HighCPU,info,logs,cpu,53.91,80,1,0
2026-02-03 05:13:17.815814,auth-service,HighMemory,info,grafana,memory,50.65,85,1,0
2026-02-03 05:18:17.815814,auth-service,HighMemory,info,logs,memory,67.87,85,1,0
2026-02-03 05:23:17.815814,payment-gateway,HighLatency,info,grafana,latency,107.32,300,1,0
2026-02-03 05:28:17.815814,payment-gateway,DiskSpaceLow,info,grafana,disk,29.48,90,2,0
2026-02-03 05:33:17.815814,payment-gateway,DiskSpaceLow,info,grafana,disk,42.38,90,1,0
2026-02-03 05:38:17.815814,analytics-engine,HighMemory,info,grafana,memory,66.68,85,2,0
2026-02-03 05:43:17.815814,frontend-web,DiskSpaceLow,info,logs,disk,44.61,90,1,0
2026-02-03 05:48:17.815814,auth-service,HighLatency,info,logs,latency,161.7,300,2,0
2026-02-03 05:53:17.815814,auth-service,HighMemory,info,grafana,memory,39.47,85,1,0
2026-02-03 05:58:17.815814,analytics-engine,ErrorRateSpike,info,grafana,errors,1.59,5,2,0
2026-02-03 06:03:17.815814,auth-service,HighCPU,info,prometheus,cpu,36.48,80,1,0
2026-02-03 06:08:17.815814,analytics-engine,HighCPU,info,logs,cpu,37.4,80,4,0
2026-02-03 06:13:17.815814,payment-gateway,DiskSpaceLow,info,grafana,disk,49.09,90,1,0
2026-02-03 06:18:17.815814,analytics-engine,HighCPU,info,prometheus,cpu,23.23,80,3,0
2026-02-03 06:23:17.815814,inventory-db,HighMemory,info,grafana,memory,49.54,85,1,0
2026-02-03 06:28:17.815814,payment-gateway,DiskSpaceLow,info,prometheus,disk,40.91,90,1,0
2026-02-03 06:33:17.815814,analytics-engine,HighMemory,info,prometheus,memory,43.79,85,2,0
2026-02-03 06:38:17.815814,payment-gateway,HighMemory,info,prometheus,memory,53.56,85,1,0
2026-02-03 06:43:17.815814,auth-service,HighCPU,info,logs,cpu,33.26,80,1,0
2026-02-03 06:48:17.815814,auth-service,ErrorRateSpike,info,grafana,errors,2.9,5,1,0
2026-02-03 06:53:17.815814,auth-service,DiskSpaceLow,info,logs,disk,59.47,90,2,0
2026-02-03 06:58:17.815814,analytics-engine,HighCPU,info,logs,cpu,41.9,80,1,0
2026-02-03 07:03:17.815814,inventory-db,DiskSpaceLow,info,grafana,disk,42.47,90,2,0
2026-02-03 07:08:17.815814,auth-service,ErrorRateSpike,info,logs,errors,4.18,5,2,0
2026-02-03 07:13:17.815814,analytics-engine,DiskSpaceLow,info,logs,disk,36.52,90,1,0
2026-02-03 07:18:17.815814,auth-service,DiskSpaceLow,info,grafana,disk,60.46,90,1,0
2026-02-03 07:23:17.815814,frontend-web,HighMemory,info,grafana,memory,45.93,85,1,0
2026-02-03 07:28:17.815814,frontend-web,ErrorRateSpike,info,prometheus,errors,0.0,5,1,0
2026-02-03 07:33:17.815814,inventory-db,HighMemory,critical,grafana,memory,137.09,85,18,1
2026-02-03 07:38:17.815814,frontend-web,DiskSpaceLow,info,prometheus,disk,47.25,90,1,0
2026-02-03 07:43:17.815814,payment-gateway,HighMemory,info,logs,memory,56.55,85,1,0
2026-02-03 07:48:17.815814,payment-gateway,DiskSpaceLow,info,logs,disk,34.45,90,4,0
2026-02-03 07:53:17.815814,frontend-web,HighLatency,info,grafana,latency,107.54,300,2,0
2026-02-03 07:58:17.815814,auth-service,ErrorRateSpike,warning,logs,errors,5.08,5,1,0
2026-02-03 08:03:17.815814,frontend-web,ErrorRateSpike,info,prometheus,errors,0.0,5,1,0
2026-02-03 08:08:17.815814,payment-gateway,DiskSpaceLow,info,grafana,disk,49.95,90,2,0
2026-02-03 08:13:17.815814,auth-service,HighCPU,critical,grafana,cpu,112.1,80,4,1
2026-02-03 08:18:17.815814,auth-service,DiskSpaceLow,critical,logs,disk,164.76,90,3,1
2026-02-03 08:23:17.815814,frontend-web,HighCPU,info,prometheus,cpu,38.49,80,2,0
2026-02-03 08:28:17.815814,auth-service,DiskSpaceLow,info,logs,disk,47.75,90,1,0
2026-02-03 08:33:17.815814,inventory-db,DiskSpaceLow,info,logs,disk,58.05,90,2,0
2026-02-03 08:38:17.815814,analytics-engine,ErrorRateSpike,info,grafana,errors,1.08,5,2,0
2026-02-03 08:43:17.815814,auth-service,ErrorRateSpike,info,grafana,errors,4.49,5,2,0
2026-02-03 08:48:17.815814,frontend-web,DiskSpaceLow,info,prometheus,disk,30.51,90,1,0
2026-02-03 08:53:17.815814,auth-service,HighMemory,info,prometheus,memory,68.21,85,1,0
2026-02-03 08:58:17.815814,analytics-engine,DiskSpaceLow,info,grafana,disk,59.52,90,1,0
2026-02-03 09:03:17.815814,auth-service,HighMemory,info,prometheus,memory,61.19,85,4,0
2026-02-03 09:08:17.815814,payment-gateway,DiskSpaceLow,info,grafana,disk,50.53,90,1,0
2026-02-03 09:13:17.815814,frontend-web,ErrorRateSpike,info,prometheus,errors,0.16,5,3,0
2026-02-03 09:18:17.815814,inventory-db,DiskSpaceLow,info,logs,disk,53.77,90,1,0
2026-02-03 09:23:17.815814,payment-gateway,HighLatency,info,logs,latency,64.33,300,1,0
2026-02-03 09:28:17.815814,inventory-db,HighCPU,info,prometheus,cpu,22.58,80,2,0
2026-02-03 09:33:17.815814,analytics-engine,HighCPU,info,logs,cpu,28.53,80,1,0
2026-02-03 09:38:17.815814,frontend-web,HighCPU,info,logs,cpu,32.17,80,2,0
2026-02-03 09:43:17.815814,auth-service,HighLatency,info,logs,latency,116.73,300,1,0
2026-02-03 09:48:17.815814,payment-gateway,HighLatency,info,grafana,latency,164.36,300,3,0
2026-02-03 09:53:17.815814,payment-gateway,HighLatency,info,logs,latency,52.93,300,1,0
2026-02-03 09:58:17.815814,analytics-engine,ErrorRateSpike,info,grafana,errors,2.63,5,3,0
2026-02-03 10:03:17.815814,payment-gateway,HighMemory,info,logs,memory,46.32,85,1,0
2026-02-03 10:08:17.815814,inventory-db,DiskSpaceLow,info,grafana,disk,39.6,90,2,0
2026-02-03 10:13:17.815814,payment-gateway,HighLatency,info,grafana,latency,86.9,300,5,0
2026-02-03 10:18:17.815814,inventory-db,HighLatency,warning,prometheus,latency,207.35,300,1,1
2026-02-03 10:23:17.815814,frontend-web,ErrorRateSpike,info,logs,errors,4.64,5,1,0
2026-02-03 10:28:17.815814,analytics-engine,HighLatency,info,prometheus,latency,97.43,300,2,0
2026-02-03 10:33:17.815814,analytics-engine,HighMemory,info,prometheus,memory,54.85,85,1,0
2026-02-03 10:38:17.815814,inventory-db,ErrorRateSpike,warning,logs,errors,5.21,5,2,0
2026-02-03 10:43:17.815814,payment-gateway,HighCPU,info,prometheus,cpu,58.22,80,1,0
2026-02-03 10:48:17.815814,analytics-engine,HighMemory,info,logs,memory,70.7,85,1,0
2026-02-03 10:53:17.815814,auth-service,HighLatency,critical,prometheus,latency,499.13,300,12,1
2026-02-03 10:58:17.815814,auth-service,HighLatency,info,prometheus,latency,103.24,300,1,0
2026-02-03 11:03:17.815814,inventory-db,DiskSpaceLow,info,prometheus,disk,37.18,90,2,0
2026-02-03 11:08:17.815814,analytics-engine,HighCPU,info,prometheus,cpu,41.23,80,1,0
2026-02-03 11:13:17.815814,inventory-db,DiskSpaceLow,info,prometheus,disk,61.43,90,3,0
2026-02-03 11:18:17.815814,frontend-web,DiskSpaceLow,info,grafana,disk,54.52,90,1,0
2026-02-03 11:23:17.815814,analytics-engine,HighMemory,info,logs,memory,69.53,85,1,0
2026-02-03 11:28:17.815814,auth-service,DiskSpaceLow,info,logs,disk,29.5,90,2,0
2026-02-03 11:33:17.815814,payment-gateway,ErrorRateSpike,info,logs,errors,1.97,5,1,0
2026-02-03 11:38:17.815814,payment-gateway,DiskSpaceLow,info,logs,disk,33.01,90,3,0
2026-02-03 11:43:17.815814,auth-service,DiskSpaceLow,info,grafana,disk,48.23,90,1,0
2026-02-03 11:48:17.815814,auth-service,DiskSpaceLow,info,grafana,disk,48.72,90,3,0
2026-02-03 11:53:17.815814,inventory-db,HighMemory,info,prometheus,memory,50.9,85,1,0
2026-02-03 11:58:17.815814,analytics-engine,DiskSpaceLow,info,logs,disk,62.78,90,2,0
2026-02-03 12:03:17.815814,analytics-engine,HighLatency,info,logs,latency,186.94,300,1,0
2026-02-03 12:08:17.815814,analytics-engine,ErrorRateSpike,info,prometheus,errors,3.48,5,2,0
2026-02-03 12:13:17.815814,frontend-web,DiskSpaceLow,info,grafana,disk,30.48,90,2,0
2026-02-03 12:18:17.815814,inventory-db,DiskSpaceLow,info,grafana,disk,53.94,90,1,0
2026-02-03 12:23:17.815814,analytics-engine,HighCPU,info,prometheus,cpu,24.41,80,1,0
2026-02-03 12:28:17.815814,auth-service,ErrorRateSpike,info,grafana,errors,0.0,5,1,0
2026-02-03 12:33:17.815814,auth-service,HighMemory,info,prometheus,memory,59.87,85,1,0
2026-02-03 12:38:17.815814,auth-service,HighCPU,info,prometheus,cpu,28.04,80,2,0
2026-02-03 12:43:17.815814,frontend-web,DiskSpaceLow,info,prometheus,disk,45.4,90,3,0
2026-02-03 12:48:17.815814,inventory-db,HighLatency,info,prometheus,latency,70.69,300,2,0
2026-02-03 12:53:17.815814,auth-service,HighCPU,info,logs,cpu,27.33,80,1,0
2026-02-03 12:58:17.815814,payment-gateway,HighMemory,info,prometheus,memory,69.01,85,1,0
2026-02-03 13:03:17.815814,analytics-engine,HighLatency,info,prometheus,latency,82.42,300,2,0
2026-02-03 13:08:17.815814,analytics-engine,DiskSpaceLow,info,logs,disk,59.38,90,1,0
2026-02-03 13:13:17.815814,auth-service,DiskSpaceLow,info,prometheus,disk,59.87,90,1,0
2026-02-03 13:18:17.815814,frontend-web,DiskSpaceLow,info,grafana,disk,59.0,90,1,0
2026-02-03 13:23:17.815814,frontend-web,HighMemory,info,logs,memory,41.92,85,2,0
2026-02-03 13:28:17.815814,analytics-engine,HighMemory,info,prometheus,memory,60.41,85,1,0
2026-02-03 13:33:17.815814,frontend-web,DiskSpaceLow,info,prometheus,disk,27.44,90,1,0
2026-02-03 13:38:17.815814,analytics-engine,DiskSpaceLow,info,logs,disk,32.65,90,1,0
2026-02-03 13:43:17.815814,analytics-engine,DiskSpaceLow,critical,grafana,disk,123.58,90,2,1
2026-02-03 13:48:17.815814,analytics-engine,HighLatency,info,grafana,latency,200.84,300,2,0
2026-02-03 13:53:17.815814,auth-service,ErrorRateSpike,info,grafana,errors,2.84,5,2,0
2026-02-03 13:58:17.815814,frontend-web,HighLatency,info,prometheus,latency,71.42,300,1,0
2026-02-03 14:03:17.815814,inventory-db,HighLatency,info,prometheus,latency,143.45,300,2,0
2026-02-03 14:08:17.815814,frontend-web,DiskSpaceLow,info,logs,disk,40.08,90,1,0
2026-02-03 14:13:17.815814,inventory-db,HighCPU,info,prometheus,cpu,62.96,80,1,0
2026-02-03 14:18:17.815814,frontend-web,ErrorRateSpike,info,prometheus,errors,0.0,5,6,0
2026-02-03 14:23:17.815814,inventory-db,HighMemory,info,prometheus,memory,62.3,85,1,0
2026-02-03 14:28:17.815814,frontend-web,HighCPU,info,prometheus,cpu,57.73,80,1,0
2026-02-03 14:33:17.815814,inventory-db,HighLatency,info,grafana,latency,141.56,300,1,0
2026-02-03 14:38:17.815814,auth-service,DiskSpaceLow,info,logs,disk,36.22,90,1,0
2026-02-03 14:43:17.815814,auth-service,DiskSpaceLow,info,prometheus,disk,39.15,90,1,0
2026-02-03 14:48:17.815814,frontend-web,HighCPU,info,prometheus,cpu,51.8,80,1,0
2026-02-03 14:53:17.815814,analytics-engine,ErrorRateSpike,warning,grafana,errors,0.73,5,37,1
2026-02-03 14:58:17.815814,inventory-db,HighMemory,info,logs,memory,65.03,85,1,0
2026-02-03 15:03:17.815814,analytics-engine,DiskSpaceLow,info,logs,disk,46.65,90,1,0
2026-02-03 15:08:17.815814,inventory-db,HighLatency,info,prometheus,latency,201.85,300,1,0
2026-02-03 15:13:17.815814,payment-gateway,HighLatency,info,prometheus,latency,153.14,300,4,0
2026-02-03 15:18:17.815814,auth-service,HighLatency,info,prometheus,latency,149.25,300,1,0
2026-02-03 15:23:17.815814,payment-gateway,HighLatency,info,prometheus,latency,110.47,300,1,0
2026-02-03 15:28:17.815814,auth-service,ErrorRateSpike,info,logs,errors,0.41,5,1,0
2026-02-03 15:33:17.815814,analytics-engine,ErrorRateSpike,info,grafana,errors,2.83,5,1,0
2026-02-03 15:38:17.815814,auth-service,HighLatency,info,logs,latency,71.73,300,1,0
2026-02-03 15:43:17.815814,frontend-web,HighMemory,info,logs,memory,40.02,85,1,0
2026-02-03 15:48:17.815814,auth-service,DiskSpaceLow,info,prometheus,disk,53.04,90,1,0
2026-02-03 15:53:17.815814,payment-gateway,DiskSpaceLow,info,prometheus,disk,43.97,90,1,0
2026-02-03 15:58:17.815814,frontend-web,HighLatency,warning,prometheus,latency,267.46,300,49,1
2026-02-03 16:03:17.815814,inventory-db,HighCPU,info,logs,cpu,47.06,80,2,0
2026-02-03 16:08:17.815814,frontend-web,HighCPU,info,prometheus,cpu,54.29,80,1,0
2026-02-03 16:13:17.815814,inventory-db,HighLatency,info,grafana,latency,60.41,300,1,0
2026-02-03 16:18:17.815814,auth-service,ErrorRateSpike,info,logs,errors,0.0,5,3,0
2026-02-03 16:23:17.815814,auth-service,DiskSpaceLow,info,prometheus,disk,41.41,90,1,0
2026-02-03 16:28:17.815814,frontend-web,HighCPU,info,grafana,cpu,37.33,80,3,0
2026-02-03 16:33:17.815814,frontend-web,DiskSpaceLow,info,prometheus,disk,36.01,90,7,0
2026-02-03 16:38:17.815814,auth-service,HighLatency,info,prometheus,latency,76.93,300,1,0
2026-02-03 16:43:17.815814,inventory-db,HighLatency,info,prometheus,latency,87.58,300,1,0
2026-02-03 16:48:17.815814,analytics-engine,DiskSpaceLow,info,grafana,disk,48.21,90,1,0
2026-02-03 16:53:17.815814,analytics-engine,HighMemory,info,grafana,memory,55.62,85,1,0
2026-02-03 16:58:17.815814,inventory-db,HighCPU,info,logs,cpu,23.98,80,1,0
2026-02-03 17:03:17.815814,analytics-engine,HighMemory,info,grafana,memory,62.3,85,1,0
2026-02-03 17:08:17.815814,payment-gateway,HighLatency,info,logs,latency,142.69,300,1,0
2026-02-03 17:13:17.815814,analytics-engine,HighLatency,info,prometheus,latency,149.39,300,1,0
2026-02-03 17:18:17.815814,analytics-engine,HighLatency,info,logs,latency,169.94,300,1,0
2026-02-03 17:23:17.815814,frontend-web,ErrorRateSpike,info,logs,errors,0.0,5,1,0
2026-02-03 17:28:17.815814,auth-service,ErrorRateSpike,warning,logs,errors,5.28,5,2,0
2026-02-03 17:33:17.815814,frontend-web,DiskSpaceLow,info,grafana,disk,45.03,90,2,0
2026-02-03 17:38:17.815814,auth-service,HighMemory,info,grafana,memory,67.66,85,2,0
2026-02-03 17:43:17.815814,analytics-engine,HighCPU,info,grafana,cpu,21.39,80,3,0
2026-02-03 17:48:17.815814,inventory-db,DiskSpaceLow,info,prometheus,disk,31.56,90,1,0
2026-02-03 17:53:17.815814,inventory-db,HighLatency,info,logs,latency,157.01,300,2,0
2026-02-03 17:58:17.815814,auth-service,DiskSpaceLow,info,logs,disk,47.33,90,1,0
2026-02-03 18:03:17.815814,analytics-engine,ErrorRateSpike,info,grafana,errors,0.0,5,2,0
2026-02-03 18:08:17.815814,frontend-web,HighCPU,info,prometheus,cpu,23.14,80,3,0
2026-02-03 18:13:17.815814,payment-gateway,ErrorRateSpike,info,grafana,errors,3.02,5,3,0
2026-02-03 18:18:17.815814,inventory-db,HighMemory,info,logs,memory,63.11,85,2,0
2026-02-03 18:23:17.815814,frontend-web,HighCPU,info,grafana,cpu,38.89,80,1,0
2026-02-03 18:28:17.815814,analytics-engine,HighLatency,info,prometheus,latency,95.7,300,1,0
2026-02-03 18:33:17.815814,auth-service,ErrorRateSpike,warning,prometheus,errors,5.16,5,2,0
2026-02-03 18:38:17.815814,frontend-web,HighMemory,info,logs,memory,45.78,85,1,0
2026-02-03 18:43:17.815814,auth-service,DiskSpaceLow,info,logs,disk,60.37,90,1,0
2026-02-03 18:48:17.815814,auth-service,ErrorRateSpike,info,logs,errors,1.82,5,1,0
2026-02-03 18:53:17.815814,analytics-engine,HighCPU,info,grafana,cpu,25.26,80,1,0
2026-02-03 18:58:17.815814,frontend-web,DiskSpaceLow,info,grafana,disk,56.2,90,2,0
2026-02-03 19:03:17.815814,frontend-web,HighLatency,info,logs,latency,146.62,300,1,0
2026-02-03 19:08:17.815814,payment-gateway,DiskSpaceLow,info,grafana,disk,48.59,90,2,0
2026-02-03 19:13:17.815814,payment-gateway,HighCPU,info,grafana,cpu,40.72,80,2,0
2026-02-03 19:18:17.815814,frontend-web,DiskSpaceLow,info,grafana,disk,31.51,90,1,0
2026-02-03 19:23:17.815814,inventory-db,DiskSpaceLow,info,grafana,disk,40.82,90,3,0
2026-02-03 19:28:17.815814,frontend-web,HighLatency,info,grafana,latency,80.54,300,1,0
2026-02-03 19:33:17.815814,analytics-engine,ErrorRateSpike,info,prometheus,errors,3.34,5,1,0
2026-02-03 19:38:17.815814,payment-gateway,HighLatency,info,prometheus,latency,83.33,300,1,0
2026-02-03 19:43:17.815814,frontend-web,HighCPU,info,prometheus,cpu,50.57,80,1,0
2026-02-03 19:48:17.815814,frontend-web,ErrorRateSpike,info,logs,errors,2.3,5,3,0
2026-02-03 19:53:17.815814,auth-service,HighLatency,info,logs,latency,172.83,300,1,0
2026-02-03 19:58:17.815814,frontend-web,HighCPU,info,prometheus,cpu,61.83,80,2,0
2026-02-03 20:03:17.815814,payment-gateway,DiskSpaceLow,info,logs,disk,61.86,90,1,0
2026-02-03 20:08:17.815814,analytics-engine,HighLatency,info,grafana,latency,131.83,300,1,0
2026-02-03 20:13:17.815814,payment-gateway,ErrorRateSpike,info,grafana,errors,0.53,5,1,0
2026-02-03 20:18:17.815814,frontend-web,HighLatency,info,logs,latency,156.18,300,1,0
2026-02-03 20:23:17.815814,analytics-engine,DiskSpaceLow,info,prometheus,disk,39.9,90,2,0
2026-02-03 20:28:17.815814,payment-gateway,HighLatency,info,prometheus,latency,92.98,300,1,0
2026-02-03 20:33:17.815814,analytics-engine,HighMemory,info,grafana,memory,66.85,85,1,0
2026-02-03 20:38:17.815814,payment-gateway,ErrorRateSpike,warning,prometheus,errors,5.22,5,1,0
2026-02-03 20:43:17.815814,inventory-db,DiskSpaceLow,info,prometheus,disk,43.54,90,1,0
2026-02-03 20:48:17.815814,inventory-db,DiskSpaceLow,info,prometheus,disk,31.56,90,2,0
2026-02-03 20:53:17.815814,inventory-db,DiskSpaceLow,info,grafana,disk,38.13,90,2,0
2026-02-03 20:58:17.815814,analytics-engine,HighLatency,info,logs,latency,122.39,300,1,0
2026-02-03 21:03:17.815814,frontend-web,HighMemory,info,prometheus,memory,54.73,85,1,0
2026-02-03 21:08:17.815814,inventory-db,HighCPU,info,logs,cpu,26.39,80,2,0
2026-02-03 21:13:17.815814,inventory-db,HighMemory,info,grafana,memory,59.07,85,1,0
2026-02-03 21:18:17.815814,inventory-db,HighMemory,info,prometheus,memory,64.66,85,1,0
2026-02-03 21:23:17.815814,frontend-web,ErrorRateSpike,info,grafana,errors,0.0,5,2,0
2026-02-03 21:28:17.815814,frontend-web,HighLatency,info,prometheus,latency,203.58,300,1,0
2026-02-03 21:33:17.815814,auth-service,HighCPU,info,logs,cpu,48.73,80,1,0
2026-02-03 21:38:17.815814,payment-gateway,HighCPU,info,prometheus,cpu,35.23,80,2,0
2026-02-03 21:43:17.815814,frontend-web,DiskSpaceLow,info,prometheus,disk,38.9,90,1,0
2026-02-03 21:48:17.815814,auth-service,HighMemory,info,logs,memory,61.49,85,1,0
2026-02-03 21:53:17.815814,inventory-db,ErrorRateSpike,info,prometheus,errors,0.0,5,1,0
2026-02-03 21:58:17.815814,analytics-engine,HighCPU,info,grafana,cpu,43.76,80,1,0
2026-02-03 22:03:17.815814,auth-service,ErrorRateSpike,info,grafana,errors,2.56,5,3,0
2026-02-03 22:08:17.815814,frontend-web,ErrorRateSpike,info,prometheus,errors,1.95,5,1,0
2026-02-03 22:13:17.815814,frontend-web,HighMemory,info,logs,memory,46.02,85,1,0
2026-02-03 22:18:17.815814,analytics-engine,HighCPU,info,prometheus,cpu,53.12,80,1,0
2026-02-03 22:23:17.815814,auth-service,HighCPU,info,logs,cpu,37.22,80,2,0
2026-02-03 22:28:17.815814,inventory-db,HighMemory,info,grafana,memory,55.12,85,1,0
2026-02-03 22:33:17.815814,inventory-db,ErrorRateSpike,info,logs,errors,4.51,5,2,0
2026-02-03 22:38:17.815814,frontend-web,HighMemory,info,prometheus,memory,57.04,85,9,0
2026-02-03 22:43:17.815814,frontend-web,HighMemory,info,logs,memory,43.8,85,1,0
2026-02-03 22:48:17.815814,auth-service,ErrorRateSpike,info,grafana,errors,4.53,5,1,0
2026-02-03 22:53:17.815814,analytics-engine,HighMemory,info,prometheus,memory,54.54,85,3,0
2026-02-03 22:58:17.815814,frontend-web,HighCPU,info,prometheus,cpu,36.61,80,1,0
2026-02-03 23:03:17.815814,analytics-engine,DiskSpaceLow,info,grafana,disk,38.06,90,1,0
2026-02-03 23:08:17.815814,analytics-engine,HighLatency,info,logs,latency,107.55,300,3,0
2026-02-03 23:13:17.815814,inventory-db,DiskSpaceLow,info,prometheus,disk,31.14,90,1,0
2026-02-03 23:18:17.815814,frontend-web,HighCPU,info,prometheus,cpu,59.26,80,2,0
2026-02-03 23:23:17.815814,analytics-engine,HighCPU,info,grafana,cpu,52.43,80,1,0
2026-02-03 23:28:17.815814,frontend-web,DiskSpaceLow,info,prometheus,disk,49.12,90,2,0
2026-02-03 23:33:17.815814,payment-gateway,HighCPU,info,grafana,cpu,46.94,80,1,0
2026-02-03 23:38:17.815814,inventory-db,ErrorRateSpike,info,logs,errors,4.66,5,1,0
2026-02-03 23:43:17.815814,inventory-db,HighLatency,info,logs,latency,103.39,300,3,0
2026-02-03 23:48:17.815814,inventory-db,HighMemory,info,prometheus,memory,67.73,85,1,0
2026-02-03 23:53:17.815814,analytics-engine,DiskSpaceLow,info,logs,disk,40.25,90,1,0
2026-02-03 23:58:17.815814,frontend-web,HighLatency,info,grafana,latency,97.13,300,1,0
2026-02-04 00:03:17.815814,auth-service,HighLatency,info,grafana,latency,162.17,300,1,0
2026-02-04 00:08:17.815814,inventory-db,DiskSpaceLow,info,logs,disk,38.44,90,1,0
2026-02-04 00:13:17.815814,auth-service,DiskSpaceLow,info,prometheus,disk,42.16,90,1,0
2026-02-04 00:18:17.815814,frontend-web,HighLatency,info,grafana,latency,69.08,300,1,0
2026-02-04 00:23:17.815814,payment-gateway,ErrorRateSpike,info,prometheus,errors,0.0,5,1,0
2026-02-04 00:28:17.815814,frontend-web,HighLatency,info,grafana,latency,113.53,300,4,0
2026-02-04 00:33:17.815814,auth-service,HighCPU,info,prometheus,cpu,42.01,80,2,0
2026-02-04 00:38:17.815814,inventory-db,HighCPU,info,prometheus,cpu,41.01,80,1,0
2026-02-04 00:43:17.815814,analytics-engine,DiskSpaceLow,info,grafana,disk,34.0,90,1,0
2026-02-04 00:48:17.815814,payment-gateway,ErrorRateSpike,info,grafana,errors,4.83,5,5,0
2026-02-04 00:53:17.815814,analytics-engine,HighCPU,info,grafana,cpu,57.69,80,1,0
2026-02-04 00:58:17.815814,payment-gateway,HighLatency,info,prometheus,latency,171.03,300,1,0
2026-02-04 01:03:17.815814,auth-service,HighCPU,info,logs,cpu,52.64,80,1,0
2026-02-04 01:08:17.815814,payment-gateway,HighCPU,info,grafana,cpu,36.0,80,5,0
2026-02-04 01:13:17.815814,analytics-engine,ErrorRateSpike,warning,prometheus,errors,6.53,5,1,0
2026-02-04 01:18:17.815814,inventory-db,ErrorRateSpike,info,logs,errors,0.0,5,2,0
2026-02-04 01:23:17.815814,auth-service,DiskSpaceLow,info,grafana,disk,37.3,90,2,0
2026-02-04 01:28:17.815814,inventory-db,DiskSpaceLow,info,grafana,disk,38.95,90,1,0
2026-02-04 01:33:17.815814,inventory-db,HighCPU,info,grafana,cpu,40.2,80,1,0
2026-02-04 01:38:17.815814,analytics-engine,HighLatency,info,prometheus,latency,135.03,300,1,0
2026-02-04 01:43:17.815814,inventory-db,HighMemory,info,logs,memory,56.58,85,1,0
2026-02-04 01:48:17.815814,inventory-db,HighMemory,info,prometheus,memory,63.23,85,3,0
2026-02-04 01:53:17.815814,analytics-engine,ErrorRateSpike,info,logs,errors,3.53,5,1,0
2026-02-04 01:58:17.815814,inventory-db,HighMemory,info,grafana,memory,61.56,85,1,0
2026-02-04 02:03:17.815814,frontend-web,HighLatency,info,logs,latency,118.9,300,1,0
2026-02-04 02:08:17.815814,frontend-web,HighMemory,info,logs,memory,46.41,85,1,0
2026-02-04 02:13:17.815814,frontend-web,ErrorRateSpike,info,prometheus,errors,1.92,5,1,0
2026-02-04 02:18:17.815814,analytics-engine,HighCPU,info,prometheus,cpu,54.02,80,1,0
2026-02-04 02:23:17.815814,inventory-db,HighCPU,info,prometheus,cpu,37.58,80,1,0
2026-02-04 02:28:17.815814,auth-service,HighCPU,info,logs,cpu,42.83,80,2,0
2026-02-04 02:33:17.815814,frontend-web,HighMemory,info,prometheus,memory,69.15,85,4,0
2026-02-04 02:38:17.815814,auth-service,HighCPU,info,prometheus,cpu,45.97,80,1,0
2026-02-04 02:43:17.815814,payment-gateway,DiskSpaceLow,info,logs,disk,56.99,90,1,0
2026-02-04 02:48:17.815814,auth-service,DiskSpaceLow,info,grafana,disk,58.51,90,1,0
2026-02-04 02:53:17.815814,auth-service,DiskSpaceLow,info,logs,disk,39.48,90,2,0
2026-02-04 02:58:17.815814,auth-service,HighMemory,info,logs,memory,55.88,85,2,0
2026-02-04 03:03:17.815814,analytics-engine,DiskSpaceLow,info,logs,disk,41.85,90,1,0
2026-02-04 03:08:17.815814,frontend-web,ErrorRateSpike,info,grafana,errors,4.93,5,1,0
2026-02-04 03:13:17.815814,payment-gateway,HighMemory,info,grafana,memory,46.85,85,1,0
2026-02-04 03:18:17.815814,auth-service,HighMemory,critical,prometheus,memory,96.22,85,46,1
2026-02-04 03:23:17.815814,payment-gateway,ErrorRateSpike,info,prometheus,errors,0.0,5,1,0
2026-02-04 03:28:17.815814,frontend-web,HighCPU,info,prometheus,cpu,51.25,80,2,0
2026-02-04 03:33:17.815814,payment-gateway,HighCPU,info,prometheus,cpu,52.04,80,1,0
2026-02-04 03:38:17.815814,auth-service,HighMemory,info,prometheus,memory,38.68,85,4,0
2026-02-04 03:43:17.815814,frontend-web,HighMemory,info,prometheus,memory,57.71,85,1,0
2026-02-04 03:48:17.815814,analytics-engine,HighMemory,info,prometheus,memory,56.79,85,2,0
2026-02-04 03:53:17.815814,frontend-web,DiskSpaceLow,info,grafana,disk,46.55,90,1,0
2026-02-04 03:58:17.815814,frontend-web,HighMemory,info,grafana,memory,58.27,85,1,0
2026-02-04 04:03:17.815814,analytics-engine,DiskSpaceLow,info,prometheus,disk,56.9,90,3,0
2026-02-04 04:08:17.815814,analytics-engine,HighCPU,info,prometheus,cpu,34.02,80,1,0
2026-02-04 04:13:17.815814,frontend-web,HighMemory,info,logs,memory,73.89,85,1,0
2026-02-04 04:18:17.815814,analytics-engine,HighMemory,info,logs,memory,48.66,85,2,0
2026-02-04 04:23:17.815814,inventory-db,HighLatency,info,grafana,latency,140.79,300,1,0
2026-02-04 04:28:17.815814,payment-gateway,DiskSpaceLow,info,grafana,disk,42.44,90,1,0
2026-02-04 04:33:17.815814,payment-gateway,HighLatency,info,grafana,latency,102.67,300,2,0
2026-02-04 04:38:17.815814,frontend-web,HighMemory,info,logs,memory,43.12,85,1,0
2026-02-04 04:43:17.815814,payment-gateway,ErrorRateSpike,info,logs,errors,0.39,5,2,0
2026-02-04 04:48:17.815814,frontend-web,HighLatency,info,prometheus,latency,170.17,300,1,0
2026-02-04 04:53:17.815814,analytics-engine,ErrorRateSpike,info,logs,errors,1.65,5,1,0
2026-02-04 04:58:17.815814,analytics-engine,ErrorRateSpike,info,logs,errors,4.5,5,1,0
2026-02-04 05:03:17.815814,analytics-engine,ErrorRateSpike,info,grafana,errors,2.09,5,4,0
2026-02-04 05:08:17.815814,frontend-web,HighCPU,info,prometheus,cpu,47.66,80,2,0
2026-02-04 05:13:17.815814,frontend-web,HighMemory,info,grafana,memory,57.02,85,5,0
2026-02-04 05:18:17.815814,inventory-db,HighMemory,info,logs,memory,40.67,85,1,0
2026-02-04 05:23:17.815814,inventory-db,HighCPU,info,prometheus,cpu,21.43,80,1,0
2026-02-04 05:28:17.815814,frontend-web,HighLatency,info,prometheus,latency,119.92,300,1,0
2026-02-04 05:33:17.815814,payment-gateway,HighLatency,info,logs,latency,176.61,300,1,0
2026-02-04 05:38:17.815814,auth-service,HighMemory,info,logs,memory,37.93,85,1,0
2026-02-04 05:43:17.815814,analytics-engine,ErrorRateSpike,info,logs,errors,3.6,5,1,0
2026-02-04 05:48:17.815814,auth-service,HighMemory,info,grafana,memory,54.44,85,4,0
2026-02-04 05:53:17.815814,auth-service,ErrorRateSpike,info,grafana,errors,0.0,5,2,0
2026-02-04 05:58:17.815814,payment-gateway,HighLatency,info,logs,latency,178.72,300,1,0
2026-02-04 06:03:17.815814,inventory-db,HighMemory,info,logs,memory,45.75,85,1,0
2026-02-04 06:08:17.815814,auth-service,HighLatency,info,prometheus,latency,81.44,300,1,0
2026-02-04 06:13:17.815814,analytics-engine,HighLatency,info,prometheus,latency,78.32,300,1,0
2026-02-04 06:18:17.815814,analytics-engine,ErrorRateSpike,info,prometheus,errors,0.0,5,1,0
2026-02-04 06:23:17.815814,payment-gateway,HighCPU,info,prometheus,cpu,38.87,80,1,0
2026-02-04 06:28:17.815814,inventory-db,HighLatency,info,grafana,latency,189.14,300,1,0
2026-02-04 06:33:17.815814,auth-service,HighMemory,info,prometheus,memory,56.26,85,1,0
2026-02-04 06:38:17.815814,auth-service,HighCPU,info,prometheus,cpu,40.18,80,2,0
2026-02-04 06:43:17.815814,analytics-engine,ErrorRateSpike,info,grafana,errors,0.0,5,1,0
2026-02-04 06:48:17.815814,frontend-web,HighCPU,info,logs,cpu,26.11,80,1,0
2026-02-04 06:53:17.815814,analytics-engine,DiskSpaceLow,info,prometheus,disk,53.62,90,1,0
2026-02-04 06:58:17.815814,analytics-engine,ErrorRateSpike,info,grafana,errors,0.0,5,1,0
2026-02-04 07:03:17.815814,auth-service,ErrorRateSpike,warning,logs,errors,0.11,5,1,1
2026-02-04 07:08:17.815814,frontend-web,HighCPU,info,grafana,cpu,47.5,80,1,0
2026-02-04 07:13:17.815814,inventory-db,ErrorRateSpike,info,prometheus,errors,0.0,5,2,0
2026-02-04 07:18:17.815814,frontend-web,HighLatency,info,prometheus,latency,92.1,300,2,0
2026-02-04 07:23:17.815814,inventory-db,ErrorRateSpike,info,prometheus,errors,0.0,5,1,0
2026-02-04 07:28:17.815814,frontend-web,HighMemory,info,prometheus,memory,44.46,85,1,0
2026-02-04 07:33:17.815814,analytics-engine,HighCPU,info,logs,cpu,50.94,80,1,0
2026-02-04 07:38:17.815814,payment-gateway,HighCPU,info,logs,cpu,33.8,80,1,0
2026-02-04 07:43:17.815814,analytics-engine,ErrorRateSpike,info,grafana,errors,0.0,5,1,0
2026-02-04 07:48:17.815814,payment-gateway,HighLatency,info,prometheus,latency,153.54,300,1,0
2026-02-04 07:53:17.815814,analytics-engine,HighMemory,info,prometheus,memory,73.23,85,1,0
2026-02-04 07:58:17.815814,analytics-engine,HighCPU,info,logs,cpu,33.73,80,1,0
2026-02-04 08:03:17.815814,auth-service,ErrorRateSpike,info,grafana,errors,0.0,5,1,0
2026-02-04 08:08:17.815814,payment-gateway,HighLatency,info,logs,latency,105.93,300,1,0
2026-02-04 08:13:17.815814,frontend-web,HighMemory,info,grafana,memory,55.92,85,1,0
2026-02-04 08:18:17.815814,payment-gateway,HighCPU,info,logs,cpu,52.11,80,1,0
2026-02-04 08:23:17.815814,analytics-engine,HighMemory,info,prometheus,memory,47.92,85,1,0
2026-02-04 08:28:17.815814,payment-gateway,HighMemory,warning,prometheus,memory,77.59,85,26,1
2026-02-04 08:33:17.815814,analytics-engine,HighLatency,info,prometheus,latency,178.98,300,2,0
2026-02-04 08:38:17.815814,payment-gateway,DiskSpaceLow,info,prometheus,disk,44.31,90,2,0
2026-02-04 08:43:17.815814,frontend-web,HighLatency,info,logs,latency,132.24,300,1,0
2026-02-04 08:48:17.815814,inventory-db,DiskSpaceLow,info,prometheus,disk,42.11,90,1,0
2026-02-04 08:53:17.815814,auth-service,HighLatency,info,prometheus,latency,145.57,300,2,0
2026-02-04 08:58:17.815814,payment-gateway,HighCPU,info,grafana,cpu,30.48,80,1,0
2026-02-04 09:03:17.815814,auth-service,HighMemory,info,logs,memory,46.12,85,1,0
2026-02-04 09:08:17.815814,inventory-db,HighLatency,info,grafana,latency,133.6,300,1,0
2026-02-04 09:13:17.815814,payment-gateway,HighLatency,info,grafana,latency,168.1,300,1,0
2026-02-04 09:18:17.815814,payment-gateway,HighLatency,info,logs,latency,68.96,300,1,0
2026-02-04 09:23:17.815814,auth-service,HighCPU,info,grafana,cpu,41.7,80,2,0
2026-02-04 09:28:17.815814,auth-service,HighLatency,info,logs,latency,177.12,300,1,0
2026-02-04 09:33:17.815814,auth-service,HighMemory,info,logs,memory,70.09,85,1,0
2026-02-04 09:38:17.815814,frontend-web,DiskSpaceLow,info,grafana,disk,60.85,90,2,0
2026-02-04 09:43:17.815814,analytics-engine,HighMemory,info,logs,memory,56.98,85,2,0
2026-02-04 09:48:17.815814,frontend-web,HighCPU,info,prometheus,cpu,54.52,80,1,0
2026-02-04 09:53:17.815814,frontend-web,HighLatency,critical,prometheus,latency,357.99,300,3,1
2026-02-04 09:58:17.815814,inventory-db,HighLatency,info,grafana,latency,57.02,300,1,0
2026-02-04 10:03:17.815814,payment-gateway,HighLatency,info,prometheus,latency,68.66,300,3,0
2026-02-04 10:08:17.815814,payment-gateway,HighLatency,info,logs,latency,47.53,300,1,0
2026-02-04 10:13:17.815814,auth-service,HighLatency,info,grafana,latency,174.07,300,1,0
2026-02-04 10:18:17.815814,analytics-engine,HighCPU,info,grafana,cpu,49.92,80,2,0
2026-02-04 10:23:17.815814,frontend-web,HighCPU,info,prometheus,cpu,23.12,80,1,0
2026-02-04 10:28:17.815814,auth-service,DiskSpaceLow,info,grafana,disk,60.83,90,3,0
2026-02-04 10:33:17.815814,analytics-engine,ErrorRateSpike,info,prometheus,errors,2.64,5,2,0
2026-02-04 10:38:17.815814,payment-gateway,DiskSpaceLow,info,logs,disk,59.13,90,3,0
2026-02-04 10:43:17.815814,analytics-engine,HighLatency,info,logs,latency,61.67,300,3,0
2026-02-04 10:48:17.815814,auth-service,ErrorRateSpike,info,logs,errors,4.95,5,2,0
2026-02-04 10:53:17.815814,frontend-web,HighCPU,info,logs,cpu,23.19,80,2,0
2026-02-04 10:58:17.815814,auth-service,ErrorRateSpike,info,logs,errors,0.0,5,4,0
2026-02-04 11:03:17.815814,auth-service,HighLatency,info,logs,latency,169.41,300,1,0
2026-02-04 11:08:17.815814,payment-gateway,ErrorRateSpike,info,logs,errors,1.59,5,1,0
2026-02-04 11:13:17.815814,frontend-web,HighMemory,info,prometheus,memory,64.88,85,2,0
2026-02-04 11:18:17.815814,auth-service,HighMemory,info,prometheus,memory,56.76,85,1,0
2026-02-04 11:23:17.815814,auth-service,ErrorRateSpike,info,grafana,errors,0.0,5,1,0
2026-02-04 11:28:17.815814,payment-gateway,HighCPU,info,grafana,cpu,56.81,80,2,0
2026-02-04 11:33:17.815814,inventory-db,DiskSpaceLow,info,logs,disk,46.09,90,5,0
2026-02-04 11:38:17.815814,payment-gateway,HighCPU,info,grafana,cpu,33.91,80,2,0
2026-02-04 11:43:17.815814,analytics-engine,HighLatency,info,logs,latency,148.43,300,1,0
2026-02-04 11:48:17.815814,analytics-engine,HighCPU,info,logs,cpu,26.95,80,1,0
2026-02-04 11:53:17.815814,payment-gateway,DiskSpaceLow,info,grafana,disk,40.07,90,1,0
2026-02-04 11:58:17.815814,frontend-web,HighCPU,info,grafana,cpu,33.56,80,1,0
2026-02-04 12:03:17.815814,inventory-db,HighCPU,info,prometheus,cpu,42.69,80,2,0
2026-02-04 12:08:17.815814,analytics-engine,ErrorRateSpike,warning,prometheus,errors,6.46,5,3,0
2026-02-04 12:13:17.815814,frontend-web,HighMemory,info,grafana,memory,65.89,85,1,0
2026-02-04 12:18:17.815814,payment-gateway,ErrorRateSpike,info,prometheus,errors,0.0,5,2,0
2026-02-04 12:23:17.815814,frontend-web,DiskSpaceLow,info,grafana,disk,58.39,90,1,0
2026-02-04 12:28:17.815814,frontend-web,DiskSpaceLow,critical,prometheus,disk,95.27,90,3,1
2026-02-04 12:33:17.815814,payment-gateway,HighCPU,info,logs,cpu,39.93,80,1,0
2026-02-04 12:38:17.815814,auth-service,HighCPU,info,prometheus,cpu,33.16,80,2,0
2026-02-04 12:43:17.815814,auth-service,HighLatency,info,prometheus,latency,54.24,300,2,0
2026-02-04 12:48:17.815814,payment-gateway,ErrorRateSpike,info,grafana,errors,0.0,5,1,0
2026-02-04 12:53:17.815814,inventory-db,HighLatency,info,prometheus,latency,76.34,300,1,0
2026-02-04 12:58:17.815814,analytics-engine,ErrorRateSpike,info,prometheus,errors,4.66,5,1,0
2026-02-04 13:03:17.815814,frontend-web,ErrorRateSpike,info,logs,errors,1.57,5,2,0
2026-02-04 13:08:17.815814,analytics-engine,ErrorRateSpike,info,prometheus,errors,4.3,5,1,0
2026-02-04 13:13:17.815814,auth-service,HighMemory,info,prometheus,memory,47.38,85,3,0
2026-02-04 13:18:17.815814,auth-service,DiskSpaceLow,info,logs,disk,27.86,90,1,0
2026-02-04 13:23:17.815814,payment-gateway,HighCPU,info,prometheus,cpu,47.66,80,1,0
2026-02-04 13:28:17.815814,auth-service,HighCPU,info,prometheus,cpu,52.9,80,1,0
2026-02-04 13:33:17.815814,frontend-web,HighLatency,info,grafana,latency,179.84,300,3,0
2026-02-04 13:38:17.815814,inventory-db,HighMemory,info,prometheus,memory,43.12,85,1,0
2026-02-04 13:43:17.815814,inventory-db,HighMemory,info,grafana,memory,48.39,85,1,0
2026-02-04 13:48:17.815814,payment-gateway,ErrorRateSpike,info,grafana,errors,0.0,5,3,0
2026-02-04 13:53:17.815814,auth-service,HighLatency,info,prometheus,latency,104.1,300,1,0
2026-02-04 13:58:17.815814,inventory-db,HighLatency,info,logs,latency,80.64,300,1,0
2026-02-04 14:03:17.815814,frontend-web,DiskSpaceLow,info,logs,disk,51.93,90,1,0
2026-02-04 14:08:17.815814,payment-gateway,HighLatency,info,prometheus,latency,185.16,300,1,0
2026-02-04 14:13:17.815814,frontend-web,HighCPU,info,prometheus,cpu,38.59,80,1,0
2026-02-04 14:18:17.815814,auth-service,HighLatency,info,grafana,latency,119.25,300,1,0
2026-02-04 14:23:17.815814,analytics-engine,HighCPU,info,prometheus,cpu,31.53,80,1,0
2026-02-04 14:28:17.815814,auth-service,HighMemory,info,prometheus,memory,61.55,85,2,0
2026-02-04 14:33:17.815814,auth-service,HighMemory,info,prometheus,memory,44.34,85,2,0
2026-02-04 14:38:17.815814,payment-gateway,ErrorRateSpike,info,prometheus,errors,3.12,5,1,0
2026-02-04 14:43:17.815814,payment-gateway,HighCPU,info,logs,cpu,45.22,80,1,0
2026-02-04 14:48:17.815814,analytics-engine,DiskSpaceLow,info,logs,disk,41.15,90,1,0
2026-02-04 14:53:17.815814,payment-gateway,HighMemory,info,prometheus,memory,67.6,85,3,0
2026-02-04 14:58:17.815814,payment-gateway,ErrorRateSpike,info,grafana,errors,0.0,5,2,0
2026-02-04 15:03:17.815814,auth-service,ErrorRateSpike,info,logs,errors,0.0,5,5,0
2026-02-04 15:08:17.815814,auth-service,HighLatency,info,prometheus,latency,58.5,300,3,0
2026-02-04 15:13:17.815814,analytics-engine,HighCPU,info,grafana,cpu,23.27,80,1,0
2026-02-04 15:18:17.815814,payment-gateway,HighMemory,info,grafana,memory,46.21,85,1,0
2026-02-04 15:23:17.815814,auth-service,HighMemory,info,grafana,memory,58.52,85,1,0
2026-02-04 15:28:17.815814,payment-gateway,DiskSpaceLow,info,logs,disk,55.98,90,3,0
2026-02-04 15:33:17.815814,payment-gateway,HighMemory,critical,grafana,memory,97.13,85,19,1
2026-02-04 15:38:17.815814,frontend-web,DiskSpaceLow,info,prometheus,disk,35.31,90,2,0
2026-02-04 15:43:17.815814,analytics-engine,DiskSpaceLow,info,grafana,disk,50.92,90,2,0
2026-02-04 15:48:17.815814,analytics-engine,DiskSpaceLow,info,prometheus,disk,30.1,90,3,0
2026-02-04 15:53:17.815814,analytics-engine,HighLatency,info,grafana,latency,72.99,300,2,0
2026-02-04 15:58:17.815814,auth-service,HighMemory,info,grafana,memory,44.45,85,1,0
2026-02-04 16:03:17.815814,auth-service,HighCPU,info,logs,cpu,59.03,80,2,0
2026-02-04 16:08:17.815814,inventory-db,HighMemory,info,grafana,memory,71.97,85,1,0
2026-02-04 16:13:17.815814,auth-service,DiskSpaceLow,info,grafana,disk,35.94,90,1,0
2026-02-04 16:18:17.815814,inventory-db,DiskSpaceLow,info,logs,disk,53.74,90,8,0
2026-02-04 16:23:17.815814,frontend-web,HighLatency,info,logs,latency,66.3,300,1,0
2026-02-04 16:28:17.815814,payment-gateway,HighLatency,info,prometheus,latency,65.79,300,1,0
2026-02-04 16:33:17.815814,analytics-engine,DiskSpaceLow,info,prometheus,disk,34.76,90,1,0
2026-02-04 16:38:17.815814,payment-gateway,HighCPU,info,prometheus,cpu,40.86,80,2,0
2026-02-04 16:43:17.815814,auth-service,HighMemory,info,logs,memory,43.54,85,1,0
2026-02-04 16:48:17.815814,payment-gateway,DiskSpaceLow,info,prometheus,disk,49.4,90,1,0
2026-02-04 16:53:17.815814,payment-gateway,HighMemory,info,grafana,memory,68.62,85,1,0
2026-02-04 16:58:17.815814,frontend-web,DiskSpaceLow,info,logs,disk,31.9,90,1,0
2026-02-04 17:03:17.815814,payment-gateway,DiskSpaceLow,info,grafana,disk,38.72,90,1,0
2026-02-04 17:08:17.815814,auth-service,HighCPU,info,logs,cpu,28.85,80,1,0
2026-02-04 17:13:17.815814,frontend-web,HighLatency,info,grafana,latency,122.37,300,1,0
2026-02-04 17:18:17.815814,auth-service,HighCPU,info,grafana,cpu,46.96,80,1,0
2026-02-04 17:23:17.815814,inventory-db,HighMemory,info,logs,memory,40.95,85,1,0
2026-02-04 17:28:17.815814,frontend-web,HighCPU,critical,prometheus,cpu,126.16,80,3,1
2026-02-04 17:33:17.815814,payment-gateway,DiskSpaceLow,info,grafana,disk,54.14,90,1,0
2026-02-04 17:38:17.815814,auth-service,HighMemory,info,logs,memory,47.12,85,1,0
2026-02-04 17:43:17.815814,payment-gateway,HighCPU,info,logs,cpu,55.92,80,2,0
2026-02-04 17:48:17.815814,auth-service,HighCPU,info,grafana,cpu,24.3,80,1,0
2026-02-04 17:53:17.815814,payment-gateway,HighLatency,info,logs,latency,123.67,300,3,0
2026-02-04 17:58:17.815814,analytics-engine,HighMemory,info,logs,memory,50.49,85,1,0
2026-02-04 18:03:17.815814,frontend-web,HighCPU,info,logs,cpu,49.72,80,2,0
2026-02-04 18:08:17.815814,inventory-db,DiskSpaceLow,info,grafana,disk,42.35,90,1,0
2026-02-04 18:13:17.815814,analytics-engine,DiskSpaceLow,info,prometheus,disk,45.88,90,1,0
2026-02-04 18:18:17.815814,inventory-db,HighCPU,info,logs,cpu,53.44,80,3,0
2026-02-04 18:23:17.815814,analytics-engine,HighCPU,info,logs,cpu,48.85,80,1,0
2026-02-04 18:28:17.815814,analytics-engine,ErrorRateSpike,info,logs,errors,0.0,5,1,0
2026-02-04 18:33:17.815814,payment-gateway,HighLatency,info,prometheus,latency,151.27,300,1,0
2026-02-04 18:38:17.815814,frontend-web,HighCPU,info,logs,cpu,56.53,80,1,0
2026-02-04 18:43:17.815814,inventory-db,HighLatency,info,grafana,latency,143.95,300,2,0
2026-02-04 18:48:17.815814,payment-gateway,HighMemory,info,logs,memory,56.06,85,1,0
2026-02-04 18:53:17.815814,payment-gateway,ErrorRateSpike,info,prometheus,errors,3.02,5,1,0
2026-02-04 18:58:17.815814,frontend-web,HighMemory,critical,grafana,memory,102.21,85,2,1
2026-02-04 19:03:17.815814,inventory-db,DiskSpaceLow,info,prometheus,disk,57.35,90,1,0
2026-02-04 19:08:17.815814,frontend-web,ErrorRateSpike,info,logs,errors,2.09,5,1,0
2026-02-04 19:13:17.815814,inventory-db,DiskSpaceLow,info,prometheus,disk,53.98,90,2,0
2026-02-04 19:18:17.815814,inventory-db,DiskSpaceLow,info,grafana,disk,52.97,90,1,0
2026-02-04 19:23:17.815814,payment-gateway,HighMemory,info,grafana,memory,46.47,85,1,0
2026-02-04 19:28:17.815814,frontend-web,HighMemory,info,grafana,memory,59.66,85,1,0
2026-02-04 19:33:17.815814,payment-gateway,ErrorRateSpike,info,grafana,errors,0.0,5,1,0
2026-02-04 19:38:17.815814,inventory-db,ErrorRateSpike,info,logs,errors,4.71,5,3,0
2026-02-04 19:43:17.815814,auth-service,HighMemory,info,grafana,memory,51.59,85,2,0
2026-02-04 19:48:17.815814,auth-service,DiskSpaceLow,info,prometheus,disk,54.6,90,1,0
2026-02-04 19:53:17.815814,analytics-engine,HighLatency,info,prometheus,latency,179.5,300,2,0
2026-02-04 19:58:17.815814,analytics-engine,HighCPU,info,logs,cpu,50.29,80,1,0
2026-02-04 20:03:17.815814,analytics-engine,ErrorRateSpike,info,logs,errors,4.86,5,1,0
2026-02-04 20:08:17.815814,payment-gateway,HighCPU,info,prometheus,cpu,27.12,80,1,0
2026-02-04 20:13:17.815814,payment-gateway,DiskSpaceLow,info,grafana,disk,47.16,90,1,0
2026-02-04 20:18:17.815814,analytics-engine,DiskSpaceLow,info,logs,disk,43.75,90,1,0
2026-02-04 20:23:17.815814,auth-service,HighLatency,warning,prometheus,latency,221.37,300,2,1
2026-02-04 20:28:17.815814,inventory-db,DiskSpaceLow,info,grafana,disk,56.66,90,1,0
2026-02-04 20:33:17.815814,auth-service,DiskSpaceLow,info,prometheus,disk,50.1,90,1,0
2026-02-04 20:38:17.815814,payment-gateway,HighLatency,info,prometheus,latency,73.65,300,1,0
2026-02-04 20:43:17.815814,auth-service,HighLatency,info,grafana,latency,142.99,300,1,0
2026-02-04 20:48:17.815814,inventory-db,HighMemory,info,prometheus,memory,39.8,85,1,0
2026-02-04 20:53:17.815814,auth-service,HighCPU,info,grafana,cpu,29.89,80,2,0
2026-02-04 20:58:17.815814,payment-gateway,DiskSpaceLow,info,grafana,disk,39.54,90,1,0
2026-02-04 21:03:17.815814,payment-gateway,DiskSpaceLow,critical,prometheus,disk,104.07,90,2,1
2026-02-04 21:08:17.815814,frontend-web,DiskSpaceLow,info,prometheus,disk,36.92,90,1,0
2026-02-04 21:13:17.815814,analytics-engine,HighCPU,info,logs,cpu,46.57,80,1,0
2026-02-04 21:18:17.815814,frontend-web,HighMemory,info,logs,memory,56.53,85,1,0
2026-02-04 21:23:17.815814,payment-gateway,ErrorRateSpike,info,logs,errors,0.0,5,1,0
2026-02-04 21:28:17.815814,auth-service,HighLatency,info,grafana,latency,176.44,300,3,0
2026-02-04 21:33:17.815814,inventory-db,HighMemory,info,grafana,memory,56.72,85,3,0
2026-02-04 21:38:17.815814,auth-service,HighMemory,info,grafana,memory,68.41,85,1,0
2026-02-04 21:43:17.815814,auth-service,DiskSpaceLow,info,logs,disk,55.35,90,1,0
2026-02-04 21:48:17.815814,frontend-web,ErrorRateSpike,info,grafana,errors,4.72,5,1,0
2026-02-04 21:53:17.815814,inventory-db,ErrorRateSpike,info,logs,errors,0.0,5,1,0
2026-02-04 21:58:17.815814,frontend-web,HighMemory,info,prometheus,memory,63.62,85,1,0
2026-02-04 22:03:17.815814,payment-gateway,HighMemory,info,grafana,memory,59.39,85,9,0
2026-02-04 22:08:17.815814,payment-gateway,HighCPU,info,grafana,cpu,47.81,80,1,0
2026-02-04 22:13:17.815814,inventory-db,HighLatency,info,grafana,latency,128.93,300,1,0
2026-02-04 22:18:17.815814,inventory-db,ErrorRateSpike,info,grafana,errors,0.0,5,1,0
2026-02-04 22:23:17.815814,frontend-web,HighCPU,info,grafana,cpu,35.91,80,1,0
2026-02-04 22:28:17.815814,auth-service,HighCPU,info,prometheus,cpu,55.85,80,1,0
2026-02-04 22:33:17.815814,inventory-db,HighLatency,info,logs,latency,167.69,300,2,0
2026-02-04 22:38:17.815814,inventory-db,HighMemory,info,prometheus,memory,47.79,85,1,0
2026-02-04 22:43:17.815814,auth-service,HighCPU,info,grafana,cpu,21.71,80,1,0
2026-02-04 22:48:17.815814,auth-service,HighMemory,info,logs,memory,45.02,85,3,0
2026-02-04 22:53:17.815814,auth-service,DiskSpaceLow,info,grafana,disk,41.22,90,1,0
2026-02-04 22:58:17.815814,analytics-engine,HighMemory,info,prometheus,memory,43.01,85,2,0
2026-02-04 23:03:17.815814,payment-gateway,ErrorRateSpike,warning,prometheus,errors,5.33,5,1,0
2026-02-04 23:08:17.815814,frontend-web,HighCPU,info,grafana,cpu,39.69,80,1,0
2026-02-04 23:13:17.815814,auth-service,DiskSpaceLow,info,logs,disk,42.67,90,2,0
2026-02-04 23:18:17.815814,inventory-db,DiskSpaceLow,info,grafana,disk,56.46,90,1,0
2026-02-04 23:23:17.815814,inventory-db,HighMemory,info,grafana,memory,63.4,85,1,0
2026-02-04 23:28:17.815814,analytics-engine,ErrorRateSpike,info,grafana,errors,2.88,5,1,0
2026-02-04 23:33:17.815814,inventory-db,ErrorRateSpike,info,logs,errors,0.0,5,2,0
2026-02-04 23:38:17.815814,frontend-web,HighLatency,info,grafana,latency,89.14,300,1,0
2026-02-04 23:43:17.815814,auth-service,HighCPU,info,grafana,cpu,41.53,80,2,0
2026-02-04 23:48:17.815814,analytics-engine,HighCPU,info,grafana,cpu,20.83,80,1,0
2026-02-04 23:53:17.815814,analytics-engine,HighLatency,info,grafana,latency,86.84,300,2,0
2026-02-04 23:58:17.815814,auth-service,ErrorRateSpike,warning,logs,errors,3.84,5,27,1
2026-02-05 00:03:17.815814,frontend-web,DiskSpaceLow,info,logs,disk,56.29,90,1,0
2026-02-05 00:08:17.815814,auth-service,HighCPU,info,prometheus,cpu,64.05,80,2,0
2026-02-05 00:13:17.815814,payment-gateway,ErrorRateSpike,warning,logs,errors,5.59,5,2,0
2026-02-05 00:18:17.815814,auth-service,DiskSpaceLow,info,logs,disk,36.24,90,2,0
2026-02-05 00:23:17.815814,analytics-engine,HighLatency,info,grafana,latency,159.16,300,1,0
2026-02-05 00:28:17.815814,analytics-engine,DiskSpaceLow,info,prometheus,disk,37.07,90,1,0
2026-02-05 00:33:17.815814,payment-gateway,DiskSpaceLow,critical,prometheus,disk,130.66,90,1,1
2026-02-05 00:38:17.815814,payment-gateway,HighCPU,info,grafana,cpu,51.37,80,1,0
2026-02-05 00:43:17.815814,auth-service,HighMemory,info,logs,memory,70.3,85,1,0
2026-02-05 00:48:17.815814,analytics-engine,HighLatency,info,prometheus,latency,64.15,300,1,0
2026-02-05 00:53:17.815814,analytics-engine,DiskSpaceLow,info,logs,disk,41.09,90,1,0
2026-02-05 00:58:17.815814,auth-service,HighMemory,info,prometheus,memory,65.4,85,1,0
2026-02-05 01:03:17.815814,analytics-engine,DiskSpaceLow,info,grafana,disk,38.06,90,3,0
2026-02-05 01:08:17.815814,analytics-engine,HighLatency,info,prometheus,latency,125.74,300,1,0
2026-02-05 01:13:17.815814,payment-gateway,HighCPU,info,grafana,cpu,19.69,80,1,0
2026-02-05 01:18:17.815814,analytics-engine,ErrorRateSpike,info,prometheus,errors,4.74,5,1,0
2026-02-05 01:23:17.815814,auth-service,HighLatency,info,logs,latency,105.67,300,1,0
2026-02-05 01:28:17.815814,inventory-db,HighMemory,info,logs,memory,64.29,85,2,0
2026-02-05 01:33:17.815814,analytics-engine,ErrorRateSpike,info,prometheus,errors,0.65,5,1,0
2026-02-05 01:38:17.815814,auth-service,HighCPU,critical,prometheus,cpu,85.51,80,7,1
2026-02-05 01:43:17.815814,frontend-web,DiskSpaceLow,info,prometheus,disk,64.58,90,1,0
2026-02-05 01:48:17.815814,analytics-engine,HighLatency,info,prometheus,latency,115.22,300,1,0
2026-02-05 01:53:17.815814,analytics-engine,HighCPU,info,logs,cpu,42.85,80,1,0
2026-02-05 01:58:17.815814,auth-service,ErrorRateSpike,warning,prometheus,errors,6.42,5,2,0
2026-02-05 02:03:17.815814,payment-gateway,ErrorRateSpike,warning,prometheus,errors,5.11,5,1,0
2026-02-05 02:08:17.815814,analytics-engine,ErrorRateSpike,info,grafana,errors,0.0,5,4,0
2026-02-05 02:13:17.815814,frontend-web,HighMemory,info,grafana,memory,54.32,85,1,0
2026-02-05 02:18:17.815814,analytics-engine,ErrorRateSpike,info,grafana,errors,3.03,5,2,0
2026-02-05 02:23:17.815814,inventory-db,DiskSpaceLow,info,grafana,disk,43.18,90,1,0
2026-02-05 02:28:17.815814,inventory-db,DiskSpaceLow,info,logs,disk,44.98,90,2,0
2026-02-05 02:33:17.815814,frontend-web,ErrorRateSpike,info,logs,errors,0.0,5,1,0
2026-02-05 02:38:17.815814,payment-gateway,DiskSpaceLow,info,prometheus,disk,46.42,90,1,0
2026-02-05 02:43:17.815814,inventory-db,HighLatency,info,prometheus,latency,70.91,300,1,0
2026-02-05 02:48:17.815814,frontend-web,ErrorRateSpike,info,grafana,errors,4.25,5,1,0
2026-02-05 02:53:17.815814,auth-service,ErrorRateSpike,info,prometheus,errors,1.22,5,2,0
2026-02-05 02:58:17.815814,payment-gateway,HighLatency,critical,logs,latency,453.63,300,6,1
2026-02-05 03:03:17.815814,inventory-db,ErrorRateSpike,info,grafana,errors,4.41,5,3,0
2026-02-05 03:08:17.815814,frontend-web,HighCPU,info,grafana,cpu,25.07,80,5,0
2026-02-05 03:13:17.815814,auth-service,HighLatency,info,prometheus,latency,47.52,300,1,0
2026-02-05 03:18:17.815814,auth-service,DiskSpaceLow,info,logs,disk,57.34,90,1,0
2026-02-05 03:23:17.815814,frontend-web,HighLatency,info,grafana,latency,86.67,300,1,0
2026-02-05 03:28:17.815814,frontend-web,ErrorRateSpike,info,logs,errors,2.54,5,3,0
2026-02-05 03:33:17.815814,inventory-db,HighMemory,info,grafana,memory,60.46,85,1,0
2026-02-05 03:38:17.815814,frontend-web,DiskSpaceLow,info,prometheus,disk,48.76,90,2,0
2026-02-05 03:43:17.815814,analytics-engine,HighLatency,info,grafana,latency,73.19,300,1,0
2026-02-05 03:48:17.815814,analytics-engine,DiskSpaceLow,info,logs,disk,39.89,90,2,0
2026-02-05 03:53:17.815814,analytics-engine,HighMemory,info,prometheus,memory,40.86,85,2,0
2026-02-05 03:58:17.815814,inventory-db,HighCPU,info,prometheus,cpu,27.68,80,1,0
2026-02-05 04:03:17.815814,frontend-web,HighCPU,info,grafana,cpu,33.85,80,1,0
2026-02-05 04:08:17.815814,analytics-engine,ErrorRateSpike,info,logs,errors,0.0,5,1,0
2026-02-05 04:13:17.815814,analytics-engine,DiskSpaceLow,info,prometheus,disk,42.06,90,1,0
2026-02-05 04:18:17.815814,inventory-db,HighMemory,info,prometheus,memory,63.4,85,2,0
2026-02-05 04:23:17.815814,auth-service,HighMemory,critical,grafana,memory,140.02,85,3,1
2026-02-05 04:28:17.815814,inventory-db,HighMemory,info,grafana,memory,51.58,85,1,0
2026-02-05 04:33:17.815814,auth-service,HighLatency,info,grafana,latency,168.48,300,3,0
2026-02-05 04:38:17.815814,payment-gateway,HighMemory,info,logs,memory,73.45,85,1,0
2026-02-05 04:43:17.815814,payment-gateway,HighMemory,info,logs,memory,59.13,85,3,0
2026-02-05 04:48:17.815814,payment-gateway,HighCPU,info,prometheus,cpu,51.18,80,1,0
2026-02-05 04:53:17.815814,frontend-web,ErrorRateSpike,info,grafana,errors,4.71,5,2,0
2026-02-05 04:58:17.815814,analytics-engine,DiskSpaceLow,warning,prometheus,disk,59.74,90,42,1
2026-02-05 05:03:17.815814,analytics-engine,DiskSpaceLow,info,grafana,disk,38.37,90,1,0
2026-02-05 05:08:17.815814,frontend-web,ErrorRateSpike,info,grafana,errors,0.0,5,1,0
2026-02-05 05:13:17.815814,analytics-engine,ErrorRateSpike,info,logs,errors,0.0,5,2,0
2026-02-05 05:18:17.815814,inventory-db,ErrorRateSpike,info,prometheus,errors,0.0,5,1,0
2026-02-05 05:23:17.815814,analytics-engine,HighMemory,info,logs,memory,50.62,85,1,0
2026-02-05 05:28:17.815814,analytics-engine,DiskSpaceLow,warning,prometheus,disk,88.94,90,1,1
2026-02-05 05:33:17.815814,auth-service,DiskSpaceLow,info,grafana,disk,54.5,90,1,0
2026-02-05 05:38:17.815814,analytics-engine,HighMemory,info,logs,memory,63.92,85,2,0
2026-02-05 05:43:17.815814,payment-gateway,ErrorRateSpike,info,prometheus,errors,1.97,5,1,0
2026-02-05 05:48:17.815814,analytics-engine,ErrorRateSpike,warning,logs,errors,5.15,5,1,0
2026-02-05 05:53:17.815814,payment-gateway,HighLatency,critical,grafana,latency,375.44,300,32,1
2026-02-05 05:58:17.815814,inventory-db,HighMemory,info,logs,memory,51.76,85,2,0
2026-02-05 06:03:17.815814,frontend-web,HighLatency,warning,grafana,latency,156.1,300,18,1
2026-02-05 06:08:17.815814,analytics-engine,DiskSpaceLow,info,prometheus,disk,55.6,90,1,0
2026-02-05 06:13:17.815814,inventory-db,DiskSpaceLow,info,grafana,disk,40.19,90,1,0
2026-02-05 06:18:17.815814,payment-gateway,HighLatency,info,prometheus,latency,190.64,300,1,0
2026-02-05 06:23:17.815814,frontend-web,DiskSpaceLow,critical,prometheus,disk,105.3,90,1,1
2026-02-05 06:28:17.815814,inventory-db,ErrorRateSpike,info,logs,errors,0.0,5,1,0
2026-02-05 06:33:17.815814,inventory-db,DiskSpaceLow,critical,logs,disk,104.61,90,1,1
2026-02-05 06:38:17.815814,auth-service,DiskSpaceLow,info,prometheus,disk,35.68,90,1,0
2026-02-05 06:43:17.815814,payment-gateway,HighCPU,info,logs,cpu,60.09,80,3,0
2026-02-05 06:48:17.815814,inventory-db,HighMemory,info,grafana,memory,61.49,85,2,0
2026-02-05 06:53:17.815814,auth-service,HighLatency,info,prometheus,latency,154.7,300,2,0
2026-02-05 06:58:17.815814,inventory-db,HighLatency,critical,grafana,latency,314.8,300,35,1
2026-02-05 07:03:17.815814,frontend-web,HighMemory,info,logs,memory,45.14,85,1,0
2026-02-05 07:08:17.815814,inventory-db,HighMemory,info,logs,memory,70.17,85,3,0
2026-02-05 07:13:17.815814,auth-service,ErrorRateSpike,info,logs,errors,0.0,5,1,0
2026-02-05 07:18:17.815814,frontend-web,ErrorRateSpike,info,grafana,errors,0.0,5,1,0
2026-02-05 07:23:17.815814,auth-service,ErrorRateSpike,warning,prometheus,errors,5.1,5,1,0
2026-02-05 07:28:17.815814,payment-gateway,HighLatency,warning,prometheus,latency,99.53,300,1,1
2026-02-05 07:33:17.815814,auth-service,HighMemory,info,prometheus,memory,58.16,85,4,0
2026-02-05 07:38:17.815814,auth-service,ErrorRateSpike,info,logs,errors,0.85,5,1,0
2026-02-05 07:43:17.815814,analytics-engine,HighMemory,info,prometheus,memory,66.77,85,1,0
2026-02-05 07:48:17.815814,payment-gateway,ErrorRateSpike,info,prometheus,errors,2.02,5,1,0
2026-02-05 07:53:17.815814,frontend-web,HighCPU,info,grafana,cpu,26.01,80,1,0
2026-02-05 07:58:17.815814,auth-service,HighMemory,info,prometheus,memory,58.65,85,3,0
2026-02-05 08:03:17.815814,frontend-web,DiskSpaceLow,info,grafana,disk,44.26,90,1,0
2026-02-05 08:08:17.815814,payment-gateway,HighCPU,info,logs,cpu,57.2,80,1,0
2026-02-05 08:13:17.815814,analytics-engine,DiskSpaceLow,info,grafana,disk,44.07,90,3,0
2026-02-05 08:18:17.815814,inventory-db,ErrorRateSpike,info,logs,errors,0.0,5,2,0
2026-02-05 08:23:17.815814,payment-gateway,HighMemory,info,logs,memory,69.88,85,1,0
2026-02-05 08:28:17.815814,frontend-web,HighMemory,info,logs,memory,50.47,85,2,0
2026-02-05 08:33:17.815814,frontend-web,HighMemory,info,prometheus,memory,64.97,85,2,0
2026-02-05 08:38:17.815814,analytics-engine,HighMemory,info,prometheus,memory,61.43,85,1,0
2026-02-05 08:43:17.815814,payment-gateway,HighCPU,info,grafana,cpu,45.31,80,1,0
2026-02-05 08:48:17.815814,inventory-db,DiskSpaceLow,info,logs,disk,42.54,90,2,0
2026-02-05 08:53:17.815814,auth-service,ErrorRateSpike,info,grafana,errors,1.36,5,3,0
2026-02-05 08:58:17.815814,frontend-web,HighLatency,info,logs,latency,142.16,300,3,0
2026-02-05 09:03:17.815814,auth-service,DiskSpaceLow,info,prometheus,disk,45.27,90,1,0
2026-02-05 09:08:17.815814,payment-gateway,DiskSpaceLow,info,grafana,disk,43.68,90,5,0
2026-02-05 09:13:17.815814,frontend-web,HighLatency,info,grafana,latency,185.39,300,1,0
2026-02-05 09:18:17.815814,analytics-engine,HighLatency,info,prometheus,latency,57.7,300,2,0
2026-02-05 09:23:17.815814,payment-gateway,HighLatency,info,grafana,latency,179.28,300,2,0
2026-02-05 09:28:17.815814,frontend-web,HighCPU,info,prometheus,cpu,31.13,80,1,0
2026-02-05 09:33:17.815814,payment-gateway,DiskSpaceLow,info,prometheus,disk,41.13,90,1,0
2026-02-05 09:38:17.815814,analytics-engine,DiskSpaceLow,info,grafana,disk,55.95,90,1,0
2026-02-05 09:43:17.815814,payment-gateway,HighLatency,warning,grafana,latency,210.09,300,2,1
2026-02-05 09:48:17.815814,payment-gateway,DiskSpaceLow,info,prometheus,disk,47.65,90,1,0
2026-02-05 09:53:17.815814,analytics-engine,DiskSpaceLow,info,prometheus,disk,37.95,90,1,0
2026-02-05 09:58:17.815814,payment-gateway,HighMemory,info,grafana,memory,64.49,85,1,0
2026-02-05 10:03:17.815814,auth-service,HighMemory,info,prometheus,memory,47.78,85,1,0
2026-02-05 10:08:17.815814,inventory-db,DiskSpaceLow,info,prometheus,disk,42.99,90,3,0
2026-02-05 10:13:17.815814,analytics-engine,HighLatency,info,logs,latency,160.68,300,3,0
2026-02-05 10:18:17.815814,analytics-engine,HighCPU,info,grafana,cpu,38.05,80,2,0
2026-02-05 10:23:17.815814,inventory-db,ErrorRateSpike,warning,grafana,errors,5.41,5,1,0
2026-02-05 10:28:17.815814,payment-gateway,HighMemory,info,prometheus,memory,51.9,85,4,0
2026-02-05 10:33:17.815814,auth-service,HighLatency,info,prometheus,latency,92.19,300,1,0
2026-02-05 10:38:17.815814,inventory-db,HighLatency,info,logs,latency,60.1,300,6,0
2026-02-05 10:43:17.815814,frontend-web,HighLatency,info,grafana,latency,108.35,300,1,0
2026-02-05 10:48:17.815814,frontend-web,HighLatency,info,grafana,latency,59.49,300,1,0
2026-02-05 10:53:17.815814,auth-service,HighCPU,info,grafana,cpu,32.36,80,6,0
2026-02-05 10:58:17.815814,inventory-db,HighLatency,info,prometheus,latency,85.26,300,2,0
2026-02-05 11:03:17.815814,inventory-db,HighMemory,info,prometheus,memory,45.47,85,1,0
2026-02-05 11:08:17.815814,auth-service,DiskSpaceLow,info,logs,disk,42.05,90,4,0
2026-02-05 11:13:17.815814,payment-gateway,HighMemory,info,grafana,memory,72.39,85,2,0
2026-02-05 11:18:17.815814,inventory-db,HighLatency,info,logs,latency,74.82,300,1,0
2026-02-05 11:23:17.815814,auth-service,HighCPU,info,grafana,cpu,45.84,80,1,0
2026-02-05 11:28:17.815814,inventory-db,HighCPU,info,prometheus,cpu,22.18,80,3,0
2026-02-05 11:33:17.815814,inventory-db,HighLatency,info,prometheus,latency,143.05,300,1,0
2026-02-05 11:38:17.815814,analytics-engine,HighMemory,info,logs,memory,66.56,85,3,0
2026-02-05 11:43:17.815814,payment-gateway,HighCPU,critical,prometheus,cpu,86.6,80,46,1
2026-02-05 11:48:17.815814,auth-service,HighLatency,info,grafana,latency,115.65,300,1,0
2026-02-05 11:53:17.815814,analytics-engine,HighLatency,info,logs,latency,179.84,300,1,0
2026-02-05 11:58:17.815814,analytics-engine,DiskSpaceLow,info,logs,disk,55.78,90,3,0
2026-02-05 12:03:17.815814,payment-gateway,ErrorRateSpike,warning,logs,errors,6.68,5,1,0
2026-02-05 12:08:17.815814,frontend-web,HighCPU,info,logs,cpu,22.04,80,1,0
2026-02-05 12:13:17.815814,frontend-web,HighMemory,info,logs,memory,61.91,85,1,0
2026-02-05 12:18:17.815814,analytics-engine,ErrorRateSpike,info,logs,errors,3.09,5,3,0
2026-02-05 12:23:17.815814,auth-service,DiskSpaceLow,info,logs,disk,41.1,90,4,0
2026-02-05 12:28:17.815814,frontend-web,DiskSpaceLow,info,prometheus,disk,42.38,90,1,0
2026-02-05 12:33:17.815814,inventory-db,ErrorRateSpike,info,grafana,errors,4.38,5,4,0
2026-02-05 12:38:17.815814,inventory-db,HighCPU,info,grafana,cpu,47.2,80,1,0
2026-02-05 12:43:17.815814,auth-service,ErrorRateSpike,info,prometheus,errors,0.5,5,3,0
2026-02-05 12:48:17.815814,inventory-db,HighCPU,info,logs,cpu,48.23,80,3,0
2026-02-05 12:53:17.815814,payment-gateway,HighLatency,info,grafana,latency,91.07,300,3,0
2026-02-05 12:58:17.815814,payment-gateway,DiskSpaceLow,info,logs,disk,48.59,90,2,0
2026-02-05 13:03:17.815814,auth-service,DiskSpaceLow,critical,prometheus,disk,133.11,90,46,1
2026-02-05 13:08:17.815814,inventory-db,DiskSpaceLow,info,prometheus,disk,50.38,90,1,0
2026-02-05 13:13:17.815814,auth-service,ErrorRateSpike,info,prometheus,errors,0.0,5,1,0
2026-02-05 13:18:17.815814,frontend-web,HighCPU,info,grafana,cpu,51.93,80,1,0
2026-02-05 13:23:17.815814,frontend-web,DiskSpaceLow,info,logs,disk,37.26,90,4,0
2026-02-05 13:28:17.815814,frontend-web,DiskSpaceLow,info,prometheus,disk,36.0,90,1,0
2026-02-05 13:33:17.815814,frontend-web,DiskSpaceLow,info,logs,disk,56.95,90,2,0
2026-02-05 13:38:17.815814,analytics-engine,DiskSpaceLow,info,grafana,disk,41.0,90,1,0
2026-02-05 13:43:17.815814,inventory-db,HighMemory,info,logs,memory,43.02,85,1,0
2026-02-05 13:48:17.815814,frontend-web,DiskSpaceLow,info,grafana,disk,43.23,90,1,0
2026-02-05 13:53:17.815814,analytics-engine,HighCPU,info,logs,cpu,50.02,80,1,0
2026-02-05 13:58:17.815814,inventory-db,HighMemory,critical,logs,memory,130.53,85,1,1
2026-02-05 14:03:17.815814,frontend-web,ErrorRateSpike,warning,prometheus,errors,2.7,5,2,1
2026-02-05 14:08:17.815814,auth-service,HighCPU,info,grafana,cpu,58.24,80,1,0
2026-02-05 14:13:17.815814,inventory-db,DiskSpaceLow,info,logs,disk,45.96,90,1,0
2026-02-05 14:18:17.815814,frontend-web,DiskSpaceLow,info,grafana,disk,35.36,90,1,0
2026-02-05 14:23:17.815814,analytics-engine,HighMemory,info,prometheus,memory,63.72,85,1,0
2026-02-05 14:28:17.815814,frontend-web,HighCPU,info,logs,cpu,46.56,80,3,0
2026-02-05 14:33:17.815814,payment-gateway,HighLatency,info,grafana,latency,197.41,300,2,0
2026-02-05 14:38:17.815814,analytics-engine,HighLatency,info,prometheus,latency,191.7,300,1,0
2026-02-05 14:43:17.815814,frontend-web,HighMemory,info,logs,memory,56.57,85,1,0
2026-02-05 14:48:17.815814,auth-service,HighLatency,info,grafana,latency,195.46,300,1,0
2026-02-05 14:53:17.815814,auth-service,HighMemory,info,grafana,memory,55.94,85,2,0
2026-02-05 14:58:17.815814,payment-gateway,ErrorRateSpike,info,logs,errors,3.19,5,2,0
2026-02-05 15:03:17.815814,auth-service,HighLatency,info,logs,latency,154.57,300,1,0
2026-02-05 15:08:17.815814,auth-service,HighLatency,info,grafana,latency,99.86,300,1,0
2026-02-05 15:13:17.815814,auth-service,HighCPU,info,logs,cpu,53.79,80,1,0
2026-02-05 15:18:17.815814,inventory-db,ErrorRateSpike,info,grafana,errors,3.87,5,1,0
2026-02-05 15:23:17.815814,analytics-engine,ErrorRateSpike,info,prometheus,errors,2.12,5,3,0
2026-02-05 15:28:17.815814,auth-service,HighCPU,info,logs,cpu,53.4,80,1,0
2026-02-05 15:33:17.815814,frontend-web,HighMemory,info,prometheus,memory,55.14,85,1,0
2026-02-05 15:38:17.815814,payment-gateway,HighLatency,info,logs,latency,66.4,300,1,0
2026-02-05 15:43:17.815814,payment-gateway,HighCPU,info,logs,cpu,61.95,80,1,0
2026-02-05 15:48:17.815814,inventory-db,DiskSpaceLow,info,prometheus,disk,27.97,90,1,0
2026-02-05 15:53:17.815814,payment-gateway,DiskSpaceLow,info,grafana,disk,58.91,90,1,0
2026-02-05 15:58:17.815814,payment-gateway,HighMemory,info,logs,memory,49.99,85,2,0
2026-02-05 16:03:17.815814,payment-gateway,HighLatency,info,prometheus,latency,58.6,300,2,0
2026-02-05 16:08:17.815814,auth-service,ErrorRateSpike,info,grafana,errors,0.0,5,2,0
2026-02-05 16:13:17.815814,auth-service,ErrorRateSpike,info,grafana,errors,0.0,5,3,0
2026-02-05 16:18:17.815814,frontend-web,DiskSpaceLow,info,logs,disk,50.47,90,1,0
2026-02-05 16:23:17.815814,frontend-web,HighLatency,info,prometheus,latency,48.76,300,2,0
2026-02-05 16:28:17.815814,analytics-engine,HighMemory,info,grafana,memory,46.85,85,3,0
2026-02-05 16:33:17.815814,analytics-engine,HighLatency,info,logs,latency,191.05,300,2,0
2026-02-05 16:38:17.815814,frontend-web,HighCPU,info,grafana,cpu,52.69,80,3,0
2026-02-05 16:43:17.815814,inventory-db,HighMemory,info,grafana,memory,59.49,85,2,0
2026-02-05 16:48:17.815814,frontend-web,ErrorRateSpike,info,logs,errors,0.91,5,1,0
2026-02-05 16:53:17.815814,payment-gateway,HighCPU,info,grafana,cpu,25.55,80,3,0
2026-02-05 16:58:17.815814,payment-gateway,DiskSpaceLow,info,prometheus,disk,53.65,90,4,0
2026-02-05 17:03:17.815814,analytics-engine,HighLatency,info,logs,latency,120.87,300,1,0
2026-02-05 17:08:17.815814,auth-service,HighMemory,info,logs,memory,49.21,85,1,0
2026-02-05 17:13:17.815814,payment-gateway,HighMemory,info,logs,memory,59.1,85,2,0
2026-02-05 17:18:17.815814,frontend-web,DiskSpaceLow,info,prometheus,disk,62.78,90,1,0
2026-02-05 17:23:17.815814,payment-gateway,HighMemory,info,logs,memory,50.44,85,1,0
2026-02-05 17:28:17.815814,inventory-db,ErrorRateSpike,info,grafana,errors,0.0,5,1,0
2026-02-05 17:33:17.815814,auth-service,HighCPU,info,logs,cpu,51.5,80,2,0
2026-02-05 17:38:17.815814,payment-gateway,ErrorRateSpike,info,grafana,errors,0.0,5,1,0
2026-02-05 17:43:17.815814,auth-service,HighMemory,info,logs,memory,60.28,85,1,0
2026-02-05 17:48:17.815814,auth-service,HighLatency,info,prometheus,latency,77.32,300,1,0
2026-02-05 17:53:17.815814,payment-gateway,DiskSpaceLow,info,logs,disk,42.54,90,2,0
2026-02-05 17:58:17.815814,auth-service,HighMemory,info,grafana,memory,70.13,85,1,0
2026-02-05 18:03:17.815814,frontend-web,HighMemory,info,grafana,memory,40.73,85,1,0
2026-02-05 18:08:17.815814,payment-gateway,ErrorRateSpike,info,logs,errors,0.0,5,1,0
2026-02-05 18:13:17.815814,frontend-web,ErrorRateSpike,info,logs,errors,2.31,5,1,0
2026-02-05 18:18:17.815814,payment-gateway,HighLatency,info,prometheus,latency,177.59,300,2,0
2026-02-05 18:23:17.815814,auth-service,HighMemory,info,grafana,memory,58.63,85,2,0
2026-02-05 18:28:17.815814,auth-service,HighCPU,info,logs,cpu,20.22,80,2,0
2026-02-05 18:33:17.815814,frontend-web,HighLatency,info,grafana,latency,64.04,300,1,0
2026-02-05 18:38:17.815814,analytics-engine,HighLatency,info,grafana,latency,90.52,300,2,0
2026-02-05 18:43:17.815814,auth-service,HighLatency,info,logs,latency,136.63,300,1,0
2026-02-05 18:48:17.815814,inventory-db,DiskSpaceLow,info,logs,disk,46.41,90,2,0
2026-02-05 18:53:17.815814,inventory-db,DiskSpaceLow,info,prometheus,disk,53.77,90,2,0
2026-02-05 18:58:17.815814,frontend-web,HighMemory,info,logs,memory,64.7,85,2,0
2026-02-05 19:03:17.815814,payment-gateway,DiskSpaceLow,info,prometheus,disk,52.35,90,1,0
2026-02-05 19:08:17.815814,frontend-web,HighLatency,info,prometheus,latency,138.09,300,2,0
2026-02-05 19:13:17.815814,auth-service,ErrorRateSpike,info,grafana,errors,0.0,5,1,0
2026-02-05 19:18:17.815814,auth-service,HighLatency,info,prometheus,latency,51.43,300,1,0
2026-02-05 19:23:17.815814,auth-service,HighMemory,info,logs,memory,60.35,85,1,0
2026-02-05 19:28:17.815814,analytics-engine,HighMemory,info,grafana,memory,59.12,85,1,0
2026-02-05 19:33:17.815814,inventory-db,ErrorRateSpike,info,grafana,errors,4.22,5,2,0
2026-02-05 19:38:17.815814,payment-gateway,DiskSpaceLow,info,prometheus,disk,48.02,90,1,0
2026-02-05 19:43:17.815814,payment-gateway,HighLatency,info,grafana,latency,84.21,300,1,0
2026-02-05 19:48:17.815814,analytics-engine,DiskSpaceLow,info,prometheus,disk,33.53,90,2,0
2026-02-05 19:53:17.815814,frontend-web,HighCPU,info,prometheus,cpu,16.49,80,1,0
2026-02-05 19:58:17.815814,analytics-engine,ErrorRateSpike,info,logs,errors,4.86,5,2,0
2026-02-05 20:03:17.815814,inventory-db,DiskSpaceLow,info,prometheus,disk,35.64,90,3,0
2026-02-05 20:08:17.815814,analytics-engine,HighMemory,info,logs,memory,70.39,85,1,0
2026-02-05 20:13:17.815814,inventory-db,HighLatency,info,logs,latency,128.94,300,3,0
2026-02-05 20:18:17.815814,payment-gateway,HighLatency,info,grafana,latency,161.46,300,1,0
2026-02-05 20:23:17.815814,analytics-engine,HighLatency,info,logs,latency,71.77,300,1,0
2026-02-05 20:28:17.815814,auth-service,HighCPU,critical,prometheus,cpu,90.81,80,35,1
2026-02-05 20:33:17.815814,payment-gateway,HighMemory,info,prometheus,memory,50.88,85,3,0
2026-02-05 20:38:17.815814,analytics-engine,HighCPU,info,prometheus,cpu,45.76,80,1,0
2026-02-05 20:43:17.815814,auth-service,ErrorRateSpike,info,logs,errors,1.01,5,1,0
2026-02-05 20:48:17.815814,analytics-engine,HighCPU,info,logs,cpu,23.36,80,1,0
2026-02-05 20:53:17.815814,inventory-db,HighLatency,info,grafana,latency,121.96,300,1,0
2026-02-05 20:58:17.815814,frontend-web,HighMemory,info,logs,memory,46.82,85,1,0
2026-02-05 21:03:17.815814,frontend-web,DiskSpaceLow,info,grafana,disk,41.48,90,1,0
2026-02-05 21:08:17.815814,inventory-db,HighLatency,info,prometheus,latency,157.96,300,2,0
2026-02-05 21:13:17.815814,inventory-db,DiskSpaceLow,info,grafana,disk,54.96,90,2,0
2026-02-05 21:18:17.815814,frontend-web,HighLatency,info,grafana,latency,144.94,300,4,0
2026-02-05 21:23:17.815814,frontend-web,HighMemory,info,prometheus,memory,50.02,85,2,0
2026-02-05 21:28:17.815814,analytics-engine,ErrorRateSpike,info,grafana,errors,0.2,5,1,0
2026-02-05 21:33:17.815814,analytics-engine,ErrorRateSpike,info,grafana,errors,1.14,5,1,0
2026-02-05 21:38:17.815814,auth-service,HighCPU,info,grafana,cpu,57.32,80,1,0
2026-02-05 21:43:17.815814,auth-service,ErrorRateSpike,critical,grafana,errors,5.83,5,2,1
2026-02-05 21:48:17.815814,inventory-db,DiskSpaceLow,info,grafana,disk,53.67,90,1,0
2026-02-05 21:53:17.815814,auth-service,HighMemory,info,grafana,memory,51.91,85,1,0
2026-02-05 21:58:17.815814,frontend-web,HighMemory,info,logs,memory,44.36,85,2,0
2026-02-05 22:03:17.815814,analytics-engine,HighMemory,info,grafana,memory,58.25,85,5,0
2026-02-05 22:08:17.815814,auth-service,HighLatency,info,logs,latency,125.13,300,1,0
2026-02-05 22:13:17.815814,analytics-engine,ErrorRateSpike,info,grafana,errors,0.0,5,1,0
2026-02-05 22:18:17.815814,frontend-web,HighLatency,info,logs,latency,181.6,300,2,0
2026-02-05 22:23:17.815814,analytics-engine,HighLatency,info,grafana,latency,58.21,300,1,0
2026-02-05 22:28:17.815814,payment-gateway,HighLatency,info,logs,latency,185.66,300,1,0
2026-02-05 22:33:17.815814,auth-service,ErrorRateSpike,info,logs,errors,0.0,5,2,0
2026-02-05 22:38:17.815814,inventory-db,DiskSpaceLow,info,prometheus,disk,36.79,90,1,0
2026-02-05 22:43:17.815814,auth-service,HighCPU,info,grafana,cpu,40.56,80,1,0
2026-02-05 22:48:17.815814,payment-gateway,ErrorRateSpike,info,prometheus,errors,0.37,5,2,0
2026-02-05 22:53:17.815814,auth-service,ErrorRateSpike,info,logs,errors,0.95,5,1,0
2026-02-05 22:58:17.815814,inventory-db,ErrorRateSpike,info,prometheus,errors,0.0,5,1,0
2026-02-05 23:03:17.815814,auth-service,HighLatency,info,grafana,latency,87.59,300,1,0
2026-02-05 23:08:17.815814,frontend-web,HighMemory,info,grafana,memory,52.99,85,1,0
2026-02-05 23:13:17.815814,frontend-web,HighCPU,warning,prometheus,cpu,54.96,80,1,1
2026-02-05 23:18:17.815814,inventory-db,HighLatency,info,prometheus,latency,169.76,300,1,0
2026-02-05 23:23:17.815814,payment-gateway,HighMemory,info,grafana,memory,38.95,85,2,0
2026-02-05 23:28:17.815814,inventory-db,HighCPU,info,prometheus,cpu,61.21,80,2,0
2026-02-05 23:33:17.815814,inventory-db,DiskSpaceLow,info,grafana,disk,42.76,90,1,0
2026-02-05 23:38:17.815814,frontend-web,HighCPU,info,logs,cpu,48.3,80,1,0
2026-02-05 23:43:17.815814,analytics-engine,HighCPU,info,logs,cpu,40.78,80,1,0
2026-02-05 23:48:17.815814,analytics-engine,HighMemory,info,grafana,memory,55.76,85,1,0
2026-02-05 23:53:17.815814,inventory-db,DiskSpaceLow,info,logs,disk,47.41,90,1,0
2026-02-05 23:58:17.815814,payment-gateway,HighMemory,info,logs,memory,65.73,85,1,0
2026-02-06 00:03:17.815814,frontend-web,HighMemory,info,logs,memory,52.92,85,5,0
2026-02-06 00:08:17.815814,inventory-db,DiskSpaceLow,info,prometheus,disk,28.5,90,1,0
2026-02-06 00:13:17.815814,auth-service,ErrorRateSpike,info,prometheus,errors,0.0,5,1,0
2026-02-06 00:18:17.815814,inventory-db,ErrorRateSpike,info,logs,errors,1.83,5,1,0
2026-02-06 00:23:17.815814,auth-service,DiskSpaceLow,info,logs,disk,58.18,90,1,0
2026-02-06 00:28:17.815814,frontend-web,ErrorRateSpike,info,grafana,errors,1.94,5,1,0
2026-02-06 00:33:17.815814,auth-service,HighMemory,info,grafana,memory,53.53,85,3,0
2026-02-06 00:38:17.815814,auth-service,HighMemory,info,logs,memory,69.51,85,2,0
2026-02-06 00:43:17.815814,frontend-web,HighCPU,info,prometheus,cpu,46.99,80,1,0
2026-02-06 00:48:17.815814,inventory-db,ErrorRateSpike,info,prometheus,errors,4.6,5,3,0
2026-02-06 00:53:17.815814,inventory-db,HighLatency,info,logs,latency,55.6,300,1,0
2026-02-06 00:58:17.815814,payment-gateway,HighCPU,info,prometheus,cpu,55.9,80,1,0
2026-02-06 01:03:17.815814,analytics-engine,HighCPU,info,logs,cpu,28.58,80,2,0
2026-02-06 01:08:17.815814,inventory-db,DiskSpaceLow,info,grafana,disk,54.54,90,1,0
2026-02-06 01:13:17.815814,analytics-engine,HighMemory,info,grafana,memory,45.18,85,1,0
2026-02-06 01:18:17.815814,auth-service,DiskSpaceLow,info,grafana,disk,30.95,90,1,0
2026-02-06 01:23:17.815814,inventory-db,HighLatency,info,grafana,latency,189.88,300,1,0
2026-02-06 01:28:17.815814,analytics-engine,HighLatency,info,prometheus,latency,138.75,300,2,0
2026-02-06 01:33:17.815814,analytics-engine,ErrorRateSpike,info,prometheus,errors,0.0,5,1,0
2026-02-06 01:38:17.815814,inventory-db,HighLatency,info,prometheus,latency,190.53,300,1,0
2026-02-06 01:43:17.815814,inventory-db,DiskSpaceLow,info,grafana,disk,46.0,90,1,0
2026-02-06 01:48:17.815814,payment-gateway,HighLatency,info,grafana,latency,103.92,300,1,0
2026-02-06 01:53:17.815814,frontend-web,HighLatency,info,logs,latency,89.75,300,2,0
2026-02-06 01:58:17.815814,analytics-engine,ErrorRateSpike,info,prometheus,errors,2.36,5,3,0
2026-02-06 02:03:17.815814,inventory-db,HighLatency,info,logs,latency,63.22,300,3,0
2026-02-06 02:08:17.815814,auth-service,HighLatency,info,logs,latency,88.04,300,2,0
2026-02-06 02:13:17.815814,inventory-db,HighMemory,info,grafana,memory,39.19,85,1,0
2026-02-06 02:18:17.815814,payment-gateway,HighLatency,info,grafana,latency,99.04,300,7,0
2026-02-06 02:23:17.815814,auth-service,HighMemory,info,prometheus,memory,46.77,85,1,0
2026-02-06 02:28:17.815814,auth-service,HighCPU,info,prometheus,cpu,18.58,80,1,0
2026-02-06 02:33:17.815814,analytics-engine,ErrorRateSpike,warning,prometheus,errors,5.72,5,2,0
2026-02-06 02:38:17.815814,inventory-db,HighLatency,info,logs,latency,124.22,300,3,0
2026-02-06 02:43:17.815814,analytics-engine,HighCPU,info,logs,cpu,42.27,80,1,0
2026-02-06 02:48:17.815814,frontend-web,DiskSpaceLow,info,logs,disk,41.84,90,1,0
2026-02-06 02:53:17.815814,analytics-engine,DiskSpaceLow,info,prometheus,disk,27.01,90,1,0
2026-02-06 02:58:17.815814,inventory-db,ErrorRateSpike,info,grafana,errors,0.0,5,1,0
2026-02-06 03:03:17.815814,frontend-web,HighLatency,info,prometheus,latency,93.36,300,2,0
2026-02-06 03:08:17.815814,payment-gateway,DiskSpaceLow,info,prometheus,disk,62.51,90,2,0
2026-02-06 03:13:17.815814,auth-service,DiskSpaceLow,critical,prometheus,disk,99.29,90,1,1
2026-02-06 03:18:17.815814,frontend-web,ErrorRateSpike,warning,grafana,errors,2.84,5,42,1
2026-02-06 03:23:17.815814,analytics-engine,HighLatency,info,grafana,latency,158.86,300,1,0
2026-02-06 03:28:17.815814,frontend-web,HighMemory,info,logs,memory,53.55,85,1,0
2026-02-06 03:33:17.815814,payment-gateway,HighMemory,info,logs,memory,65.58,85,3,0
2026-02-06 03:38:17.815814,analytics-engine,HighCPU,warning,grafana,cpu,40.5,80,1,1
2026-02-06 03:43:17.815814,analytics-engine,HighCPU,info,logs,cpu,52.78,80,1,0
2026-02-06 03:48:17.815814,payment-gateway,DiskSpaceLow,info,logs,disk,46.47,90,1,0
2026-02-06 03:53:17.815814,auth-service,HighCPU,info,logs,cpu,18.42,80,1,0
2026-02-06 03:58:17.815814,analytics-engine,HighCPU,info,grafana,cpu,34.35,80,2,0
2026-02-06 04:03:17.815814,inventory-db,DiskSpaceLow,info,grafana,disk,57.4,90,2,0
2026-02-06 04:08:17.815814,auth-service,ErrorRateSpike,info,logs,errors,0.0,5,1,0
2026-02-06 04:13:17.815814,inventory-db,HighMemory,info,prometheus,memory,49.32,85,1,0
2026-02-06 04:18:17.815814,payment-gateway,DiskSpaceLow,info,grafana,disk,54.66,90,1,0
2026-02-06 04:23:17.815814,frontend-web,HighLatency,info,grafana,latency,201.56,300,2,0
2026-02-06 04:28:17.815814,analytics-engine,DiskSpaceLow,info,grafana,disk,42.12,90,2,0
2026-02-06 04:33:17.815814,inventory-db,HighLatency,info,prometheus,latency,70.4,300,1,0
2026-02-06 04:38:17.815814,frontend-web,HighCPU,info,prometheus,cpu,46.95,80,3,0
2026-02-06 04:43:17.815814,auth-service,ErrorRateSpike,info,prometheus,errors,0.0,5,1,0
2026-02-06 04:48:17.815814,frontend-web,DiskSpaceLow,info,logs,disk,51.93,90,1,0
2026-02-06 04:53:17.815814,analytics-engine,HighCPU,info,grafana,cpu,40.06,80,1,0
2026-02-06 04:58:17.815814,payment-gateway,ErrorRateSpike,info,prometheus,errors,2.29,5,1,0
2026-02-06 05:03:17.815814,inventory-db,HighCPU,info,grafana,cpu,52.77,80,2,0
2026-02-06 05:08:17.815814,frontend-web,HighLatency,info,logs,latency,57.45,300,1,0
2026-02-06 05:13:17.815814,auth-service,ErrorRateSpike,warning,grafana,errors,5.95,5,1,0
2026-02-06 05:18:17.815814,inventory-db,HighCPU,info,logs,cpu,34.8,80,2,0
2026-02-06 05:23:17.815814,frontend-web,HighCPU,info,logs,cpu,61.3,80,2,0
2026-02-06 05:28:17.815814,payment-gateway,HighLatency,info,prometheus,latency,64.52,300,2,0
2026-02-06 05:33:17.815814,payment-gateway,ErrorRateSpike,warning,grafana,errors,5.2,5,1,0
2026-02-06 05:38:17.815814,frontend-web,HighLatency,info,grafana,latency,170.96,300,2,0
2026-02-06 05:43:17.815814,payment-gateway,DiskSpaceLow,info,logs,disk,57.5,90,1,0
2026-02-06 05:48:17.815814,auth-service,ErrorRateSpike,info,logs,errors,4.59,5,1,0
2026-02-06 05:53:17.815814,frontend-web,HighMemory,info,grafana,memory,52.67,85,1,0
2026-02-06 05:58:17.815814,auth-service,HighLatency,info,grafana,latency,86.23,300,2,0
2026-02-06 06:03:17.815814,inventory-db,HighLatency,info,logs,latency,98.58,300,1,0
2026-02-06 06:08:17.815814,auth-service,HighMemory,info,prometheus,memory,68.12,85,2,0
2026-02-06 06:13:17.815814,frontend-web,HighCPU,info,grafana,cpu,62.35,80,3,0
2026-02-06 06:18:17.815814,frontend-web,HighCPU,info,grafana,cpu,24.31,80,3,0
2026-02-06 06:23:17.815814,frontend-web,HighLatency,info,logs,latency,126.82,300,2,0
2026-02-06 06:28:17.815814,analytics-engine,HighCPU,info,prometheus,cpu,30.87,80,1,0
2026-02-06 06:33:17.815814,inventory-db,DiskSpaceLow,info,grafana,disk,56.48,90,3,0
2026-02-06 06:38:17.815814,payment-gateway,ErrorRateSpike,warning,logs,errors,4.56,5,32,1
2026-02-06 06:43:17.815814,frontend-web,DiskSpaceLow,info,prometheus,disk,38.75,90,1,0
2026-02-06 06:48:17.815814,analytics-engine,HighCPU,info,prometheus,cpu,58.97,80,1,0
2026-02-06 06:53:17.815814,payment-gateway,ErrorRateSpike,info,prometheus,errors,0.0,5,1,0
2026-02-06 06:58:17.815814,payment-gateway,HighMemory,info,prometheus,memory,51.6,85,2,0
2026-02-06 07:03:17.815814,payment-gateway,ErrorRateSpike,info,logs,errors,0.0,5,2,0
2026-02-06 07:08:17.815814,auth-service,DiskSpaceLow,info,logs,disk,54.24,90,2,0
2026-02-06 07:13:17.815814,inventory-db,HighLatency,warning,prometheus,latency,150.65,300,49,1
2026-02-06 07:18:17.815814,analytics-engine,HighCPU,info,grafana,cpu,50.29,80,1,0
2026-02-06 07:23:17.815814,analytics-engine,HighMemory,info,grafana,memory,63.28,85,2,0
2026-02-06 07:28:17.815814,frontend-web,HighCPU,info,logs,cpu,29.41,80,2,0
2026-02-06 07:33:17.815814,inventory-db,HighLatency,info,logs,latency,165.21,300,1,0
2026-02-06 07:38:17.815814,auth-service,HighCPU,info,logs,cpu,44.59,80,1,0
2026-02-06 07:43:17.815814,auth-service,DiskSpaceLow,info,grafana,disk,52.16,90,2,0
2026-02-06 07:48:17.815814,analytics-engine,HighLatency,info,prometheus,latency,138.53,300,2,0
2026-02-06 07:53:17.815814,inventory-db,HighMemory,info,grafana,memory,51.22,85,1,0
2026-02-06 07:58:17.815814,auth-service,HighMemory,info,grafana,memory,54.16,85,2,0
2026-02-06 08:03:17.815814,auth-service,HighCPU,info,prometheus,cpu,47.34,80,2,0
2026-02-06 08:08:17.815814,frontend-web,DiskSpaceLow,info,logs,disk,43.51,90,8,0
2026-02-06 08:13:17.815814,analytics-engine,HighLatency,info,logs,latency,101.86,300,2,0
2026-02-06 08:18:17.815814,frontend-web,DiskSpaceLow,info,logs,disk,35.25,90,1,0
2026-02-06 08:23:17.815814,payment-gateway,HighLatency,info,grafana,latency,102.7,300,1,0
2026-02-06 08:28:17.815814,analytics-engine,DiskSpaceLow,info,logs,disk,50.39,90,1,0
2026-02-06 08:33:17.815814,auth-service,DiskSpaceLow,info,grafana,disk,48.53,90,3,0
2026-02-06 08:38:17.815814,inventory-db,ErrorRateSpike,info,logs,errors,0.82,5,1,0
2026-02-06 08:43:17.815814,payment-gateway,HighMemory,info,prometheus,memory,48.95,85,1,0
2026-02-06 08:48:17.815814,inventory-db,HighMemory,info,prometheus,memory,50.2,85,1,0
2026-02-06 08:53:17.815814,frontend-web,DiskSpaceLow,info,prometheus,disk,29.62,90,2,0
2026-02-06 08:58:17.815814,payment-gateway,HighMemory,critical,logs,memory,115.38,85,1,1
2026-02-06 09:03:17.815814,inventory-db,DiskSpaceLow,info,grafana,disk,49.82,90,2,0
2026-02-06 09:08:17.815814,analytics-engine,DiskSpaceLow,info,prometheus,disk,58.59,90,2,0
2026-02-06 09:13:17.815814,inventory-db,HighMemory,info,grafana,memory,59.74,85,1,0
2026-02-06 09:18:17.815814,payment-gateway,HighCPU,info,prometheus,cpu,30.41,80,2,0
2026-02-06 09:23:17.815814,payment-gateway,HighMemory,info,logs,memory,51.6,85,1,0
2026-02-06 09:28:17.815814,payment-gateway,HighMemory,info,logs,memory,38.18,85,2,0
2026-02-06 09:33:17.815814,inventory-db,DiskSpaceLow,info,logs,disk,41.32,90,1,0
2026-02-06 09:38:17.815814,auth-service,DiskSpaceLow,info,logs,disk,50.08,90,1,0
2026-02-06 09:43:17.815814,payment-gateway,HighCPU,info,logs,cpu,51.37,80,1,0
2026-02-06 09:48:17.815814,analytics-engine,ErrorRateSpike,info,prometheus,errors,3.16,5,2,0
2026-02-06 09:53:17.815814,frontend-web,ErrorRateSpike,info,logs,errors,0.94,5,1,0
2026-02-06 09:58:17.815814,payment-gateway,HighLatency,info,logs,latency,78.14,300,1,0
2026-02-06 10:03:17.815814,analytics-engine,ErrorRateSpike,info,logs,errors,0.0,5,1,0
2026-02-06 10:08:17.815814,payment-gateway,DiskSpaceLow,info,grafana,disk,45.89,90,1,0
2026-02-06 10:13:17.815814,auth-service,HighLatency,info,logs,latency,176.35,300,2,0
2026-02-06 10:18:17.815814,auth-service,DiskSpaceLow,info,logs,disk,29.18,90,1,0
2026-02-06 10:23:17.815814,payment-gateway,ErrorRateSpike,info,logs,errors,0.0,5,2,0
2026-02-06 10:28:17.815814,frontend-web,DiskSpaceLow,info,prometheus,disk,46.88,90,1,0
2026-02-06 10:33:17.815814,payment-gateway,ErrorRateSpike,info,logs,errors,4.76,5,1,0
2026-02-06 10:38:17.815814,inventory-db,HighLatency,info,logs,latency,90.24,300,1,0
2026-02-06 10:43:17.815814,frontend-web,ErrorRateSpike,info,logs,errors,0.0,5,1,0
2026-02-06 10:48:17.815814,analytics-engine,HighCPU,info,logs,cpu,28.16,80,2,0
2026-02-06 10:53:17.815814,auth-service,ErrorRateSpike,info,prometheus,errors,0.0,5,3,0
2026-02-06 10:58:17.815814,analytics-engine,HighMemory,info,prometheus,memory,51.63,85,2,0
2026-02-06 11:03:17.815814,auth-service,HighMemory,info,prometheus,memory,44.63,85,4,0
2026-02-06 11:08:17.815814,frontend-web,HighCPU,info,logs,cpu,20.5,80,3,0
2026-02-06 11:13:17.815814,inventory-db,HighMemory,info,prometheus,memory,70.53,85,1,0
2026-02-06 11:18:17.815814,analytics-engine,HighMemory,info,grafana,memory,68.74,85,1,0
2026-02-06 11:23:17.815814,payment-gateway,HighMemory,info,grafana,memory,62.01,85,1,0
2026-02-06 11:28:17.815814,inventory-db,HighCPU,info,prometheus,cpu,40.7,80,1,0
2026-02-06 11:33:17.815814,payment-gateway,HighLatency,info,logs,latency,149.0,300,1,0
2026-02-06 11:38:17.815814,analytics-engine,HighMemory,info,logs,memory,60.74,85,2,0
2026-02-06 11:43:17.815814,analytics-engine,HighCPU,info,grafana,cpu,44.0,80,1,0
2026-02-06 11:48:17.815814,frontend-web,HighCPU,info,prometheus,cpu,31.81,80,2,0
2026-02-06 11:53:17.815814,auth-service,DiskSpaceLow,info,logs,disk,41.6,90,2,0
2026-02-06 11:58:17.815814,frontend-web,ErrorRateSpike,info,logs,errors,2.67,5,2,0
2026-02-06 12:03:17.815814,frontend-web,HighLatency,info,grafana,latency,148.85,300,1,0
2026-02-06 12:08:17.815814,frontend-web,HighCPU,info,prometheus,cpu,59.97,80,1,0
2026-02-06 12:13:17.815814,auth-service,ErrorRateSpike,info,prometheus,errors,0.0,5,4,0
2026-02-06 12:18:17.815814,frontend-web,HighCPU,info,prometheus,cpu,43.8,80,7,0
2026-02-06 12:23:17.815814,payment-gateway,HighMemory,info,grafana,memory,50.2,85,1,0
2026-02-06 12:28:17.815814,analytics-engine,HighLatency,info,logs,latency,65.3,300,1,0
2026-02-06 12:33:17.815814,payment-gateway,HighLatency,info,grafana,latency,180.97,300,3,0
2026-02-06 12:38:17.815814,payment-gateway,HighCPU,warning,grafana,cpu,58.7,80,1,1
2026-02-06 12:43:17.815814,frontend-web,HighMemory,info,logs,memory,62.09,85,1,0
2026-02-06 12:48:17.815814,inventory-db,HighMemory,info,grafana,memory,64.35,85,1,0
2026-02-06 12:53:17.815814,frontend-web,HighMemory,info,grafana,memory,72.16,85,1,0
2026-02-06 12:58:17.815814,auth-service,HighCPU,info,logs,cpu,40.82,80,4,0
2026-02-06 13:03:17.815814,analytics-engine,ErrorRateSpike,info,logs,errors,0.0,5,1,0
2026-02-06 13:08:17.815814,payment-gateway,HighCPU,info,grafana,cpu,58.04,80,1,0
2026-02-06 13:13:17.815814,frontend-web,DiskSpaceLow,info,grafana,disk,35.35,90,2,0
2026-02-06 13:18:17.815814,auth-service,HighLatency,info,grafana,latency,56.52,300,1,0
2026-02-06 13:23:17.815814,inventory-db,HighLatency,info,logs,latency,160.63,300,1,0
2026-02-06 13:28:17.815814,payment-gateway,HighLatency,info,prometheus,latency,124.47,300,3,0
2026-02-06 13:33:17.815814,frontend-web,ErrorRateSpike,info,logs,errors,0.0,5,2,0
2026-02-06 13:38:17.815814,payment-gateway,DiskSpaceLow,info,prometheus,disk,55.91,90,2,0
2026-02-06 13:43:17.815814,frontend-web,HighMemory,info,logs,memory,62.25,85,1,0
2026-02-06 13:48:17.815814,analytics-engine,HighLatency,info,grafana,latency,127.9,300,1,0
2026-02-06 13:53:17.815814,inventory-db,HighMemory,info,logs,memory,48.75,85,2,0
2026-02-06 13:58:17.815814,payment-gateway,HighLatency,info,grafana,latency,130.17,300,1,0
2026-02-06 14:03:17.815814,inventory-db,HighLatency,info,logs,latency,170.92,300,1,0
2026-02-06 14:08:17.815814,analytics-engine,DiskSpaceLow,info,prometheus,disk,37.54,90,1,0
2026-02-06 14:13:17.815814,inventory-db,HighCPU,info,prometheus,cpu,58.78,80,1,0
2026-02-06 14:18:17.815814,auth-service,HighMemory,info,grafana,memory,51.63,85,1,0
2026-02-06 14:23:17.815814,analytics-engine,HighMemory,info,logs,memory,66.9,85,1,0
2026-02-06 14:28:17.815814,analytics-engine,HighCPU,info,grafana,cpu,29.33,80,2,0
2026-02-06 14:33:17.815814,analytics-engine,ErrorRateSpike,info,prometheus,errors,0.0,5,1,0
2026-02-06 14:38:17.815814,auth-service,HighMemory,info,prometheus,memory,68.89,85,4,0
2026-02-06 14:43:17.815814,frontend-web,HighMemory,info,grafana,memory,62.8,85,1,0
2026-02-06 14:48:17.815814,inventory-db,HighCPU,critical,logs,cpu,87.51,80,2,1
2026-02-06 14:53:17.815814,analytics-engine,HighCPU,info,grafana,cpu,29.89,80,1,0
2026-02-06 14:58:17.815814,frontend-web,HighCPU,info,prometheus,cpu,39.27,80,1,0
2026-02-06 15:03:17.815814,inventory-db,DiskSpaceLow,info,grafana,disk,34.89,90,1,0
2026-02-06 15:08:17.815814,auth-service,HighLatency,info,logs,latency,78.1,300,3,0
2026-02-06 15:13:17.815814,analytics-engine,HighCPU,info,prometheus,cpu,59.51,80,1,0
2026-02-06 15:18:17.815814,inventory-db,HighCPU,info,grafana,cpu,31.42,80,1,0
2026-02-06 15:23:17.815814,auth-service,ErrorRateSpike,info,prometheus,errors,0.0,5,1,0
2026-02-06 15:28:17.815814,inventory-db,DiskSpaceLow,info,prometheus,disk,32.82,90,1,0
2026-02-06 15:33:17.815814,auth-service,HighMemory,info,grafana,memory,39.57,85,1,0
2026-02-06 15:38:17.815814,inventory-db,ErrorRateSpike,info,grafana,errors,4.89,5,1,0
2026-02-06 15:43:17.815814,payment-gateway,HighCPU,info,logs,cpu,49.19,80,2,0
2026-02-06 15:48:17.815814,analytics-engine,HighCPU,info,grafana,cpu,30.29,80,3,0
2026-02-06 15:53:17.815814,frontend-web,HighLatency,info,logs,latency,99.76,300,2,0
2026-02-06 15:58:17.815814,analytics-engine,ErrorRateSpike,info,grafana,errors,0.0,5,1,0
2026-02-06 16:03:17.815814,frontend-web,HighMemory,info,prometheus,memory,46.67,85,2,0
2026-02-06 16:08:17.815814,payment-gateway,HighLatency,warning,grafana,latency,117.4,300,26,1
2026-02-06 16:13:17.815814,auth-service,HighCPU,info,prometheus,cpu,34.13,80,1,0
2026-02-06 16:18:17.815814,inventory-db,ErrorRateSpike,info,prometheus,errors,3.94,5,3,0
2026-02-06 16:23:17.815814,inventory-db,DiskSpaceLow,info,logs,disk,51.17,90,2,0
2026-02-06 16:28:17.815814,frontend-web,HighMemory,info,logs,memory,42.34,85,1,0
2026-02-06 16:33:17.815814,inventory-db,HighLatency,info,grafana,latency,96.79,300,2,0
2026-02-06 16:38:17.815814,auth-service,HighCPU,critical,logs,cpu,103.1,80,1,1
2026-02-06 16:43:17.815814,payment-gateway,ErrorRateSpike,warning,logs,errors,6.61,5,1,0
2026-02-06 16:48:17.815814,auth-service,HighMemory,info,logs,memory,40.98,85,1,0
2026-02-06 16:53:17.815814,payment-gateway,DiskSpaceLow,info,logs,disk,47.18,90,1,0
2026-02-06 16:58:17.815814,payment-gateway,ErrorRateSpike,info,prometheus,errors,4.66,5,1,0
2026-02-06 17:03:17.815814,analytics-engine,HighLatency,info,logs,latency,94.55,300,1,0
2026-02-06 17:08:17.815814,analytics-engine,HighCPU,info,prometheus,cpu,18.27,80,1,0
2026-02-06 17:13:17.815814,auth-service,ErrorRateSpike,info,prometheus,errors,0.0,5,4,0
2026-02-06 17:18:17.815814,inventory-db,ErrorRateSpike,info,prometheus,errors,0.37,5,2,0
2026-02-06 17:23:17.815814,frontend-web,HighMemory,info,grafana,memory,48.08,85,3,0
2026-02-06 17:28:17.815814,auth-service,ErrorRateSpike,info,prometheus,errors,1.15,5,1,0
2026-02-06 17:33:17.815814,frontend-web,HighMemory,info,logs,memory,51.13,85,3,0
2026-02-06 17:38:17.815814,analytics-engine,HighMemory,info,grafana,memory,62.15,85,1,0
2026-02-06 17:43:17.815814,auth-service,HighCPU,info,logs,cpu,24.3,80,2,0
2026-02-06 17:48:17.815814,analytics-engine,HighCPU,warning,prometheus,cpu,41.27,80,2,1
2026-02-06 17:53:17.815814,payment-gateway,HighMemory,info,prometheus,memory,35.77,85,1,0
2026-02-06 17:58:17.815814,inventory-db,HighLatency,info,prometheus,latency,162.87,300,1,0
2026-02-06 18:03:17.815814,analytics-engine,ErrorRateSpike,info,prometheus,errors,3.92,5,2,0
2026-02-06 18:08:17.815814,frontend-web,ErrorRateSpike,info,logs,errors,0.26,5,1,0
2026-02-06 18:13:17.815814,inventory-db,HighMemory,info,prometheus,memory,51.37,85,1,0
2026-02-06 18:18:17.815814,payment-gateway,ErrorRateSpike,info,grafana,errors,3.61,5,4,0
2026-02-06 18:23:17.815814,inventory-db,HighLatency,info,grafana,latency,59.29,300,1,0
2026-02-06 18:28:17.815814,auth-service,ErrorRateSpike,info,logs,errors,2.53,5,1,0
2026-02-06 18:33:17.815814,inventory-db,HighMemory,info,prometheus,memory,54.69,85,1,0
2026-02-06 18:38:17.815814,frontend-web,DiskSpaceLow,info,prometheus,disk,50.35,90,1,0
2026-02-06 18:43:17.815814,analytics-engine,ErrorRateSpike,info,grafana,errors,0.0,5,2,0
2026-02-06 18:48:17.815814,analytics-engine,DiskSpaceLow,info,grafana,disk,58.9,90,1,0
2026-02-06 18:53:17.815814,payment-gateway,HighLatency,info,prometheus,latency,132.15,300,1,0
2026-02-06 18:58:17.815814,auth-service,DiskSpaceLow,critical,grafana,disk,146.4,90,1,1
2026-02-06 19:03:17.815814,auth-service,HighMemory,info,logs,memory,61.88,85,1,0
2026-02-06 19:08:17.815814,payment-gateway,HighCPU,info,grafana,cpu,23.0,80,3,0
2026-02-06 19:13:17.815814,payment-gateway,HighMemory,info,logs,memory,54.67,85,1,0
2026-02-06 19:18:17.815814,frontend-web,HighMemory,info,prometheus,memory,45.13,85,1,0
2026-02-06 19:23:17.815814,analytics-engine,HighLatency,info,grafana,latency,177.69,300,2,0
2026-02-06 19:28:17.815814,frontend-web,HighMemory,info,logs,memory,65.83,85,2,0
2026-02-06 19:33:17.815814,payment-gateway,HighMemory,info,prometheus,memory,62.46,85,1,0
2026-02-06 19:38:17.815814,inventory-db,HighMemory,info,prometheus,memory,45.74,85,5,0
2026-02-06 19:43:17.815814,frontend-web,DiskSpaceLow,info,grafana,disk,53.58,90,1,0
2026-02-06 19:48:17.815814,payment-gateway,HighMemory,info,grafana,memory,67.36,85,1,0
2026-02-06 19:53:17.815814,frontend-web,HighCPU,info,prometheus,cpu,46.07,80,1,0
2026-02-06 19:58:17.815814,payment-gateway,ErrorRateSpike,warning,logs,errors,1.62,5,2,1
2026-02-06 20:03:17.815814,analytics-engine,HighCPU,info,grafana,cpu,29.58,80,1,0
2026-02-06 20:08:17.815814,payment-gateway,DiskSpaceLow,info,prometheus,disk,33.28,90,2,0
2026-02-06 20:13:17.815814,inventory-db,HighLatency,info,prometheus,latency,127.15,300,1,0
2026-02-06 20:18:17.815814,analytics-engine,DiskSpaceLow,critical,prometheus,disk,97.21,90,2,1
2026-02-06 20:23:17.815814,payment-gateway,HighMemory,info,prometheus,memory,68.31,85,1,0
2026-02-06 20:28:17.815814,frontend-web,ErrorRateSpike,info,logs,errors,2.34,5,1,0
2026-02-06 20:33:17.815814,analytics-engine,DiskSpaceLow,info,prometheus,disk,45.08,90,1,0
2026-02-06 20:38:17.815814,inventory-db,DiskSpaceLow,info,grafana,disk,46.9,90,4,0
2026-02-06 20:43:17.815814,payment-gateway,HighCPU,info,grafana,cpu,22.76,80,1,0
2026-02-06 20:48:17.815814,frontend-web,HighLatency,info,prometheus,latency,54.52,300,1,0
2026-02-06 20:53:17.815814,inventory-db,HighMemory,critical,logs,memory,129.91,85,2,1
2026-02-06 20:58:17.815814,frontend-web,HighMemory,info,grafana,memory,66.09,85,1,0
2026-02-06 21:03:17.815814,payment-gateway,DiskSpaceLow,info,prometheus,disk,47.56,90,1,0
2026-02-06 21:08:17.815814,auth-service,HighMemory,info,grafana,memory,49.05,85,3,0
2026-02-06 21:13:17.815814,payment-gateway,HighMemory,info,logs,memory,64.98,85,2,0
2026-02-06 21:18:17.815814,analytics-engine,HighLatency,info,grafana,latency,57.79,300,1,0
2026-02-06 21:23:17.815814,frontend-web,ErrorRateSpike,info,logs,errors,1.55,5,1,0
2026-02-06 21:28:17.815814,frontend-web,DiskSpaceLow,critical,grafana,disk,99.92,90,4,1
2026-02-06 21:33:17.815814,payment-gateway,HighCPU,info,grafana,cpu,33.6,80,2,0
2026-02-06 21:38:17.815814,inventory-db,HighMemory,critical,logs,memory,183.64,85,1,1
2026-02-06 21:43:17.815814,frontend-web,HighLatency,info,prometheus,latency,137.68,300,4,0
2026-02-06 21:48:17.815814,payment-gateway,ErrorRateSpike,info,grafana,errors,0.0,5,1,0
2026-02-06 21:53:17.815814,inventory-db,HighMemory,info,grafana,memory,48.77,85,2,0
2026-02-06 21:58:17.815814,inventory-db,DiskSpaceLow,info,prometheus,disk,60.93,90,2,0
2026-02-06 22:03:17.815814,payment-gateway,DiskSpaceLow,info,prometheus,disk,28.82,90,1,0
2026-02-06 22:08:17.815814,payment-gateway,DiskSpaceLow,info,grafana,disk,39.78,90,3,0
2026-02-06 22:13:17.815814,analytics-engine,HighLatency,info,grafana,latency,166.83,300,1,0
2026-02-06 22:18:17.815814,inventory-db,HighMemory,info,prometheus,memory,68.52,85,1,0
2026-02-06 22:23:17.815814,analytics-engine,HighCPU,info,grafana,cpu,53.58,80,1,0
2026-02-06 22:28:17.815814,inventory-db,ErrorRateSpike,info,logs,errors,4.65,5,1,0
2026-02-06 22:33:17.815814,analytics-engine,HighLatency,info,prometheus,latency,156.24,300,4,0
2026-02-06 22:38:17.815814,auth-service,HighMemory,info,prometheus,memory,71.62,85,1,0
2026-02-06 22:43:17.815814,analytics-engine,HighMemory,info,prometheus,memory,58.11,85,1,0
2026-02-06 22:48:17.815814,frontend-web,HighLatency,info,prometheus,latency,89.75,300,2,0
2026-02-06 22:53:17.815814,auth-service,DiskSpaceLow,info,prometheus,disk,45.08,90,1,0
2026-02-06 22:58:17.815814,analytics-engine,HighCPU,info,logs,cpu,57.9,80,1,0
2026-02-06 23:03:17.815814,auth-service,HighLatency,info,prometheus,latency,78.84,300,2,0
2026-02-06 23:08:17.815814,inventory-db,HighMemory,info,logs,memory,46.16,85,2,0
2026-02-06 23:13:17.815814,auth-service,HighLatency,info,grafana,latency,54.64,300,1,0
2026-02-06 23:18:17.815814,frontend-web,ErrorRateSpike,info,prometheus,errors,0.0,5,1,0
2026-02-06 23:23:17.815814,analytics-engine,HighMemory,info,prometheus,memory,53.19,85,2,0
2026-02-06 23:28:17.815814,frontend-web,ErrorRateSpike,info,logs,errors,4.18,5,1,0
2026-02-06 23:33:17.815814,frontend-web,HighCPU,info,prometheus,cpu,22.9,80,1,0
2026-02-06 23:38:17.815814,payment-gateway,HighLatency,info,grafana,latency,169.41,300,2,0
2026-02-06 23:43:17.815814,frontend-web,ErrorRateSpike,info,prometheus,errors,3.71,5,1,0
2026-02-06 23:48:17.815814,analytics-engine,HighLatency,info,grafana,latency,130.14,300,1,0
2026-02-06 23:53:17.815814,payment-gateway,ErrorRateSpike,info,grafana,errors,0.0,5,1,0
2026-02-06 23:58:17.815814,payment-gateway,DiskSpaceLow,info,logs,disk,36.47,90,2,0
2026-02-07 00:03:17.815814,inventory-db,HighMemory,info,prometheus,memory,65.14,85,2,0
2026-02-07 00:08:17.815814,payment-gateway,HighMemory,info,grafana,memory,54.42,85,1,0
2026-02-07 00:13:17.815814,frontend-web,HighCPU,info,grafana,cpu,25.24,80,1,0
2026-02-07 00:18:17.815814,payment-gateway,ErrorRateSpike,info,grafana,errors,4.25,5,1,0
2026-02-07 00:23:17.815814,analytics-engine,HighLatency,info,grafana,latency,58.64,300,2,0
2026-02-07 00:28:17.815814,inventory-db,HighLatency,info,logs,latency,194.44,300,1,0
2026-02-07 00:33:17.815814,auth-service,DiskSpaceLow,info,logs,disk,63.47,90,1,0
2026-02-07 00:38:17.815814,frontend-web,DiskSpaceLow,info,prometheus,disk,41.0,90,1,0
2026-02-07 00:43:17.815814,analytics-engine,DiskSpaceLow,info,logs,disk,37.12,90,1,0
2026-02-07 00:48:17.815814,analytics-engine,HighCPU,info,prometheus,cpu,55.89,80,1,0
2026-02-07 00:53:17.815814,analytics-engine,ErrorRateSpike,info,grafana,errors,0.0,5,1,0
2026-02-07 00:58:17.815814,auth-service,DiskSpaceLow,info,prometheus,disk,43.19,90,3,0
2026-02-07 01:03:17.815814,payment-gateway,ErrorRateSpike,info,logs,errors,0.8,5,1,0
2026-02-07 01:08:17.815814,inventory-db,DiskSpaceLow,info,logs,disk,41.01,90,1,0
2026-02-07 01:13:17.815814,auth-service,DiskSpaceLow,info,prometheus,disk,39.34,90,2,0
2026-02-07 01:18:17.815814,frontend-web,HighLatency,info,logs,latency,197.54,300,1,0
2026-02-07 01:23:17.815814,payment-gateway,HighLatency,info,grafana,latency,182.26,300,1,0
2026-02-07 01:28:17.815814,inventory-db,HighLatency,info,prometheus,latency,83.74,300,2,0
2026-02-07 01:33:17.815814,frontend-web,HighLatency,info,logs,latency,170.9,300,1,0
2026-02-07 01:38:17.815814,auth-service,ErrorRateSpike,info,prometheus,errors,0.0,5,1,0
2026-02-07 01:43:17.815814,frontend-web,DiskSpaceLow,info,logs,disk,43.51,90,1,0
2026-02-07 01:48:17.815814,auth-service,DiskSpaceLow,info,grafana,disk,61.64,90,5,0
2026-02-07 01:53:17.815814,analytics-engine,ErrorRateSpike,info,grafana,errors,0.0,5,1,0
2026-02-07 01:58:17.815814,frontend-web,HighCPU,info,prometheus,cpu,31.46,80,1,0
2026-02-07 02:03:17.815814,analytics-engine,HighLatency,info,logs,latency,123.55,300,1,0
2026-02-07 02:08:17.815814,auth-service,DiskSpaceLow,info,grafana,disk,52.09,90,2,0
2026-02-07 02:13:17.815814,analytics-engine,ErrorRateSpike,info,prometheus,errors,0.36,5,4,0
2026-02-07 02:18:17.815814,auth-service,HighMemory,info,logs,memory,47.49,85,1,0
2026-02-07 02:23:17.815814,frontend-web,HighMemory,info,logs,memory,44.54,85,1,0
2026-02-07 02:28:17.815814,inventory-db,ErrorRateSpike,info,prometheus,errors,0.0,5,1,0
2026-02-07 02:33:17.815814,payment-gateway,HighLatency,info,prometheus,latency,92.94,300,2,0
2026-02-07 02:38:17.815814,frontend-web,HighCPU,info,prometheus,cpu,35.56,80,1,0
2026-02-07 02:43:17.815814,payment-gateway,HighCPU,critical,logs,cpu,108.64,80,41,1
2026-02-07 02:48:17.815814,analytics-engine,DiskSpaceLow,info,grafana,disk,57.57,90,3,0
2026-02-07 02:53:17.815814,analytics-engine,ErrorRateSpike,info,logs,errors,0.0,5,1,0
2026-02-07 02:58:17.815814,analytics-engine,DiskSpaceLow,info,logs,disk,61.57,90,3,0
2026-02-07 03:03:17.815814,analytics-engine,HighMemory,info,logs,memory,46.47,85,1,0
2026-02-07 03:08:17.815814,inventory-db,ErrorRateSpike,info,prometheus,errors,2.21,5,2,0
2026-02-07 03:13:17.815814,auth-service,ErrorRateSpike,info,grafana,errors,0.0,5,1,0
2026-02-07 03:18:17.815814,frontend-web,HighLatency,info,logs,latency,80.88,300,1,0
2026-02-07 03:23:17.815814,auth-service,HighLatency,info,logs,latency,95.15,300,1,0
2026-02-07 03:28:17.815814,analytics-engine,DiskSpaceLow,info,prometheus,disk,36.91,90,1,0
2026-02-07 03:33:17.815814,analytics-engine,HighCPU,info,prometheus,cpu,23.95,80,1,0
2026-02-07 03:38:17.815814,analytics-engine,HighMemory,info,grafana,memory,63.6,85,2,0
2026-02-07 03:43:17.815814,inventory-db,HighCPU,info,prometheus,cpu,24.57,80,1,0
2026-02-07 03:48:17.815814,analytics-engine,ErrorRateSpike,info,logs,errors,0.0,5,2,0
2026-02-07 03:53:17.815814,frontend-web,HighLatency,info,logs,latency,87.81,300,1,0
2026-02-07 03:58:17.815814,analytics-engine,HighCPU,info,prometheus,cpu,55.81,80,1,0
2026-02-07 04:03:17.815814,frontend-web,DiskSpaceLow,critical,prometheus,disk,114.54,90,1,1
2026-02-07 04:08:17.815814,frontend-web,DiskSpaceLow,info,grafana,disk,39.23,90,1,0
2026-02-07 04:13:17.815814,auth-service,ErrorRateSpike,info,grafana,errors,0.0,5,1,0
2026-02-07 04:18:17.815814,inventory-db,ErrorRateSpike,info,grafana,errors,0.0,5,2,0
2026-02-07 04:23:17.815814,frontend-web,HighLatency,info,prometheus,latency,116.72,300,1,0
2026-02-07 04:28:17.815814,auth-service,HighLatency,info,grafana,latency,198.39,300,2,0
2026-02-07 04:33:17.815814,inventory-db,HighMemory,info,grafana,memory,51.98,85,2,0
2026-02-07 04:38:17.815814,inventory-db,HighMemory,info,grafana,memory,49.37,85,5,0
2026-02-07 04:43:17.815814,payment-gateway,ErrorRateSpike,warning,prometheus,errors,0.55,5,39,1
2026-02-07 04:48:17.815814,inventory-db,HighLatency,info,logs,latency,176.59,300,1,0
2026-02-07 04:53:17.815814,auth-service,HighMemory,info,logs,memory,53.15,85,1,0
2026-02-07 04:58:17.815814,frontend-web,HighLatency,info,prometheus,latency,191.9,300,1,0
2026-02-07 05:03:17.815814,payment-gateway,HighCPU,info,grafana,cpu,22.11,80,1,0
2026-02-07 05:08:17.815814,auth-service,HighMemory,info,logs,memory,50.51,85,2,0
2026-02-07 05:13:17.815814,analytics-engine,HighMemory,info,grafana,memory,61.01,85,1,0
2026-02-07 05:18:17.815814,frontend-web,HighLatency,info,logs,latency,74.33,300,1,0
2026-02-07 05:23:17.815814,auth-service,HighLatency,info,prometheus,latency,67.83,300,2,0
2026-02-07 05:28:17.815814,analytics-engine,HighMemory,info,grafana,memory,63.72,85,1,0
2026-02-07 05:33:17.815814,inventory-db,HighCPU,info,prometheus,cpu,48.0,80,1,0
2026-02-07 05:38:17.815814,analytics-engine,HighMemory,info,logs,memory,58.55,85,5,0
2026-02-07 05:43:17.815814,payment-gateway,HighLatency,warning,grafana,latency,202.09,300,2,1
2026-02-07 05:48:17.815814,payment-gateway,ErrorRateSpike,info,prometheus,errors,2.66,5,1,0
2026-02-07 05:53:17.815814,frontend-web,ErrorRateSpike,info,prometheus,errors,0.0,5,1,0
2026-02-07 05:58:17.815814,frontend-web,DiskSpaceLow,info,prometheus,disk,32.54,90,1,0
2026-02-07 06:03:17.815814,payment-gateway,HighCPU,info,grafana,cpu,51.86,80,1,0
2026-02-07 06:08:17.815814,auth-service,HighLatency,info,grafana,latency,70.54,300,1,0
2026-02-07 06:13:17.815814,analytics-engine,HighCPU,info,grafana,cpu,20.19,80,1,0
2026-02-07 06:18:17.815814,analytics-engine,ErrorRateSpike,info,grafana,errors,0.0,5,3,0
2026-02-07 06:23:17.815814,inventory-db,ErrorRateSpike,info,grafana,errors,0.0,5,2,0
2026-02-07 06:28:17.815814,payment-gateway,ErrorRateSpike,info,grafana,errors,4.53,5,1,0
2026-02-07 06:33:17.815814,auth-service,HighMemory,info,prometheus,memory,63.27,85,1,0
2026-02-07 06:38:17.815814,payment-gateway,ErrorRateSpike,info,logs,errors,0.0,5,1,0
2026-02-07 06:43:17.815814,auth-service,HighLatency,info,grafana,latency,167.52,300,2,0
2026-02-07 06:48:17.815814,frontend-web,HighLatency,info,prometheus,latency,162.32,300,2,0
2026-02-07 06:53:17.815814,auth-service,HighLatency,info,grafana,latency,145.7,300,1,0
2026-02-07 06:58:17.815814,auth-service,HighCPU,critical,logs,cpu,88.18,80,48,1
2026-02-07 07:03:17.815814,frontend-web,HighMemory,info,logs,memory,54.56,85,3,0
2026-02-07 07:08:17.815814,auth-service,DiskSpaceLow,info,grafana,disk,40.84,90,2,0
2026-02-07 07:13:17.815814,auth-service,ErrorRateSpike,info,prometheus,errors,0.0,5,2,0
2026-02-07 07:18:17.815814,auth-service,HighMemory,info,logs,memory,52.28,85,2,0
2026-02-07 07:23:17.815814,inventory-db,HighLatency,info,prometheus,latency,85.73,300,1,0
2026-02-07 07:28:17.815814,auth-service,DiskSpaceLow,info,prometheus,disk,49.48,90,1,0
2026-02-07 07:33:17.815814,analytics-engine,ErrorRateSpike,warning,logs,errors,5.45,5,1,0
2026-02-07 07:38:17.815814,inventory-db,DiskSpaceLow,info,grafana,disk,43.49,90,1,0
2026-02-07 07:43:17.815814,analytics-engine,HighMemory,info,logs,memory,47.84,85,1,0
2026-02-07 07:48:17.815814,inventory-db,HighLatency,info,logs,latency,61.2,300,2,0
2026-02-07 07:53:17.815814,analytics-engine,ErrorRateSpike,info,logs,errors,2.25,5,1,0
2026-02-07 07:58:17.815814,frontend-web,HighCPU,info,grafana,cpu,48.63,80,1,0
2026-02-07 08:03:17.815814,inventory-db,ErrorRateSpike,info,grafana,errors,0.0,5,1,0
2026-02-07 08:08:17.815814,auth-service,HighMemory,info,prometheus,memory,69.43,85,2,0
2026-02-07 08:13:17.815814,frontend-web,DiskSpaceLow,info,grafana,disk,47.43,90,1,0
2026-02-07 08:18:17.815814,inventory-db,HighMemory,info,grafana,memory,53.89,85,2,0
2026-02-07 08:23:17.815814,frontend-web,DiskSpaceLow,info,logs,disk,50.22,90,1,0
2026-02-07 08:28:17.815814,auth-service,ErrorRateSpike,info,logs,errors,1.2,5,1,0
2026-02-07 08:33:17.815814,frontend-web,ErrorRateSpike,info,prometheus,errors,1.53,5,1,0
2026-02-07 08:38:17.815814,analytics-engine,DiskSpaceLow,info,logs,disk,33.04,90,3,0
2026-02-07 08:43:17.815814,frontend-web,HighMemory,info,logs,memory,53.6,85,2,0
2026-02-07 08:48:17.815814,analytics-engine,ErrorRateSpike,warning,grafana,errors,2.61,5,40,1
2026-02-07 08:53:17.815814,payment-gateway,HighMemory,info,logs,memory,44.67,85,1,0
2026-02-07 08:58:17.815814,payment-gateway,HighCPU,info,grafana,cpu,60.39,80,1,0
2026-02-07 09:03:17.815814,analytics-engine,ErrorRateSpike,info,prometheus,errors,0.0,5,1,0
2026-02-07 09:08:17.815814,auth-service,DiskSpaceLow,info,logs,disk,54.86,90,1,0
2026-02-07 09:13:17.815814,frontend-web,ErrorRateSpike,info,logs,errors,0.49,5,1,0
2026-02-07 09:18:17.815814,frontend-web,HighCPU,info,prometheus,cpu,59.6,80,3,0
2026-02-07 09:23:17.815814,payment-gateway,ErrorRateSpike,info,prometheus,errors,0.0,5,5,0
2026-02-07 09:28:17.815814,payment-gateway,HighLatency,info,logs,latency,55.3,300,3,0
2026-02-07 09:33:17.815814,payment-gateway,HighMemory,info,prometheus,memory,55.83,85,1,0
2026-02-07 09:38:17.815814,inventory-db,HighCPU,info,grafana,cpu,28.41,80,1,0
2026-02-07 09:43:17.815814,payment-gateway,DiskSpaceLow,critical,grafana,disk,134.85,90,36,1
2026-02-07 09:48:17.815814,auth-service,ErrorRateSpike,info,logs,errors,0.0,5,1,0
2026-02-07 09:53:17.815814,inventory-db,HighLatency,info,prometheus,latency,136.05,300,5,0
2026-02-07 09:58:17.815814,analytics-engine,HighLatency,info,logs,latency,68.93,300,1,0
2026-02-07 10:03:17.815814,analytics-engine,HighLatency,info,grafana,latency,167.41,300,2,0
2026-02-07 10:08:17.815814,analytics-engine,HighMemory,info,grafana,memory,47.91,85,1,0
2026-02-07 10:13:17.815814,payment-gateway,HighLatency,info,prometheus,latency,132.49,300,1,0
2026-02-07 10:18:17.815814,frontend-web,HighCPU,info,prometheus,cpu,32.61,80,1,0
2026-02-07 10:23:17.815814,analytics-engine,HighCPU,info,prometheus,cpu,53.05,80,1,0
2026-02-07 10:28:17.815814,payment-gateway,HighLatency,info,prometheus,latency,182.3,300,1,0
2026-02-07 10:33:17.815814,auth-service,DiskSpaceLow,info,logs,disk,48.94,90,1,0
2026-02-07 10:38:17.815814,analytics-engine,HighCPU,info,grafana,cpu,31.62,80,1,0
2026-02-07 10:43:17.815814,payment-gateway,HighMemory,info,grafana,memory,63.04,85,1,0
2026-02-07 10:48:17.815814,payment-gateway,ErrorRateSpike,warning,prometheus,errors,5.27,5,1,0
2026-02-07 10:53:17.815814,analytics-engine,HighCPU,critical,grafana,cpu,122.32,80,37,1
2026-02-07 10:58:17.815814,payment-gateway,HighLatency,info,grafana,latency,128.75,300,1,0
2026-02-07 11:03:17.815814,payment-gateway,HighMemory,info,prometheus,memory,45.73,85,2,0
2026-02-07 11:08:17.815814,inventory-db,ErrorRateSpike,info,logs,errors,0.0,5,2,0
2026-02-07 11:13:17.815814,auth-service,HighCPU,critical,prometheus,cpu,127.44,80,16,1
2026-02-07 11:18:17.815814,analytics-engine,HighLatency,info,logs,latency,143.07,300,5,0
2026-02-07 11:23:17.815814,analytics-engine,HighCPU,warning,prometheus,cpu,62.52,80,15,1
2026-02-07 11:28:17.815814,inventory-db,HighLatency,info,prometheus,latency,108.11,300,1,0
2026-02-07 11:33:17.815814,auth-service,DiskSpaceLow,info,grafana,disk,47.42,90,1,0
2026-02-07 11:38:17.815814,inventory-db,HighCPU,info,logs,cpu,24.66,80,1,0
2026-02-07 11:43:17.815814,payment-gateway,DiskSpaceLow,info,logs,disk,44.07,90,3,0
2026-02-07 11:48:17.815814,analytics-engine,DiskSpaceLow,info,grafana,disk,40.41,90,2,0
2026-02-07 11:53:17.815814,analytics-engine,HighMemory,info,logs,memory,66.41,85,3,0
2026-02-07 11:58:17.815814,inventory-db,DiskSpaceLow,critical,prometheus,disk,144.4,90,24,1
2026-02-07 12:03:17.815814,frontend-web,HighMemory,info,logs,memory,47.1,85,1,0
2026-02-07 12:08:17.815814,auth-service,HighCPU,info,grafana,cpu,46.0,80,1,0
2026-02-07 12:13:17.815814,auth-service,ErrorRateSpike,info,grafana,errors,1.58,5,1,0
2026-02-07 12:18:17.815814,auth-service,HighMemory,info,logs,memory,55.59,85,4,0
2026-02-07 12:23:17.815814,inventory-db,DiskSpaceLow,info,logs,disk,45.31,90,1,0
2026-02-07 12:28:17.815814,frontend-web,HighCPU,critical,grafana,cpu,97.1,80,1,1
2026-02-07 12:33:17.815814,inventory-db,ErrorRateSpike,info,prometheus,errors,0.0,5,1,0
2026-02-07 12:38:17.815814,payment-gateway,DiskSpaceLow,info,grafana,disk,29.02,90,1,0
2026-02-07 12:43:17.815814,analytics-engine,DiskSpaceLow,info,logs,disk,38.26,90,1,0
2026-02-07 12:48:17.815814,auth-service,HighCPU,info,logs,cpu,20.98,80,2,0
2026-02-07 12:53:17.815814,inventory-db,ErrorRateSpike,info,prometheus,errors,4.36,5,3,0
2026-02-07 12:58:17.815814,inventory-db,ErrorRateSpike,info,prometheus,errors,4.06,5,1,0
2026-02-07 13:03:17.815814,payment-gateway,HighMemory,info,grafana,memory,43.97,85,2,0
2026-02-07 13:08:17.815814,analytics-engine,HighCPU,info,logs,cpu,57.12,80,3,0
2026-02-07 13:13:17.815814,analytics-engine,HighCPU,info,grafana,cpu,53.13,80,1,0
2026-02-07 13:18:17.815814,analytics-engine,DiskSpaceLow,info,grafana,disk,57.34,90,1,0
2026-02-07 13:23:17.815814,auth-service,HighMemory,info,prometheus,memory,70.24,85,1,0
2026-02-07 13:28:17.815814,payment-gateway,ErrorRateSpike,info,grafana,errors,0.0,5,1,0
2026-02-07 13:33:17.815814,auth-service,DiskSpaceLow,info,logs,disk,37.11,90,1,0
2026-02-07 13:38:17.815814,frontend-web,HighLatency,info,prometheus,latency,134.52,300,1,0
2026-02-07 13:43:17.815814,analytics-engine,HighCPU,info,grafana,cpu,27.4,80,1,0
2026-02-07 13:48:17.815814,frontend-web,HighLatency,info,logs,latency,117.3,300,2,0
2026-02-07 13:53:17.815814,frontend-web,ErrorRateSpike,info,prometheus,errors,0.6,5,1,0
2026-02-07 13:58:17.815814,auth-service,HighLatency,info,logs,latency,82.2,300,1,0
2026-02-07 14:03:17.815814,auth-service,DiskSpaceLow,info,prometheus,disk,59.81,90,2,0
2026-02-07 14:08:17.815814,inventory-db,ErrorRateSpike,info,logs,errors,4.11,5,1,0
2026-02-07 14:13:17.815814,analytics-engine,HighLatency,info,logs,latency,168.07,300,1,0
2026-02-07 14:18:17.815814,analytics-engine,DiskSpaceLow,info,logs,disk,59.1,90,1,0
2026-02-07 14:23:17.815814,analytics-engine,ErrorRateSpike,info,grafana,errors,0.0,5,2,0
2026-02-07 14:28:17.815814,inventory-db,HighLatency,info,prometheus,latency,138.17,300,2,0
2026-02-07 14:33:17.815814,payment-gateway,HighLatency,info,prometheus,latency,130.44,300,2,0
2026-02-07 14:38:17.815814,payment-gateway,HighMemory,info,logs,memory,37.11,85,5,0
2026-02-07 14:43:17.815814,payment-gateway,HighCPU,info,grafana,cpu,53.24,80,1,0
2026-02-07 14:48:17.815814,frontend-web,ErrorRateSpike,info,prometheus,errors,1.47,5,2,0
2026-02-07 14:53:17.815814,payment-gateway,HighLatency,info,prometheus,latency,146.36,300,3,0
2026-02-07 14:58:17.815814,payment-gateway,HighMemory,info,logs,memory,54.44,85,1,0
2026-02-07 15:03:17.815814,analytics-engine,HighMemory,info,grafana,memory,69.41,85,1,0
2026-02-07 15:08:17.815814,auth-service,HighMemory,info,prometheus,memory,49.22,85,1,0
2026-02-07 15:13:17.815814,payment-gateway,HighMemory,info,prometheus,memory,68.78,85,3,0
2026-02-07 15:18:17.815814,analytics-engine,HighLatency,info,prometheus,latency,150.07,300,1,0
2026-02-07 15:23:17.815814,auth-service,HighLatency,info,logs,latency,135.44,300,1,0
2026-02-07 15:28:17.815814,analytics-engine,HighCPU,info,logs,cpu,51.09,80,1,0
2026-02-07 15:33:17.815814,frontend-web,HighCPU,info,prometheus,cpu,35.71,80,1,0
2026-02-07 15:38:17.815814,frontend-web,DiskSpaceLow,info,prometheus,disk,38.72,90,1,0
2026-02-07 15:43:17.815814,analytics-engine,ErrorRateSpike,warning,logs,errors,3.17,5,1,1
2026-02-07 15:48:17.815814,auth-service,HighCPU,info,logs,cpu,52.84,80,1,0
2026-02-07 15:53:17.815814,payment-gateway,HighMemory,info,grafana,memory,39.36,85,1,0
2026-02-07 15:58:17.815814,payment-gateway,HighLatency,info,logs,latency,170.45,300,1,0
2026-02-07 16:03:17.815814,auth-service,HighLatency,info,grafana,latency,186.16,300,2,0
2026-02-07 16:08:17.815814,frontend-web,HighCPU,info,logs,cpu,36.28,80,2,0
2026-02-07 16:13:17.815814,payment-gateway,HighLatency,info,grafana,latency,195.69,300,1,0
2026-02-07 16:18:17.815814,analytics-engine,HighCPU,info,grafana,cpu,23.48,80,1,0
2026-02-07 16:23:17.815814,analytics-engine,ErrorRateSpike,info,logs,errors,1.9,5,1,0
2026-02-07 16:28:17.815814,payment-gateway,DiskSpaceLow,info,prometheus,disk,54.57,90,3,0
2026-02-07 16:33:17.815814,payment-gateway,ErrorRateSpike,info,grafana,errors,1.83,5,4,0
2026-02-07 16:38:17.815814,auth-service,ErrorRateSpike,info,logs,errors,0.0,5,1,0
2026-02-07 16:43:17.815814,frontend-web,HighMemory,info,logs,memory,62.05,85,1,0
2026-02-07 16:48:17.815814,inventory-db,DiskSpaceLow,info,logs,disk,38.3,90,1,0
2026-02-07 16:53:17.815814,auth-service,HighMemory,info,prometheus,memory,44.59,85,1,0
2026-02-07 16:58:17.815814,inventory-db,HighCPU,info,prometheus,cpu,27.47,80,2,0
2026-02-07 17:03:17.815814,auth-service,DiskSpaceLow,info,prometheus,disk,33.38,90,2,0
2026-02-07 17:08:17.815814,auth-service,HighMemory,info,grafana,memory,62.5,85,1,0
2026-02-07 17:13:17.815814,inventory-db,DiskSpaceLow,info,logs,disk,54.56,90,2,0
2026-02-07 17:18:17.815814,inventory-db,DiskSpaceLow,info,grafana,disk,44.88,90,1,0
2026-02-07 17:23:17.815814,frontend-web,HighCPU,info,logs,cpu,61.9,80,1,0
2026-02-07 17:28:17.815814,frontend-web,DiskSpaceLow,info,logs,disk,29.61,90,2,0
2026-02-07 17:33:17.815814,payment-gateway,HighMemory,info,grafana,memory,64.26,85,1,0
2026-02-07 17:38:17.815814,inventory-db,HighCPU,info,prometheus,cpu,31.87,80,1,0
2026-02-07 17:43:17.815814,auth-service,HighCPU,info,grafana,cpu,40.32,80,1,0
2026-02-07 17:48:17.815814,frontend-web,ErrorRateSpike,warning,prometheus,errors,5.86,5,4,0
2026-02-07 17:53:17.815814,payment-gateway,HighMemory,info,logs,memory,52.74,85,1,0
2026-02-07 17:58:17.815814,analytics-engine,HighCPU,info,grafana,cpu,17.02,80,1,0
2026-02-07 18:03:17.815814,inventory-db,HighMemory,info,prometheus,memory,64.21,85,2,0
2026-02-07 18:08:17.815814,frontend-web,HighMemory,info,prometheus,memory,40.87,85,1,0
2026-02-07 18:13:17.815814,analytics-engine,ErrorRateSpike,info,grafana,errors,4.06,5,1,0
2026-02-07 18:18:17.815814,auth-service,ErrorRateSpike,warning,prometheus,errors,1.31,5,2,1
2026-02-07 18:23:17.815814,auth-service,HighCPU,info,prometheus,cpu,29.31,80,1,0
2026-02-07 18:28:17.815814,analytics-engine,DiskSpaceLow,info,logs,disk,30.41,90,2,0
2026-02-07 18:33:17.815814,inventory-db,HighCPU,info,logs,cpu,37.2,80,1,0
2026-02-07 18:38:17.815814,payment-gateway,ErrorRateSpike,info,logs,errors,1.0,5,1,0
2026-02-07 18:43:17.815814,analytics-engine,HighMemory,info,grafana,memory,42.27,85,1,0
2026-02-07 18:48:17.815814,frontend-web,HighLatency,info,prometheus,latency,183.8,300,1,0
2026-02-07 18:53:17.815814,frontend-web,HighLatency,info,grafana,latency,81.12,300,2,0
2026-02-07 18:58:17.815814,auth-service,HighCPU,info,prometheus,cpu,40.46,80,5,0
2026-02-07 19:03:17.815814,auth-service,DiskSpaceLow,info,grafana,disk,57.04,90,1,0
2026-02-07 19:08:17.815814,analytics-engine,HighCPU,info,logs,cpu,46.77,80,1,0
2026-02-07 19:13:17.815814,auth-service,ErrorRateSpike,warning,prometheus,errors,5.72,5,1,0
2026-02-07 19:18:17.815814,frontend-web,ErrorRateSpike,info,grafana,errors,0.0,5,2,0
2026-02-07 19:23:17.815814,frontend-web,ErrorRateSpike,info,prometheus,errors,0.0,5,1,0
2026-02-07 19:28:17.815814,auth-service,ErrorRateSpike,info,logs,errors,4.54,5,1,0
2026-02-07 19:33:17.815814,auth-service,HighLatency,info,grafana,latency,135.98,300,1,0
2026-02-07 19:38:17.815814,payment-gateway,HighMemory,info,logs,memory,47.6,85,1,0
2026-02-07 19:43:17.815814,payment-gateway,DiskSpaceLow,info,logs,disk,44.61,90,1,0
2026-02-07 19:48:17.815814,payment-gateway,HighLatency,info,grafana,latency,106.69,300,4,0
2026-02-07 19:53:17.815814,auth-service,ErrorRateSpike,warning,logs,errors,6.19,5,1,0
2026-02-07 19:58:17.815814,payment-gateway,HighLatency,info,prometheus,latency,109.4,300,1,0
2026-02-07 20:03:17.815814,auth-service,HighLatency,critical,grafana,latency,398.41,300,36,1
2026-02-07 20:08:17.815814,inventory-db,DiskSpaceLow,info,logs,disk,34.83,90,1,0
2026-02-07 20:13:17.815814,analytics-engine,HighLatency,info,grafana,latency,174.53,300,6,0
2026-02-07 20:18:17.815814,auth-service,HighLatency,info,logs,latency,177.79,300,4,0
2026-02-07 20:23:17.815814,auth-service,HighLatency,info,grafana,latency,166.52,300,1,0
2026-02-07 20:28:17.815814,auth-service,ErrorRateSpike,info,logs,errors,4.41,5,2,0
2026-02-07 20:33:17.815814,frontend-web,HighMemory,info,logs,memory,64.28,85,2,0
2026-02-07 20:38:17.815814,inventory-db,HighLatency,info,logs,latency,77.97,300,1,0
2026-02-07 20:43:17.815814,analytics-engine,DiskSpaceLow,info,grafana,disk,39.46,90,2,0
2026-02-07 20:48:17.815814,frontend-web,HighCPU,info,logs,cpu,23.39,80,1,0
2026-02-07 20:53:17.815814,frontend-web,DiskSpaceLow,info,logs,disk,48.42,90,1,0
2026-02-07 20:58:17.815814,analytics-engine,HighCPU,info,prometheus,cpu,49.78,80,1,0
2026-02-07 21:03:17.815814,frontend-web,HighMemory,info,prometheus,memory,64.27,85,1,0
2026-02-07 21:08:17.815814,analytics-engine,HighCPU,info,grafana,cpu,32.06,80,1,0
2026-02-07 21:13:17.815814,payment-gateway,ErrorRateSpike,info,prometheus,errors,0.41,5,1,0
2026-02-07 21:18:17.815814,analytics-engine,HighLatency,info,grafana,latency,110.7,300,1,0
2026-02-07 21:23:17.815814,payment-gateway,ErrorRateSpike,info,logs,errors,0.0,5,1,0
2026-02-07 21:28:17.815814,payment-gateway,HighCPU,info,prometheus,cpu,38.21,80,1,0
2026-02-07 21:33:17.815814,inventory-db,HighMemory,info,logs,memory,58.36,85,3,0
2026-02-07 21:38:17.815814,payment-gateway,HighLatency,info,prometheus,latency,171.85,300,1,0
2026-02-07 21:43:17.815814,analytics-engine,HighLatency,info,logs,latency,136.73,300,2,0
2026-02-07 21:48:17.815814,inventory-db,HighMemory,info,logs,memory,51.6,85,2,0
2026-02-07 21:53:17.815814,auth-service,ErrorRateSpike,info,grafana,errors,1.48,5,1,0
2026-02-07 21:58:17.815814,inventory-db,HighMemory,info,prometheus,memory,44.57,85,1,0
2026-02-07 22:03:17.815814,inventory-db,HighCPU,info,logs,cpu,43.01,80,2,0
2026-02-07 22:08:17.815814,inventory-db,HighMemory,info,grafana,memory,53.61,85,1,0
2026-02-07 22:13:17.815814,analytics-engine,HighCPU,info,grafana,cpu,36.87,80,1,0
2026-02-07 22:18:17.815814,auth-service,HighMemory,info,grafana,memory,50.37,85,1,0
2026-02-07 22:23:17.815814,auth-service,HighMemory,info,prometheus,memory,54.8,85,1,0
2026-02-07 22:28:17.815814,inventory-db,DiskSpaceLow,info,grafana,disk,41.75,90,1,0
2026-02-07 22:33:17.815814,inventory-db,ErrorRateSpike,info,grafana,errors,1.73,5,1,0
2026-02-07 22:38:17.815814,frontend-web,DiskSpaceLow,info,grafana,disk,43.28,90,1,0
2026-02-07 22:43:17.815814,inventory-db,HighMemory,info,logs,memory,59.68,85,1,0
2026-02-07 22:48:17.815814,frontend-web,ErrorRateSpike,warning,prometheus,errors,0.13,5,31,1
2026-02-07 22:53:17.815814,inventory-db,HighLatency,info,logs,latency,186.91,300,2,0
2026-02-07 22:58:17.815814,payment-gateway,DiskSpaceLow,info,prometheus,disk,36.42,90,1,0
2026-02-07 23:03:17.815814,analytics-engine,HighCPU,warning,grafana,cpu,41.99,80,40,1
2026-02-07 23:08:17.815814,frontend-web,HighCPU,info,grafana,cpu,28.34,80,5,0
2026-02-07 23:13:17.815814,inventory-db,HighCPU,info,logs,cpu,45.35,80,1,0
2026-02-07 23:18:17.815814,analytics-engine,DiskSpaceLow,info,prometheus,disk,44.47,90,3,0
2026-02-07 23:23:17.815814,inventory-db,HighMemory,info,logs,memory,60.34,85,1,0
2026-02-07 23:28:17.815814,payment-gateway,ErrorRateSpike,info,prometheus,errors,0.0,5,2,0
2026-02-07 23:33:17.815814,payment-gateway,ErrorRateSpike,info,logs,errors,3.67,5,1,0
2026-02-07 23:38:17.815814,payment-gateway,HighLatency,info,logs,latency,139.22,300,5,0
2026-02-07 23:43:17.815814,auth-service,ErrorRateSpike,warning,logs,errors,0.16,5,36,1
2026-02-07 23:48:17.815814,auth-service,ErrorRateSpike,info,logs,errors,0.52,5,2,0
2026-02-07 23:53:17.815814,payment-gateway,HighLatency,info,grafana,latency,196.94,300,2,0
2026-02-07 23:58:17.815814,auth-service,DiskSpaceLow,info,logs,disk,36.69,90,1,0
2026-02-08 00:03:17.815814,analytics-engine,DiskSpaceLow,info,logs,disk,38.07,90,1,0
2026-02-08 00:08:17.815814,inventory-db,ErrorRateSpike,info,prometheus,errors,3.17,5,1,0
2026-02-08 00:13:17.815814,analytics-engine,DiskSpaceLow,info,logs,disk,37.01,90,1,0
2026-02-08 00:18:17.815814,analytics-engine,DiskSpaceLow,info,prometheus,disk,49.49,90,1,0
2026-02-08 00:23:17.815814,frontend-web,ErrorRateSpike,info,prometheus,errors,0.0,5,1,0
2026-02-08 00:28:17.815814,inventory-db,ErrorRateSpike,warning,grafana,errors,6.69,5,2,0
2026-02-08 00:33:17.815814,analytics-engine,DiskSpaceLow,info,logs,disk,39.19,90,1,0
2026-02-08 00:38:17.815814,analytics-engine,DiskSpaceLow,info,grafana,disk,39.35,90,1,0
2026-02-08 00:43:17.815814,auth-service,DiskSpaceLow,info,grafana,disk,48.0,90,1,0
2026-02-08 00:48:17.815814,payment-gateway,HighCPU,info,logs,cpu,26.25,80,1,0
2026-02-08 00:53:17.815814,payment-gateway,HighCPU,info,grafana,cpu,60.65,80,2,0
2026-02-08 00:58:17.815814,auth-service,HighMemory,info,grafana,memory,54.85,85,2,0
2026-02-08 01:03:17.815814,inventory-db,HighCPU,info,prometheus,cpu,22.83,80,1,0
2026-02-08 01:08:17.815814,inventory-db,HighMemory,info,logs,memory,51.46,85,2,0
2026-02-08 01:13:17.815814,auth-service,HighCPU,info,grafana,cpu,26.65,80,1,0
2026-02-08 01:18:17.815814,frontend-web,HighMemory,info,grafana,memory,55.83,85,1,0
2026-02-08 01:23:17.815814,payment-gateway,ErrorRateSpike,info,grafana,errors,3.26,5,3,0
2026-02-08 01:28:17.815814,analytics-engine,HighCPU,info,grafana,cpu,43.86,80,1,0
2026-02-08 01:33:17.815814,inventory-db,HighMemory,critical,prometheus,memory,85.6,85,1,1
2026-02-08 01:38:17.815814,auth-service,DiskSpaceLow,info,prometheus,disk,40.72,90,1,0
2026-02-08 01:43:17.815814,inventory-db,HighCPU,info,grafana,cpu,52.5,80,1,0
2026-02-08 01:48:17.815814,payment-gateway,HighCPU,info,grafana,cpu,28.7,80,1,0
2026-02-08 01:53:17.815814,payment-gateway,ErrorRateSpike,info,prometheus,errors,3.67,5,1,0
2026-02-08 01:58:17.815814,payment-gateway,HighCPU,info,prometheus,cpu,27.72,80,2,0
2026-02-08 02:03:17.815814,frontend-web,ErrorRateSpike,info,logs,errors,0.13,5,2,0
2026-02-08 02:08:17.815814,auth-service,HighLatency,info,grafana,latency,130.43,300,1,0
2026-02-08 02:13:17.815814,inventory-db,ErrorRateSpike,info,logs,errors,0.0,5,2,0
2026-02-08 02:18:17.815814,frontend-web,HighCPU,critical,logs,cpu,153.09,80,46,1
2026-02-08 02:23:17.815814,inventory-db,DiskSpaceLow,info,grafana,disk,57.12,90,1,0
2026-02-08 02:28:17.815814,analytics-engine,HighLatency,critical,logs,latency,383.39,300,45,1
2026-02-08 02:33:17.815814,inventory-db,HighLatency,info,grafana,latency,70.42,300,2,0
2026-02-08 02:38:17.815814,analytics-engine,DiskSpaceLow,critical,grafana,disk,108.99,90,2,1
2026-02-08 02:43:17.815814,frontend-web,HighCPU,info,logs,cpu,46.36,80,2,0
2026-02-08 02:48:17.815814,auth-service,HighMemory,info,grafana,memory,37.3,85,1,0
2026-02-08 02:53:17.815814,payment-gateway,ErrorRateSpike,warning,logs,errors,0.07,5,1,1
2026-02-08 02:58:17.815814,frontend-web,HighCPU,info,grafana,cpu,40.69,80,1,0
2026-02-08 03:03:17.815814,auth-service,HighLatency,info,logs,latency,148.09,300,1,0
2026-02-08 03:08:17.815814,analytics-engine,HighLatency,info,logs,latency,192.44,300,1,0
2026-02-08 03:13:17.815814,inventory-db,HighMemory,info,logs,memory,53.44,85,1,0
2026-02-08 03:18:17.815814,auth-service,HighLatency,info,grafana,latency,167.61,300,2,0
2026-02-08 03:23:17.815814,analytics-engine,HighMemory,info,logs,memory,67.72,85,4,0
2026-02-08 03:28:17.815814,analytics-engine,HighLatency,critical,logs,latency,372.68,300,1,1
2026-02-08 03:33:17.815814,inventory-db,HighLatency,info,logs,latency,54.92,300,2,0
2026-02-08 03:38:17.815814,inventory-db,HighLatency,info,grafana,latency,46.75,300,1,0
2026-02-08 03:43:17.815814,analytics-engine,DiskSpaceLow,info,logs,disk,42.29,90,1,0
2026-02-08 03:48:17.815814,payment-gateway,HighMemory,info,prometheus,memory,52.23,85,1,0
2026-02-08 03:53:17.815814,payment-gateway,HighCPU,info,prometheus,cpu,48.52,80,1,0
2026-02-08 03:58:17.815814,frontend-web,HighLatency,info,grafana,latency,87.79,300,3,0
2026-02-08 04:03:17.815814,analytics-engine,HighCPU,info,logs,cpu,50.44,80,1,0
2026-02-08 04:08:17.815814,auth-service,DiskSpaceLow,info,logs,disk,31.64,90,1,0
2026-02-08 04:13:17.815814,frontend-web,HighCPU,info,grafana,cpu,56.25,80,1,0
2026-02-08 04:18:17.815814,inventory-db,HighMemory,info,logs,memory,65.7,85,1,0
2026-02-08 04:23:17.815814,auth-service,ErrorRateSpike,warning,logs,errors,0.46,5,1,1
2026-02-08 04:28:17.815814,payment-gateway,HighLatency,info,grafana,latency,128.27,300,2,0
2026-02-08 04:33:17.815814,analytics-engine,HighCPU,info,logs,cpu,23.3,80,1,0
2026-02-08 04:38:17.815814,inventory-db,HighCPU,info,grafana,cpu,15.91,80,2,0
2026-02-08 04:43:17.815814,inventory-db,HighCPU,critical,grafana,cpu,95.72,80,1,1
2026-02-08 04:48:17.815814,auth-service,ErrorRateSpike,info,prometheus,errors,0.0,5,1,0
2026-02-08 04:53:17.815814,frontend-web,HighLatency,info,logs,latency,102.84,300,1,0
2026-02-08 04:58:17.815814,auth-service,HighLatency,info,grafana,latency,109.85,300,2,0
2026-02-08 05:03:17.815814,payment-gateway,HighLatency,warning,logs,latency,275.02,300,1,1
2026-02-08 05:08:17.815814,frontend-web,HighLatency,info,logs,latency,125.64,300,2,0
2026-02-08 05:13:17.815814,payment-gateway,DiskSpaceLow,info,grafana,disk,57.67,90,1,0
2026-02-08 05:18:17.815814,payment-gateway,HighMemory,info,logs,memory,40.36,85,1,0
2026-02-08 05:23:17.815814,auth-service,ErrorRateSpike,info,grafana,errors,3.42,5,1,0
2026-02-08 05:28:17.815814,auth-service,HighCPU,info,logs,cpu,52.11,80,3,0
2026-02-08 05:33:17.815814,analytics-engine,HighMemory,info,logs,memory,62.3,85,2,0
2026-02-08 05:38:17.815814,analytics-engine,ErrorRateSpike,info,logs,errors,3.44,5,3,0
2026-02-08 05:43:17.815814,frontend-web,HighLatency,info,prometheus,latency,106.36,300,1,0
2026-02-08 05:48:17.815814,payment-gateway,HighCPU,info,prometheus,cpu,21.47,80,2,0
2026-02-08 05:53:17.815814,inventory-db,HighLatency,info,grafana,latency,55.34,300,1,0
2026-02-08 05:58:17.815814,analytics-engine,ErrorRateSpike,info,grafana,errors,0.0,5,1,0
2026-02-08 06:03:17.815814,inventory-db,HighLatency,info,grafana,latency,106.96,300,1,0
2026-02-08 06:08:17.815814,auth-service,DiskSpaceLow,info,grafana,disk,34.73,90,2,0
2026-02-08 06:13:17.815814,auth-service,ErrorRateSpike,warning,grafana,errors,5.79,5,1,0
2026-02-08 06:18:17.815814,analytics-engine,ErrorRateSpike,info,logs,errors,0.58,5,1,0
2026-02-08 06:23:17.815814,auth-service,ErrorRateSpike,info,prometheus,errors,3.97,5,1,0
2026-02-08 06:28:17.815814,payment-gateway,DiskSpaceLow,info,logs,disk,59.03,90,1,0
2026-02-08 06:33:17.815814,auth-service,DiskSpaceLow,info,grafana,disk,32.9,90,1,0
2026-02-08 06:38:17.815814,auth-service,ErrorRateSpike,info,grafana,errors,0.0,5,2,0
2026-02-08 06:43:17.815814,analytics-engine,HighMemory,info,grafana,memory,40.2,85,2,0
2026-02-08 06:48:17.815814,analytics-engine,HighLatency,info,logs,latency,127.18,300,1,0
2026-02-08 06:53:17.815814,inventory-db,HighCPU,info,prometheus,cpu,21.71,80,2,0
2026-02-08 06:58:17.815814,analytics-engine,HighLatency,info,logs,latency,163.55,300,1,0
2026-02-08 07:03:17.815814,auth-service,DiskSpaceLow,info,grafana,disk,56.86,90,2,0
2026-02-08 07:08:17.815814,auth-service,HighCPU,info,logs,cpu,44.01,80,1,0
2026-02-08 07:13:17.815814,inventory-db,HighMemory,info,prometheus,memory,54.77,85,2,0
2026-02-08 07:18:17.815814,payment-gateway,HighLatency,info,prometheus,latency,143.44,300,1,0
2026-02-08 07:23:17.815814,auth-service,HighLatency,info,grafana,latency,168.63,300,1,0
2026-02-08 07:28:17.815814,analytics-engine,DiskSpaceLow,info,grafana,disk,38.37,90,1,0
2026-02-08 07:33:17.815814,analytics-engine,HighCPU,info,prometheus,cpu,34.03,80,1,0
2026-02-08 07:38:17.815814,analytics-engine,ErrorRateSpike,info,prometheus,errors,2.31,5,1,0
2026-02-08 07:43:17.815814,analytics-engine,HighMemory,info,grafana,memory,44.93,85,2,0
2026-02-08 07:48:17.815814,analytics-engine,HighMemory,info,prometheus,memory,73.45,85,1,0
2026-02-08 07:53:17.815814,inventory-db,HighCPU,info,logs,cpu,58.85,80,2,0
2026-02-08 07:58:17.815814,payment-gateway,DiskSpaceLow,info,logs,disk,59.39,90,3,0
2026-02-08 08:03:17.815814,auth-service,HighMemory,info,grafana,memory,61.67,85,1,0
2026-02-08 08:08:17.815814,payment-gateway,HighLatency,info,grafana,latency,167.1,300,2,0
2026-02-08 08:13:17.815814,analytics-engine,HighMemory,info,grafana,memory,48.44,85,1,0
2026-02-08 08:18:17.815814,payment-gateway,DiskSpaceLow,info,logs,disk,62.6,90,4,0
2026-02-08 08:23:17.815814,inventory-db,HighCPU,info,prometheus,cpu,32.37,80,6,0
2026-02-08 08:28:17.815814,payment-gateway,HighMemory,info,grafana,memory,47.98,85,2,0
2026-02-08 08:33:17.815814,inventory-db,DiskSpaceLow,info,prometheus,disk,37.16,90,2,0
2026-02-08 08:38:17.815814,inventory-db,HighMemory,info,prometheus,memory,64.06,85,1,0
2026-02-08 08:43:17.815814,frontend-web,HighMemory,info,grafana,memory,49.61,85,1,0
2026-02-08 08:48:17.815814,payment-gateway,HighCPU,info,grafana,cpu,22.01,80,3,0
2026-02-08 08:53:17.815814,frontend-web,DiskSpaceLow,info,logs,disk,42.96,90,1,0
2026-02-08 08:58:17.815814,auth-service,DiskSpaceLow,info,prometheus,disk,36.59,90,1,0
2026-02-08 09:03:17.815814,payment-gateway,DiskSpaceLow,info,prometheus,disk,52.29,90,1,0
2026-02-08 09:08:17.815814,payment-gateway,DiskSpaceLow,info,prometheus,disk,48.4,90,5,0
2026-02-08 09:13:17.815814,auth-service,HighCPU,info,prometheus,cpu,43.8,80,1,0
2026-02-08 09:18:17.815814,payment-gateway,HighCPU,info,prometheus,cpu,28.06,80,2,0
2026-02-08 09:23:17.815814,payment-gateway,DiskSpaceLow,info,logs,disk,33.24,90,6,0
2026-02-08 09:28:17.815814,analytics-engine,HighCPU,info,prometheus,cpu,23.96,80,1,0
2026-02-08 09:33:17.815814,analytics-engine,DiskSpaceLow,info,grafana,disk,60.01,90,1,0
2026-02-08 09:38:17.815814,inventory-db,HighMemory,info,prometheus,memory,59.15,85,2,0
2026-02-08 09:43:17.815814,analytics-engine,HighLatency,warning,logs,latency,162.06,300,12,1
2026-02-08 09:48:17.815814,analytics-engine,ErrorRateSpike,info,prometheus,errors,3.92,5,4,0
2026-02-08 09:53:17.815814,analytics-engine,HighLatency,info,logs,latency,131.5,300,2,0
2026-02-08 09:58:17.815814,analytics-engine,HighCPU,info,prometheus,cpu,43.63,80,1,0
2026-02-08 10:03:17.815814,analytics-engine,HighMemory,info,grafana,memory,50.75,85,1,0
2026-02-08 10:08:17.815814,analytics-engine,DiskSpaceLow,info,prometheus,disk,31.94,90,2,0
2026-02-08 10:13:17.815814,payment-gateway,ErrorRateSpike,info,logs,errors,0.56,5,1,0
2026-02-08 10:18:17.815814,inventory-db,HighCPU,info,logs,cpu,23.93,80,1,0
2026-02-08 10:23:17.815814,payment-gateway,HighMemory,info,grafana,memory,52.13,85,2,0
2026-02-08 10:28:17.815814,payment-gateway,HighLatency,info,grafana,latency,196.85,300,3,0
2026-02-08 10:33:17.815814,analytics-engine,HighMemory,info,prometheus,memory,50.07,85,2,0
2026-02-08 10:38:17.815814,inventory-db,HighMemory,info,grafana,memory,69.22,85,1,0
2026-02-08 10:43:17.815814,analytics-engine,HighCPU,info,grafana,cpu,40.93,80,1,0
2026-02-08 10:48:17.815814,inventory-db,HighMemory,info,grafana,memory,36.73,85,7,0
2026-02-08 10:53:17.815814,payment-gateway,ErrorRateSpike,info,prometheus,errors,0.0,5,1,0
2026-02-08 10:58:17.815814,analytics-engine,ErrorRateSpike,info,logs,errors,0.0,5,2,0
2026-02-08 11:03:17.815814,payment-gateway,HighCPU,info,grafana,cpu,34.11,80,2,0
2026-02-08 11:08:17.815814,frontend-web,HighMemory,info,prometheus,memory,43.56,85,1,0
2026-02-08 11:13:17.815814,inventory-db,DiskSpaceLow,info,grafana,disk,33.96,90,2,0
2026-02-08 11:18:17.815814,payment-gateway,HighMemory,info,grafana,memory,51.92,85,2,0
2026-02-08 11:23:17.815814,auth-service,ErrorRateSpike,info,grafana,errors,3.21,5,1,0
2026-02-08 11:28:17.815814,frontend-web,ErrorRateSpike,info,grafana,errors,0.0,5,1,0
2026-02-08 11:33:17.815814,auth-service,HighCPU,info,prometheus,cpu,43.41,80,4,0
2026-02-08 11:38:17.815814,frontend-web,HighCPU,info,grafana,cpu,27.54,80,1,0
2026-02-08 11:43:17.815814,payment-gateway,HighMemory,info,grafana,memory,68.08,85,1,0
2026-02-08 11:48:17.815814,auth-service,HighCPU,critical,grafana,cpu,123.3,80,19,1
2026-02-08 11:53:17.815814,analytics-engine,HighLatency,info,logs,latency,142.83,300,3,0
2026-02-08 11:58:17.815814,payment-gateway,DiskSpaceLow,info,logs,disk,28.45,90,1,0
2026-02-08 12:03:17.815814,frontend-web,DiskSpaceLow,info,grafana,disk,41.07,90,3,0
2026-02-08 12:08:17.815814,analytics-engine,ErrorRateSpike,info,grafana,errors,1.86,5,1,0
2026-02-08 12:13:17.815814,payment-gateway,HighLatency,info,prometheus,latency,91.03,300,2,0
2026-02-08 12:18:17.815814,payment-gateway,HighCPU,info,grafana,cpu,36.33,80,1,0
2026-02-08 12:23:17.815814,inventory-db,DiskSpaceLow,info,logs,disk,42.76,90,2,0
2026-02-08 12:28:17.815814,analytics-engine,ErrorRateSpike,info,logs,errors,1.56,5,1,0
2026-02-08 12:33:17.815814,payment-gateway,DiskSpaceLow,info,grafana,disk,55.5,90,2,0
2026-02-08 12:38:17.815814,analytics-engine,DiskSpaceLow,info,logs,disk,42.54,90,1,0
2026-02-08 12:43:17.815814,auth-service,DiskSpaceLow,info,prometheus,disk,44.74,90,1,0
2026-02-08 12:48:17.815814,auth-service,HighLatency,info,grafana,latency,186.89,300,1,0
2026-02-08 12:53:17.815814,analytics-engine,HighMemory,info,logs,memory,40.25,85,1,0
2026-02-08 12:58:17.815814,frontend-web,HighCPU,info,logs,cpu,48.2,80,1,0
2026-02-08 13:03:17.815814,frontend-web,HighMemory,info,logs,memory,60.57,85,3,0
2026-02-08 13:08:17.815814,payment-gateway,HighLatency,info,grafana,latency,122.84,300,1,0
2026-02-08 13:13:17.815814,frontend-web,DiskSpaceLow,info,logs,disk,31.53,90,1,0
2026-02-08 13:18:17.815814,inventory-db,ErrorRateSpike,info,logs,errors,0.47,5,2,0
2026-02-08 13:23:17.815814,inventory-db,DiskSpaceLow,info,logs,disk,51.71,90,1,0
2026-02-08 13:28:17.815814,auth-service,ErrorRateSpike,info,grafana,errors,0.77,5,1,0
2026-02-08 13:33:17.815814,inventory-db,HighMemory,info,grafana,memory,49.81,85,2,0
2026-02-08 13:38:17.815814,frontend-web,ErrorRateSpike,info,grafana,errors,0.0,5,1,0
2026-02-08 13:43:17.815814,auth-service,HighMemory,info,logs,memory,59.14,85,1,0
2026-02-08 13:48:17.815814,inventory-db,DiskSpaceLow,info,prometheus,disk,47.82,90,2,0
2026-02-08 13:53:17.815814,frontend-web,DiskSpaceLow,info,logs,disk,31.51,90,1,0
2026-02-08 13:58:17.815814,analytics-engine,HighLatency,info,grafana,latency,137.93,300,2,0
2026-02-08 14:03:17.815814,auth-service,DiskSpaceLow,critical,grafana,disk,101.59,90,2,1
2026-02-08 14:08:17.815814,payment-gateway,HighLatency,info,grafana,latency,72.81,300,1,0
2026-02-08 14:13:17.815814,auth-service,ErrorRateSpike,info,grafana,errors,0.0,5,1,0
2026-02-08 14:18:17.815814,analytics-engine,HighMemory,info,logs,memory,68.95,85,2,0
2026-02-08 14:23:17.815814,payment-gateway,ErrorRateSpike,info,grafana,errors,0.0,5,2,0
2026-02-08 14:28:17.815814,payment-gateway,ErrorRateSpike,info,prometheus,errors,4.97,5,3,0
2026-02-08 14:33:17.815814,frontend-web,HighLatency,info,logs,latency,168.96,300,1,0
2026-02-08 14:38:17.815814,inventory-db,ErrorRateSpike,info,grafana,errors,0.0,5,1,0
2026-02-08 14:43:17.815814,analytics-engine,ErrorRateSpike,info,logs,errors,0.0,5,1,0
2026-02-08 14:48:17.815814,inventory-db,HighCPU,warning,logs,cpu,62.93,80,1,1
2026-02-08 14:53:17.815814,payment-gateway,HighLatency,info,grafana,latency,51.44,300,4,0
2026-02-08 14:58:17.815814,frontend-web,HighLatency,info,prometheus,latency,173.73,300,1,0
2026-02-08 15:03:17.815814,auth-service,ErrorRateSpike,warning,logs,errors,5.31,5,1,0
2026-02-08 15:08:17.815814,payment-gateway,DiskSpaceLow,info,grafana,disk,43.99,90,3,0
2026-02-08 15:13:17.815814,analytics-engine,HighMemory,info,grafana,memory,56.77,85,1,0
2026-02-08 15:18:17.815814,inventory-db,HighCPU,info,prometheus,cpu,24.51,80,1,0
2026-02-08 15:23:17.815814,frontend-web,HighCPU,info,grafana,cpu,57.17,80,1,0
2026-02-08 15:28:17.815814,auth-service,HighLatency,info,logs,latency,118.43,300,3,0
2026-02-08 15:33:17.815814,analytics-engine,ErrorRateSpike,info,logs,errors,2.8,5,1,0
2026-02-08 15:38:17.815814,analytics-engine,ErrorRateSpike,info,logs,errors,2.71,5,1,0
2026-02-08 15:43:17.815814,frontend-web,HighCPU,info,prometheus,cpu,41.41,80,1,0
2026-02-08 15:48:17.815814,frontend-web,DiskSpaceLow,info,logs,disk,44.29,90,1,0
2026-02-08 15:53:17.815814,auth-service,HighLatency,info,grafana,latency,84.73,300,3,0
2026-02-08 15:58:17.815814,payment-gateway,HighLatency,info,prometheus,latency,72.52,300,1,0
2026-02-08 16:03:17.815814,payment-gateway,HighMemory,info,logs,memory,40.98,85,2,0
2026-02-08 16:08:17.815814,frontend-web,DiskSpaceLow,info,logs,disk,32.19,90,1,0
2026-02-08 16:13:17.815814,frontend-web,DiskSpaceLow,info,grafana,disk,42.71,90,1,0
2026-02-08 16:18:17.815814,analytics-engine,ErrorRateSpike,warning,grafana,errors,1.54,5,15,1
2026-02-08 16:23:17.815814,inventory-db,ErrorRateSpike,info,prometheus,errors,4.48,5,1,0
2026-02-08 16:28:17.815814,analytics-engine,ErrorRateSpike,info,logs,errors,3.46,5,1,0
2026-02-08 16:33:17.815814,frontend-web,HighCPU,warning,prometheus,cpu,65.64,80,27,1
2026-02-08 16:38:17.815814,auth-service,HighCPU,info,grafana,cpu,37.11,80,1,0
2026-02-08 16:43:17.815814,auth-service,HighCPU,info,grafana,cpu,32.66,80,1,0
2026-02-08 16:48:17.815814,frontend-web,HighMemory,info,prometheus,memory,38.9,85,1,0
2026-02-08 16:53:17.815814,frontend-web,HighLatency,info,grafana,latency,183.9,300,4,0
2026-02-08 16:58:17.815814,analytics-engine,HighMemory,info,prometheus,memory,49.4,85,1,0
2026-02-08 17:03:17.815814,payment-gateway,HighMemory,info,prometheus,memory,71.83,85,1,0
2026-02-08 17:08:17.815814,inventory-db,HighLatency,info,grafana,latency,120.76,300,2,0
2026-02-08 17:13:17.815814,payment-gateway,DiskSpaceLow,info,prometheus,disk,47.62,90,3,0
2026-02-08 17:18:17.815814,analytics-engine,HighLatency,info,grafana,latency,63.02,300,2,0
2026-02-08 17:23:17.815814,analytics-engine,DiskSpaceLow,warning,prometheus,disk,69.57,90,1,1
2026-02-08 17:28:17.815814,payment-gateway,DiskSpaceLow,info,logs,disk,51.09,90,1,0
2026-02-08 17:33:17.815814,auth-service,DiskSpaceLow,info,prometheus,disk,37.54,90,2,0
2026-02-08 17:38:17.815814,payment-gateway,HighMemory,info,prometheus,memory,59.73,85,1,0
2026-02-08 17:43:17.815814,inventory-db,HighCPU,info,grafana,cpu,17.66,80,1,0
2026-02-08 17:48:17.815814,analytics-engine,ErrorRateSpike,info,prometheus,errors,0.0,5,1,0
2026-02-08 17:53:17.815814,inventory-db,ErrorRateSpike,warning,logs,errors,5.53,5,1,0
2026-02-08 17:58:17.815814,inventory-db,HighLatency,info,logs,latency,140.14,300,1,0
2026-02-08 18:03:17.815814,payment-gateway,DiskSpaceLow,info,grafana,disk,38.23,90,1,0
2026-02-08 18:08:17.815814,inventory-db,DiskSpaceLow,info,logs,disk,46.21,90,1,0
2026-02-08 18:13:17.815814,auth-service,HighMemory,info,prometheus,memory,40.01,85,2,0
2026-02-08 18:18:17.815814,auth-service,DiskSpaceLow,info,grafana,disk,49.89,90,1,0
2026-02-08 18:23:17.815814,auth-service,ErrorRateSpike,info,grafana,errors,1.12,5,3,0
2026-02-08 18:28:17.815814,frontend-web,HighMemory,info,logs,memory,43.26,85,1,0
2026-02-08 18:33:17.815814,auth-service,DiskSpaceLow,info,prometheus,disk,50.21,90,7,0
2026-02-08 18:38:17.815814,payment-gateway,ErrorRateSpike,warning,grafana,errors,6.47,5,1,0
2026-02-08 18:43:17.815814,payment-gateway,DiskSpaceLow,info,grafana,disk,48.74,90,2,0
2026-02-08 18:48:17.815814,payment-gateway,DiskSpaceLow,info,grafana,disk,42.09,90,1,0
2026-02-08 18:53:17.815814,frontend-web,HighMemory,info,prometheus,memory,44.61,85,2,0
2026-02-08 18:58:17.815814,auth-service,HighCPU,info,logs,cpu,51.01,80,1,0
2026-02-08 19:03:17.815814,frontend-web,DiskSpaceLow,info,prometheus,disk,30.85,90,2,0
2026-02-08 19:08:17.815814,payment-gateway,HighMemory,info,logs,memory,72.83,85,3,0
2026-02-08 19:13:17.815814,auth-service,HighMemory,info,logs,memory,73.51,85,1,0
2026-02-08 19:18:17.815814,inventory-db,ErrorRateSpike,info,prometheus,errors,1.28,5,1,0
2026-02-08 19:23:17.815814,analytics-engine,DiskSpaceLow,info,logs,disk,43.13,90,3,0
2026-02-08 19:28:17.815814,payment-gateway,HighLatency,info,logs,latency,112.37,300,1,0
2026-02-08 19:33:17.815814,frontend-web,DiskSpaceLow,info,logs,disk,52.3,90,1,0
2026-02-08 19:38:17.815814,auth-service,HighCPU,info,prometheus,cpu,35.57,80,1,0
2026-02-08 19:43:17.815814,inventory-db,HighCPU,info,logs,cpu,50.57,80,1,0
2026-02-08 19:48:17.815814,payment-gateway,DiskSpaceLow,info,logs,disk,55.5,90,2,0
2026-02-08 19:53:17.815814,analytics-engine,HighLatency,info,grafana,latency,144.02,300,1,0
2026-02-08 19:58:17.815814,inventory-db,ErrorRateSpike,info,prometheus,errors,0.0,5,1,0
2026-02-08 20:03:17.815814,analytics-engine,HighCPU,info,logs,cpu,24.46,80,1,0
2026-02-08 20:08:17.815814,inventory-db,DiskSpaceLow,info,grafana,disk,48.3,90,3,0
2026-02-08 20:13:17.815814,frontend-web,ErrorRateSpike,info,logs,errors,1.31,5,2,0
2026-02-08 20:18:17.815814,frontend-web,ErrorRateSpike,info,grafana,errors,0.0,5,2,0
2026-02-08 20:23:17.815814,auth-service,HighLatency,info,logs,latency,87.8,300,1,0
2026-02-08 20:28:17.815814,inventory-db,ErrorRateSpike,info,logs,errors,0.0,5,1,0
2026-02-08 20:33:17.815814,inventory-db,HighLatency,info,prometheus,latency,143.66,300,1,0
2026-02-08 20:38:17.815814,payment-gateway,HighLatency,info,grafana,latency,174.92,300,2,0
2026-02-08 20:43:17.815814,auth-service,HighMemory,info,prometheus,memory,53.19,85,1,0
2026-02-08 20:48:17.815814,payment-gateway,HighMemory,info,prometheus,memory,63.67,85,1,0
2026-02-08 20:53:17.815814,payment-gateway,HighLatency,info,prometheus,latency,158.61,300,2,0
2026-02-08 20:58:17.815814,auth-service,ErrorRateSpike,warning,grafana,errors,5.35,5,1,0
2026-02-08 21:03:17.815814,auth-service,HighLatency,info,logs,latency,124.3,300,1,0
2026-02-08 21:08:17.815814,payment-gateway,HighLatency,info,logs,latency,158.92,300,1,0
2026-02-08 21:13:17.815814,frontend-web,DiskSpaceLow,info,grafana,disk,41.57,90,1,0
2026-02-08 21:18:17.815814,frontend-web,HighLatency,info,logs,latency,132.75,300,1,0
2026-02-08 21:23:17.815814,payment-gateway,HighCPU,info,prometheus,cpu,36.48,80,3,0
2026-02-08 21:28:17.815814,auth-service,DiskSpaceLow,info,prometheus,disk,52.56,90,2,0
2026-02-08 21:33:17.815814,payment-gateway,HighLatency,critical,prometheus,latency,378.72,300,2,1
2026-02-08 21:38:17.815814,analytics-engine,ErrorRateSpike,info,prometheus,errors,2.1,5,2,0
2026-02-08 21:43:17.815814,auth-service,HighCPU,info,prometheus,cpu,30.15,80,1,0
2026-02-08 21:48:17.815814,frontend-web,DiskSpaceLow,info,logs,disk,38.6,90,1,0
2026-02-08 21:53:17.815814,payment-gateway,ErrorRateSpike,info,logs,errors,1.77,5,1,0
2026-02-08 21:58:17.815814,auth-service,HighMemory,critical,grafana,memory,99.76,85,1,1
2026-02-08 22:03:17.815814,auth-service,HighMemory,info,grafana,memory,48.8,85,1,0
2026-02-08 22:08:17.815814,frontend-web,DiskSpaceLow,info,logs,disk,62.12,90,1,0
2026-02-08 22:13:17.815814,frontend-web,HighMemory,info,logs,memory,45.12,85,1,0
2026-02-08 22:18:17.815814,analytics-engine,HighMemory,info,prometheus,memory,65.09,85,1,0
2026-02-08 22:23:17.815814,auth-service,HighCPU,info,prometheus,cpu,61.46,80,1,0
2026-02-08 22:28:17.815814,frontend-web,DiskSpaceLow,info,logs,disk,32.12,90,1,0
2026-02-08 22:33:17.815814,inventory-db,HighCPU,info,grafana,cpu,37.19,80,1,0
2026-02-08 22:38:17.815814,payment-gateway,DiskSpaceLow,info,prometheus,disk,55.45,90,1,0
2026-02-08 22:43:17.815814,frontend-web,ErrorRateSpike,info,logs,errors,0.0,5,1,0
2026-02-08 22:48:17.815814,frontend-web,HighLatency,info,prometheus,latency,121.27,300,1,0
2026-02-08 22:53:17.815814,analytics-engine,ErrorRateSpike,info,prometheus,errors,0.0,5,1,0
2026-02-08 22:58:17.815814,auth-service,HighMemory,info,logs,memory,40.39,85,1,0
2026-02-08 23:03:17.815814,auth-service,HighMemory,info,prometheus,memory,73.48,85,1,0
2026-02-08 23:08:17.815814,frontend-web,HighMemory,info,prometheus,memory,49.53,85,1,0
2026-02-08 23:13:17.815814,analytics-engine,HighLatency,info,grafana,latency,160.33,300,1,0
2026-02-08 23:18:17.815814,auth-service,HighMemory,info,logs,memory,53.78,85,2,0
2026-02-08 23:23:17.815814,analytics-engine,DiskSpaceLow,info,logs,disk,50.62,90,2,0
2026-02-08 23:28:17.815814,inventory-db,HighLatency,info,grafana,latency,192.1,300,2,0
2026-02-08 23:33:17.815814,analytics-engine,ErrorRateSpike,info,logs,errors,3.51,5,2,0
2026-02-08 23:38:17.815814,auth-service,ErrorRateSpike,info,prometheus,errors,0.0,5,3,0
2026-02-08 23:43:17.815814,auth-service,HighLatency,info,logs,latency,196.57,300,2,0
2026-02-08 23:48:17.815814,auth-service,DiskSpaceLow,warning,prometheus,disk,72.82,90,44,1
2026-02-08 23:53:17.815814,auth-service,HighCPU,info,prometheus,cpu,44.83,80,3,0
2026-02-08 23:58:17.815814,auth-service,HighCPU,info,prometheus,cpu,32.91,80,2,0
2026-02-09 00:03:17.815814,analytics-engine,ErrorRateSpike,info,grafana,errors,3.77,5,2,0
2026-02-09 00:08:17.815814,analytics-engine,HighMemory,info,logs,memory,43.61,85,1,0
2026-02-09 00:13:17.815814,inventory-db,HighMemory,info,prometheus,memory,68.81,85,2,0
2026-02-09 00:18:17.815814,auth-service,HighCPU,info,logs,cpu,23.24,80,1,0
2026-02-09 00:23:17.815814,payment-gateway,HighLatency,info,prometheus,latency,90.04,300,1,0
2026-02-09 00:28:17.815814,frontend-web,ErrorRateSpike,warning,prometheus,errors,5.24,5,6,0
2026-02-09 00:33:17.815814,inventory-db,ErrorRateSpike,info,logs,errors,0.0,5,2,0
2026-02-09 00:38:17.815814,inventory-db,HighLatency,info,grafana,latency,90.12,300,1,0
2026-02-09 00:43:17.815814,analytics-engine,HighMemory,info,prometheus,memory,65.93,85,1,0
2026-02-09 00:48:17.815814,inventory-db,HighMemory,info,prometheus,memory,61.26,85,1,0
2026-02-09 00:53:17.815814,auth-service,HighCPU,info,prometheus,cpu,32.67,80,1,0
2026-02-09 00:58:17.815814,auth-service,HighCPU,info,prometheus,cpu,56.94,80,1,0
2026-02-09 01:03:17.815814,frontend-web,ErrorRateSpike,info,logs,errors,2.86,5,1,0
2026-02-09 01:08:17.815814,auth-service,DiskSpaceLow,info,grafana,disk,60.4,90,1,0
2026-02-09 01:13:17.815814,payment-gateway,ErrorRateSpike,info,prometheus,errors,0.0,5,1,0
2026-02-09 01:18:17.815814,inventory-db,HighLatency,info,grafana,latency,83.18,300,2,0
2026-02-09 01:23:17.815814,analytics-engine,HighLatency,info,logs,latency,51.23,300,1,0
2026-02-09 01:28:17.815814,inventory-db,HighMemory,info,logs,memory,59.44,85,3,0
2026-02-09 01:33:17.815814,auth-service,HighMemory,info,logs,memory,59.71,85,1,0
2026-02-09 01:38:17.815814,payment-gateway,HighMemory,info,prometheus,memory,43.14,85,1,0
2026-02-09 01:43:17.815814,auth-service,HighLatency,info,grafana,latency,72.36,300,2,0
2026-02-09 01:48:17.815814,inventory-db,HighMemory,info,prometheus,memory,53.26,85,1,0
2026-02-09 01:53:17.815814,auth-service,HighCPU,info,logs,cpu,27.78,80,1,0
2026-02-09 01:58:17.815814,frontend-web,HighCPU,info,grafana,cpu,52.95,80,1,0
2026-02-09 02:03:17.815814,analytics-engine,HighMemory,info,logs,memory,38.39,85,1,0
2026-02-09 02:08:17.815814,inventory-db,ErrorRateSpike,info,grafana,errors,0.0,5,1,0
2026-02-09 02:13:17.815814,analytics-engine,ErrorRateSpike,info,prometheus,errors,1.03,5,3,0
2026-02-09 02:18:17.815814,frontend-web,HighMemory,info,grafana,memory,50.69,85,4,0
2026-02-09 02:23:17.815814,auth-service,HighLatency,info,grafana,latency,72.26,300,2,0
2026-02-09 02:28:17.815814,inventory-db,HighCPU,info,logs,cpu,28.65,80,1,0
2026-02-09 02:33:17.815814,frontend-web,HighLatency,info,logs,latency,68.07,300,1,0
2026-02-09 02:38:17.815814,analytics-engine,HighCPU,warning,grafana,cpu,58.59,80,14,1
2026-02-09 02:43:17.815814,analytics-engine,HighMemory,info,prometheus,memory,66.23,85,1,0
2026-02-09 02:48:17.815814,payment-gateway,HighCPU,info,logs,cpu,19.72,80,3,0
2026-02-09 02:53:17.815814,auth-service,HighLatency,info,logs,latency,129.85,300,2,0
2026-02-09 02:58:17.815814,payment-gateway,HighCPU,info,grafana,cpu,49.19,80,2,0
2026-02-09 03:03:17.815814,inventory-db,DiskSpaceLow,info,logs,disk,37.02,90,1,0
2026-02-09 03:08:17.815814,inventory-db,HighMemory,info,prometheus,memory,63.28,85,2,0
2026-02-09 03:13:17.815814,inventory-db,DiskSpaceLow,info,logs,disk,41.02,90,1,0
2026-02-09 03:18:17.815814,frontend-web,HighMemory,critical,prometheus,memory,99.87,85,2,1
2026-02-09 03:23:17.815814,inventory-db,HighCPU,info,logs,cpu,45.19,80,3,0
2026-02-09 03:28:17.815814,payment-gateway,HighCPU,info,prometheus,cpu,19.57,80,1,0
2026-02-09 03:33:17.815814,payment-gateway,HighLatency,info,grafana,latency,167.47,300,1,0
2026-02-09 03:38:17.815814,inventory-db,HighCPU,info,logs,cpu,48.68,80,1,0
2026-02-09 03:43:17.815814,auth-service,HighCPU,info,grafana,cpu,52.85,80,1,0
2026-02-09 03:48:17.815814,payment-gateway,HighLatency,info,prometheus,latency,72.65,300,1,0
2026-02-09 03:53:17.815814,auth-service,HighLatency,info,prometheus,latency,193.88,300,1,0
2026-02-09 03:58:17.815814,payment-gateway,DiskSpaceLow,info,prometheus,disk,28.01,90,3,0
2026-02-09 04:03:17.815814,analytics-engine,DiskSpaceLow,info,logs,disk,44.42,90,1,0
2026-02-09 04:08:17.815814,inventory-db,DiskSpaceLow,info,logs,disk,56.06,90,2,0
2026-02-09 04:13:17.815814,payment-gateway,HighMemory,info,prometheus,memory,60.98,85,1,0
2026-02-09 04:18:17.815814,inventory-db,HighMemory,info,grafana,memory,60.47,85,1,0
2026-02-09 04:23:17.815814,payment-gateway,HighCPU,info,prometheus,cpu,48.69,80,1,0
2026-02-09 04:28:17.815814,analytics-engine,DiskSpaceLow,info,grafana,disk,34.95,90,1,0
2026-02-09 04:33:17.815814,auth-service,DiskSpaceLow,info,prometheus,disk,51.69,90,1,0
2026-02-09 04:38:17.815814,analytics-engine,HighLatency,info,logs,latency,60.89,300,1,0
2026-02-09 04:43:17.815814,frontend-web,HighCPU,info,prometheus,cpu,55.62,80,1,0
2026-02-09 04:48:17.815814,analytics-engine,HighCPU,info,logs,cpu,40.64,80,1,0
2026-02-09 04:53:17.815814,frontend-web,HighLatency,info,logs,latency,138.47,300,2,0
2026-02-09 04:58:17.815814,frontend-web,HighCPU,info,logs,cpu,37.11,80,1,0
2026-02-09 05:03:17.815814,frontend-web,DiskSpaceLow,info,grafana,disk,40.55,90,1,0
2026-02-09 05:08:17.815814,payment-gateway,HighCPU,info,prometheus,cpu,24.99,80,3,0
2026-02-09 05:13:17.815814,auth-service,DiskSpaceLow,info,grafana,disk,42.06,90,5,0
2026-02-09 05:18:17.815814,frontend-web,HighMemory,info,prometheus,memory,43.1,85,2,0
2026-02-09 05:23:17.815814,frontend-web,HighLatency,info,grafana,latency,160.09,300,1,0
2026-02-09 05:28:17.815814,analytics-engine,HighMemory,info,logs,memory,66.21,85,4,0
2026-02-09 05:33:17.815814,inventory-db,HighMemory,info,prometheus,memory,61.72,85,1,0
2026-02-09 05:38:17.815814,frontend-web,HighCPU,info,prometheus,cpu,34.82,80,1,0
2026-02-09 05:43:17.815814,analytics-engine,HighLatency,info,prometheus,latency,87.64,300,1,0
2026-02-09 05:48:17.815814,payment-gateway,HighLatency,info,prometheus,latency,106.12,300,2,0
2026-02-09 05:53:17.815814,auth-service,DiskSpaceLow,info,grafana,disk,25.38,90,1,0
2026-02-09 05:58:17.815814,analytics-engine,HighLatency,info,grafana,latency,72.08,300,1,0
2026-02-09 06:03:17.815814,inventory-db,DiskSpaceLow,info,prometheus,disk,59.39,90,6,0
2026-02-09 06:08:17.815814,frontend-web,HighLatency,info,logs,latency,61.26,300,1,0
2026-02-09 06:13:17.815814,auth-service,HighMemory,info,prometheus,memory,70.34,85,5,0
2026-02-09 06:18:17.815814,frontend-web,HighLatency,info,prometheus,latency,189.28,300,1,0
2026-02-09 06:23:17.815814,analytics-engine,DiskSpaceLow,info,grafana,disk,60.77,90,1,0
2026-02-09 06:28:17.815814,auth-service,HighCPU,info,grafana,cpu,26.58,80,2,0
2026-02-09 06:33:17.815814,auth-service,HighLatency,info,prometheus,latency,84.78,300,1,0
2026-02-09 06:38:17.815814,frontend-web,ErrorRateSpike,info,prometheus,errors,0.0,5,1,0
2026-02-09 06:43:17.815814,payment-gateway,HighMemory,info,logs,memory,46.43,85,2,0
2026-02-09 06:48:17.815814,payment-gateway,HighCPU,info,prometheus,cpu,22.93,80,1,0
2026-02-09 06:53:17.815814,payment-gateway,DiskSpaceLow,info,prometheus,disk,49.52,90,1,0
2026-02-09 06:58:17.815814,payment-gateway,HighLatency,info,grafana,latency,127.2,300,1,0
2026-02-09 07:03:17.815814,payment-gateway,HighLatency,info,logs,latency,160.04,300,1,0
2026-02-09 07:08:17.815814,auth-service,HighMemory,info,grafana,memory,71.46,85,1,0
2026-02-09 07:13:17.815814,payment-gateway,HighLatency,info,prometheus,latency,151.51,300,1,0
2026-02-09 07:18:17.815814,frontend-web,DiskSpaceLow,info,grafana,disk,44.54,90,3,0
2026-02-09 07:23:17.815814,frontend-web,HighCPU,info,logs,cpu,54.14,80,3,0
2026-02-09 07:28:17.815814,frontend-web,HighCPU,info,logs,cpu,31.91,80,1,0
2026-02-09 07:33:17.815814,frontend-web,ErrorRateSpike,info,logs,errors,0.0,5,3,0
2026-02-09 07:38:17.815814,payment-gateway,ErrorRateSpike,info,logs,errors,0.0,5,1,0
2026-02-09 07:43:17.815814,payment-gateway,HighCPU,info,grafana,cpu,33.02,80,1,0
2026-02-09 07:48:17.815814,auth-service,ErrorRateSpike,warning,logs,errors,1.79,5,40,1
2026-02-09 07:53:17.815814,inventory-db,HighLatency,info,prometheus,latency,156.88,300,1,0
2026-02-09 07:58:17.815814,payment-gateway,HighLatency,critical,grafana,latency,380.37,300,50,1
2026-02-09 08:03:17.815814,analytics-engine,HighLatency,info,logs,latency,150.04,300,1,0
2026-02-09 08:08:17.815814,analytics-engine,HighLatency,info,grafana,latency,165.35,300,1,0
2026-02-09 08:13:17.815814,inventory-db,DiskSpaceLow,info,grafana,disk,45.72,90,1,0
2026-02-09 08:18:17.815814,frontend-web,ErrorRateSpike,info,grafana,errors,0.0,5,1,0
2026-02-09 08:23:17.815814,frontend-web,HighLatency,info,logs,latency,174.02,300,2,0
2026-02-09 08:28:17.815814,auth-service,HighLatency,info,prometheus,latency,50.62,300,1,0
2026-02-09 08:33:17.815814,payment-gateway,HighMemory,info,logs,memory,56.17,85,1,0
2026-02-09 08:38:17.815814,payment-gateway,HighCPU,info,prometheus,cpu,42.21,80,1,0
2026-02-09 08:43:17.815814,frontend-web,HighMemory,info,grafana,memory,60.2,85,4,0
2026-02-09 08:48:17.815814,frontend-web,DiskSpaceLow,info,logs,disk,49.51,90,4,0
2026-02-09 08:53:17.815814,payment-gateway,HighMemory,info,grafana,memory,61.45,85,3,0
2026-02-09 08:58:17.815814,frontend-web,HighLatency,info,grafana,latency,75.26,300,2,0
2026-02-09 09:03:17.815814,frontend-web,HighCPU,info,grafana,cpu,32.56,80,3,0
2026-02-09 09:08:17.815814,inventory-db,HighLatency,info,logs,latency,132.5,300,1,0
2026-02-09 09:13:17.815814,auth-service,HighCPU,info,logs,cpu,51.39,80,1,0
2026-02-09 09:18:17.815814,payment-gateway,DiskSpaceLow,info,prometheus,disk,42.11,90,1,0
2026-02-09 09:23:17.815814,payment-gateway,ErrorRateSpike,info,logs,errors,0.0,5,1,0
2026-02-09 09:28:17.815814,analytics-engine,DiskSpaceLow,warning,logs,disk,70.81,90,36,1
2026-02-09 09:33:17.815814,inventory-db,HighLatency,info,grafana,latency,133.77,300,3,0
2026-02-09 09:38:17.815814,inventory-db,HighMemory,info,grafana,memory,47.28,85,1,0
2026-02-09 09:43:17.815814,frontend-web,HighMemory,info,logs,memory,40.99,85,3,0
2026-02-09 09:48:17.815814,payment-gateway,ErrorRateSpike,info,grafana,errors,4.41,5,1,0
2026-02-09 09:53:17.815814,analytics-engine,HighCPU,info,prometheus,cpu,53.4,80,2,0
2026-02-09 09:58:17.815814,analytics-engine,HighMemory,info,grafana,memory,52.24,85,3,0
2026-02-09 10:03:17.815814,payment-gateway,ErrorRateSpike,warning,grafana,errors,5.61,5,9,0
2026-02-09 10:08:17.815814,payment-gateway,HighLatency,info,grafana,latency,92.0,300,1,0
2026-02-09 10:13:17.815814,frontend-web,DiskSpaceLow,info,grafana,disk,28.84,90,5,0
2026-02-09 10:18:17.815814,auth-service,HighMemory,info,logs,memory,42.23,85,1,0
2026-02-09 10:23:17.815814,inventory-db,ErrorRateSpike,info,prometheus,errors,0.0,5,1,0
2026-02-09 10:28:17.815814,auth-service,HighCPU,info,prometheus,cpu,36.76,80,1,0
2026-02-09 10:33:17.815814,payment-gateway,HighCPU,info,logs,cpu,31.79,80,1,0
2026-02-09 10:38:17.815814,payment-gateway,ErrorRateSpike,info,prometheus,errors,0.0,5,1,0
2026-02-09 10:43:17.815814,payment-gateway,DiskSpaceLow,info,grafana,disk,44.84,90,1,0
2026-02-09 10:48:17.815814,inventory-db,HighCPU,info,logs,cpu,33.17,80,1,0
2026-02-09 10:53:17.815814,payment-gateway,ErrorRateSpike,info,grafana,errors,3.05,5,1,0
2026-02-09 10:58:17.815814,frontend-web,HighMemory,info,prometheus,memory,54.48,85,3,0
2026-02-09 11:03:17.815814,analytics-engine,HighMemory,info,logs,memory,51.24,85,1,0
2026-02-09 11:08:17.815814,frontend-web,HighCPU,info,grafana,cpu,43.21,80,1,0
2026-02-09 11:13:17.815814,auth-service,DiskSpaceLow,info,prometheus,disk,49.38,90,1,0
2026-02-09 11:18:17.815814,payment-gateway,HighMemory,info,logs,memory,59.76,85,1,0
2026-02-09 11:23:17.815814,frontend-web,HighMemory,info,prometheus,memory,67.66,85,1,0
2026-02-09 11:28:17.815814,analytics-engine,HighLatency,info,prometheus,latency,195.42,300,1,0
2026-02-09 11:33:17.815814,frontend-web,DiskSpaceLow,info,grafana,disk,58.85,90,2,0
2026-02-09 11:38:17.815814,analytics-engine,HighMemory,info,logs,memory,71.2,85,2,0
2026-02-09 11:43:17.815814,payment-gateway,HighMemory,info,grafana,memory,65.17,85,2,0
2026-02-09 11:48:17.815814,auth-service,HighCPU,info,logs,cpu,36.0,80,1,0
2026-02-09 11:53:17.815814,inventory-db,HighMemory,info,logs,memory,54.42,85,2,0
2026-02-09 11:58:17.815814,payment-gateway,DiskSpaceLow,info,logs,disk,51.52,90,1,0
2026-02-09 12:03:17.815814,frontend-web,HighCPU,info,logs,cpu,25.51,80,1,0
2026-02-09 12:08:17.815814,analytics-engine,HighLatency,info,prometheus,latency,101.48,300,1,0
2026-02-09 12:13:17.815814,auth-service,ErrorRateSpike,info,prometheus,errors,1.07,5,1,0
2026-02-09 12:18:17.815814,analytics-engine,DiskSpaceLow,info,logs,disk,59.0,90,1,0
2026-02-09 12:23:17.815814,inventory-db,ErrorRateSpike,info,prometheus,errors,0.0,5,2,0
2026-02-09 12:28:17.815814,frontend-web,HighLatency,info,grafana,latency,59.08,300,1,0
2026-02-09 12:33:17.815814,inventory-db,HighMemory,info,logs,memory,59.84,85,1,0
2026-02-09 12:38:17.815814,inventory-db,HighCPU,info,grafana,cpu,57.57,80,1,0
2026-02-09 12:43:17.815814,analytics-engine,DiskSpaceLow,info,prometheus,disk,37.11,90,3,0
2026-02-09 12:48:17.815814,payment-gateway,HighMemory,info,prometheus,memory,39.75,85,1,0
2026-02-09 12:53:17.815814,auth-service,ErrorRateSpike,info,grafana,errors,0.0,5,3,0
2026-02-09 12:58:17.815814,frontend-web,DiskSpaceLow,critical,grafana,disk,127.78,90,17,1
2026-02-09 13:03:17.815814,payment-gateway,HighCPU,info,grafana,cpu,61.02,80,1,0
2026-02-09 13:08:17.815814,payment-gateway,HighCPU,info,logs,cpu,52.52,80,2,0
2026-02-09 13:13:17.815814,frontend-web,HighCPU,critical,logs,cpu,84.04,80,45,1
2026-02-09 13:18:17.815814,payment-gateway,ErrorRateSpike,info,logs,errors,0.0,5,1,0
2026-02-09 13:23:17.815814,frontend-web,HighLatency,info,logs,latency,172.03,300,3,0
2026-02-09 13:28:17.815814,frontend-web,DiskSpaceLow,info,logs,disk,37.74,90,1,0
2026-02-09 13:33:17.815814,frontend-web,HighLatency,info,prometheus,latency,169.41,300,1,0
2026-02-09 13:38:17.815814,analytics-engine,ErrorRateSpike,info,prometheus,errors,0.0,5,1,0
2026-02-09 13:43:17.815814,frontend-web,ErrorRateSpike,info,logs,errors,0.0,5,1,0
2026-02-09 13:48:17.815814,auth-service,HighLatency,info,logs,latency,202.84,300,2,0
2026-02-09 13:53:17.815814,frontend-web,DiskSpaceLow,info,logs,disk,40.71,90,1,0
2026-02-09 13:58:17.815814,payment-gateway,HighMemory,info,prometheus,memory,59.21,85,1,0
2026-02-09 14:03:17.815814,auth-service,DiskSpaceLow,info,logs,disk,50.53,90,1,0
2026-02-09 14:08:17.815814,analytics-engine,DiskSpaceLow,info,prometheus,disk,42.68,90,2,0
2026-02-09 14:13:17.815814,auth-service,HighLatency,info,grafana,latency,132.3,300,1,0
2026-02-09 14:18:17.815814,analytics-engine,HighMemory,info,prometheus,memory,59.53,85,2,0
2026-02-09 14:23:17.815814,inventory-db,HighLatency,info,logs,latency,148.17,300,2,0
2026-02-09 14:28:17.815814,analytics-engine,DiskSpaceLow,critical,grafana,disk,108.66,90,1,1
2026-02-09 14:33:17.815814,payment-gateway,HighCPU,info,grafana,cpu,38.67,80,1,0
2026-02-09 14:38:17.815814,analytics-engine,HighMemory,info,logs,memory,37.84,85,1,0
2026-02-09 14:43:17.815814,auth-service,HighMemory,info,grafana,memory,60.56,85,2,0
2026-02-09 14:48:17.815814,analytics-engine,HighMemory,info,logs,memory,43.64,85,3,0
2026-02-09 14:53:17.815814,analytics-engine,HighMemory,info,grafana,memory,66.82,85,1,0
2026-02-09 14:58:17.815814,payment-gateway,HighLatency,info,prometheus,latency,187.74,300,2,0
2026-02-09 15:03:17.815814,frontend-web,HighCPU,info,prometheus,cpu,61.95,80,3,0
2026-02-09 15:08:17.815814,payment-gateway,DiskSpaceLow,info,prometheus,disk,43.14,90,3,0
2026-02-09 15:13:17.815814,auth-service,ErrorRateSpike,info,grafana,errors,0.0,5,1,0
2026-02-09 15:18:17.815814,auth-service,DiskSpaceLow,info,grafana,disk,54.1,90,1,0
2026-02-09 15:23:17.815814,auth-service,HighLatency,info,prometheus,latency,102.22,300,1,0
2026-02-09 15:28:17.815814,frontend-web,ErrorRateSpike,info,grafana,errors,0.0,5,2,0
2026-02-09 15:33:17.815814,inventory-db,DiskSpaceLow,info,logs,disk,39.54,90,3,0
2026-02-09 15:38:17.815814,analytics-engine,DiskSpaceLow,info,grafana,disk,62.77,90,1,0
2026-02-09 15:43:17.815814,auth-service,HighCPU,critical,logs,cpu,122.88,80,5,1
2026-02-09 15:48:17.815814,inventory-db,HighLatency,info,prometheus,latency,88.41,300,1,0
2026-02-09 15:53:17.815814,frontend-web,ErrorRateSpike,info,logs,errors,0.69,5,1,0
2026-02-09 15:58:17.815814,inventory-db,HighLatency,info,prometheus,latency,162.94,300,1,0
2026-02-09 16:03:17.815814,auth-service,ErrorRateSpike,info,logs,errors,1.85,5,1,0
2026-02-09 16:08:17.815814,inventory-db,HighMemory,info,logs,memory,69.94,85,3,0
2026-02-09 16:13:17.815814,analytics-engine,HighLatency,info,prometheus,latency,158.71,300,4,0
2026-02-09 16:18:17.815814,analytics-engine,HighCPU,info,grafana,cpu,52.5,80,1,0
2026-02-09 16:23:17.815814,payment-gateway,HighMemory,info,logs,memory,49.56,85,1,0
2026-02-09 16:28:17.815814,payment-gateway,HighLatency,info,prometheus,latency,116.11,300,1,0
2026-02-09 16:33:17.815814,payment-gateway,HighLatency,info,logs,latency,76.93,300,1,0
2026-02-09 16:38:17.815814,inventory-db,HighCPU,critical,prometheus,cpu,87.28,80,38,1
2026-02-09 16:43:17.815814,analytics-engine,HighMemory,info,prometheus,memory,69.45,85,1,0
2026-02-09 16:48:17.815814,auth-service,DiskSpaceLow,info,prometheus,disk,48.57,90,1,0
2026-02-09 16:53:17.815814,inventory-db,HighMemory,critical,grafana,memory,117.11,85,41,1
2026-02-09 16:58:17.815814,auth-service,HighLatency,info,prometheus,latency,80.99,300,1,0
2026-02-09 17:03:17.815814,analytics-engine,HighLatency,info,grafana,latency,107.67,300,1,0
2026-02-09 17:08:17.815814,payment-gateway,HighLatency,info,grafana,latency,137.38,300,3,0
2026-02-09 17:13:17.815814,frontend-web,DiskSpaceLow,info,logs,disk,41.92,90,1,0
2026-02-09 17:18:17.815814,frontend-web,HighMemory,info,logs,memory,70.14,85,2,0
2026-02-09 17:23:17.815814,inventory-db,HighMemory,info,grafana,memory,56.06,85,1,0
2026-02-09 17:28:17.815814,auth-service,ErrorRateSpike,info,prometheus,errors,0.42,5,2,0
2026-02-09 17:33:17.815814,inventory-db,ErrorRateSpike,info,prometheus,errors,2.58,5,1,0
2026-02-09 17:38:17.815814,inventory-db,HighLatency,info,grafana,latency,108.29,300,1,0
2026-02-09 17:43:17.815814,analytics-engine,DiskSpaceLow,info,grafana,disk,49.53,90,1,0
2026-02-09 17:48:17.815814,analytics-engine,DiskSpaceLow,info,logs,disk,37.47,90,1,0
2026-02-09 17:53:17.815814,payment-gateway,DiskSpaceLow,info,grafana,disk,52.32,90,1,0
2026-02-09 17:58:17.815814,auth-service,HighLatency,info,grafana,latency,63.83,300,2,0
2026-02-09 18:03:17.815814,inventory-db,HighMemory,info,grafana,memory,56.41,85,3,0
2026-02-09 18:08:17.815814,auth-service,ErrorRateSpike,info,grafana,errors,0.0,5,2,0
2026-02-09 18:13:17.815814,frontend-web,ErrorRateSpike,info,logs,errors,3.49,5,1,0
2026-02-09 18:18:17.815814,inventory-db,HighCPU,info,logs,cpu,53.09,80,1,0
2026-02-09 18:23:17.815814,analytics-engine,HighCPU,info,grafana,cpu,23.63,80,4,0
2026-02-09 18:28:17.815814,payment-gateway,ErrorRateSpike,info,grafana,errors,0.13,5,1,0
2026-02-09 18:33:17.815814,analytics-engine,HighCPU,info,logs,cpu,32.02,80,1,0
2026-02-09 18:38:17.815814,auth-service,HighLatency,info,logs,latency,73.81,300,2,0
2026-02-09 18:43:17.815814,frontend-web,HighLatency,warning,prometheus,latency,121.15,300,29,1
2026-02-09 18:48:17.815814,frontend-web,HighMemory,info,grafana,memory,72.87,85,3,0
2026-02-09 18:53:17.815814,inventory-db,HighLatency,info,grafana,latency,53.9,300,1,0
2026-02-09 18:58:17.815814,inventory-db,ErrorRateSpike,info,logs,errors,2.27,5,1,0
2026-02-09 19:03:17.815814,payment-gateway,DiskSpaceLow,info,prometheus,disk,48.1,90,1,0
2026-02-09 19:08:17.815814,analytics-engine,HighCPU,info,grafana,cpu,31.82,80,1,0
2026-02-09 19:13:17.815814,payment-gateway,HighMemory,info,logs,memory,58.23,85,2,0
2026-02-09 19:18:17.815814,auth-service,DiskSpaceLow,critical,logs,disk,110.49,90,1,1
2026-02-09 19:23:17.815814,inventory-db,HighCPU,info,grafana,cpu,23.65,80,1,0
2026-02-09 19:28:17.815814,payment-gateway,HighLatency,info,logs,latency,187.98,300,4,0
2026-02-09 19:33:17.815814,inventory-db,HighCPU,info,prometheus,cpu,44.39,80,1,0
2026-02-09 19:38:17.815814,analytics-engine,HighLatency,info,grafana,latency,155.2,300,1,0
2026-02-09 19:43:17.815814,analytics-engine,HighMemory,info,grafana,memory,69.79,85,1,0
2026-02-09 19:48:17.815814,inventory-db,ErrorRateSpike,info,prometheus,errors,4.56,5,2,0
2026-02-09 19:53:17.815814,auth-service,HighLatency,info,logs,latency,56.9,300,1,0
2026-02-09 19:58:17.815814,frontend-web,DiskSpaceLow,info,grafana,disk,36.32,90,2,0
2026-02-09 20:03:17.815814,inventory-db,DiskSpaceLow,info,prometheus,disk,41.67,90,1,0
2026-02-09 20:08:17.815814,frontend-web,ErrorRateSpike,info,prometheus,errors,4.02,5,2,0
2026-02-09 20:13:17.815814,frontend-web,ErrorRateSpike,info,logs,errors,0.0,5,1,0
2026-02-09 20:18:17.815814,auth-service,HighMemory,info,grafana,memory,53.84,85,2,0
2026-02-09 20:23:17.815814,payment-gateway,HighMemory,info,grafana,memory,43.74,85,2,0
2026-02-09 20:28:17.815814,frontend-web,HighLatency,critical,prometheus,latency,334.23,300,1,1
2026-02-09 20:33:17.815814,frontend-web,HighLatency,info,grafana,latency,72.28,300,2,0
2026-02-09 20:38:17.815814,auth-service,DiskSpaceLow,info,logs,disk,47.6,90,1,0
2026-02-09 20:43:17.815814,inventory-db,HighMemory,info,logs,memory,62.08,85,1,0
2026-02-09 20:48:17.815814,payment-gateway,DiskSpaceLow,info,logs,disk,36.71,90,1,0
2026-02-09 20:53:17.815814,inventory-db,DiskSpaceLow,info,prometheus,disk,56.36,90,1,0
2026-02-09 20:58:17.815814,frontend-web,DiskSpaceLow,info,logs,disk,41.63,90,1,0
2026-02-09 21:03:17.815814,frontend-web,HighLatency,info,prometheus,latency,174.28,300,3,0
2026-02-09 21:08:17.815814,payment-gateway,HighCPU,info,grafana,cpu,29.36,80,2,0
2026-02-09 21:13:17.815814,inventory-db,ErrorRateSpike,info,logs,errors,4.35,5,1,0
2026-02-09 21:18:17.815814,analytics-engine,DiskSpaceLow,info,grafana,disk,54.07,90,1,0
2026-02-09 21:23:17.815814,payment-gateway,HighCPU,info,logs,cpu,36.17,80,2,0
2026-02-09 21:28:17.815814,analytics-engine,HighCPU,info,grafana,cpu,49.36,80,2,0
2026-02-09 21:33:17.815814,payment-gateway,HighMemory,info,prometheus,memory,38.98,85,2,0
2026-02-09 21:38:17.815814,inventory-db,HighCPU,info,logs,cpu,49.97,80,2,0
2026-02-09 21:43:17.815814,auth-service,HighLatency,info,grafana,latency,101.62,300,1,0
2026-02-09 21:48:17.815814,analytics-engine,DiskSpaceLow,critical,prometheus,disk,147.25,90,2,1
2026-02-09 21:53:17.815814,payment-gateway,DiskSpaceLow,info,logs,disk,48.73,90,1,0
2026-02-09 21:58:17.815814,frontend-web,HighMemory,info,grafana,memory,52.89,85,2,0
2026-02-09 22:03:17.815814,inventory-db,HighCPU,info,logs,cpu,38.37,80,1,0
2026-02-09 22:08:17.815814,payment-gateway,DiskSpaceLow,info,grafana,disk,34.07,90,2,0
2026-02-09 22:13:17.815814,inventory-db,ErrorRateSpike,info,logs,errors,0.0,5,1,0
2026-02-09 22:18:17.815814,payment-gateway,HighMemory,info,prometheus,memory,72.61,85,2,0
2026-02-09 22:23:17.815814,auth-service,ErrorRateSpike,warning,prometheus,errors,2.9,5,2,1
2026-02-09 22:28:17.815814,inventory-db,HighMemory,info,prometheus,memory,55.76,85,2,0
2026-02-09 22:33:17.815814,payment-gateway,ErrorRateSpike,info,logs,errors,3.76,5,2,0
2026-02-09 22:38:17.815814,frontend-web,HighCPU,info,grafana,cpu,32.92,80,1,0
2026-02-09 22:43:17.815814,inventory-db,HighMemory,info,prometheus,memory,58.87,85,1,0
2026-02-09 22:48:17.815814,inventory-db,HighLatency,info,logs,latency,132.76,300,1,0
2026-02-09 22:53:17.815814,analytics-engine,DiskSpaceLow,info,logs,disk,43.98,90,3,0
2026-02-09 22:58:17.815814,frontend-web,ErrorRateSpike,info,grafana,errors,0.0,5,2,0
2026-02-09 23:03:17.815814,auth-service,HighMemory,info,prometheus,memory,42.28,85,1,0
2026-02-09 23:08:17.815814,inventory-db,DiskSpaceLow,info,grafana,disk,35.67,90,1,0
2026-02-09 23:13:17.815814,auth-service,HighCPU,info,logs,cpu,28.27,80,1,0
2026-02-09 23:18:17.815814,auth-service,HighCPU,info,grafana,cpu,18.87,80,1,0
2026-02-09 23:23:17.815814,analytics-engine,HighLatency,info,logs,latency,104.62,300,1,0
2026-02-09 23:28:17.815814,inventory-db,ErrorRateSpike,info,prometheus,errors,0.0,5,1,0
2026-02-09 23:33:17.815814,analytics-engine,HighCPU,info,logs,cpu,39.85,80,1,0
2026-02-09 23:38:17.815814,analytics-engine,DiskSpaceLow,info,logs,disk,49.69,90,2,0
2026-02-09 23:43:17.815814,payment-gateway,HighLatency,info,prometheus,latency,173.6,300,1,0
2026-02-09 23:48:17.815814,auth-service,ErrorRateSpike,info,prometheus,errors,4.44,5,2,0
2026-02-09 23:53:17.815814,frontend-web,HighCPU,info,grafana,cpu,36.19,80,2,0
2026-02-09 23:58:17.815814,inventory-db,HighLatency,info,grafana,latency,139.89,300,1,0
2026-02-10 00:03:17.815814,analytics-engine,ErrorRateSpike,info,prometheus,errors,0.0,5,1,0
2026-02-10 00:08:17.815814,auth-service,HighCPU,info,logs,cpu,51.3,80,1,0
2026-02-10 00:13:17.815814,analytics-engine,HighMemory,info,grafana,memory,55.67,85,1,0
2026-02-10 00:18:17.815814,auth-service,ErrorRateSpike,info,prometheus,errors,0.0,5,3,0
2026-02-10 00:23:17.815814,frontend-web,HighMemory,info,logs,memory,42.83,85,1,0
2026-02-10 00:28:17.815814,analytics-engine,HighLatency,info,prometheus,latency,148.93,300,1,0
2026-02-10 00:33:17.815814,payment-gateway,HighCPU,info,grafana,cpu,50.08,80,1,0
2026-02-10 00:38:17.815814,analytics-engine,ErrorRateSpike,info,logs,errors,1.29,5,1,0
2026-02-10 00:43:17.815814,frontend-web,HighLatency,info,logs,latency,171.25,300,1,0
2026-02-10 00:48:17.815814,analytics-engine,HighLatency,info,logs,latency,70.85,300,1,0
2026-02-10 00:53:17.815814,analytics-engine,HighCPU,info,prometheus,cpu,43.8,80,1,0
2026-02-10 00:58:17.815814,inventory-db,HighCPU,info,logs,cpu,54.71,80,1,0
2026-02-10 01:03:17.815814,inventory-db,HighCPU,info,grafana,cpu,47.94,80,1,0
2026-02-10 01:08:17.815814,payment-gateway,DiskSpaceLow,info,logs,disk,37.21,90,1,0
2026-02-10 01:13:17.815814,inventory-db,ErrorRateSpike,warning,prometheus,errors,5.65,5,1,0
2026-02-10 01:18:17.815814,analytics-engine,HighCPU,info,logs,cpu,45.09,80,1,0
2026-02-10 01:23:17.815814,inventory-db,HighMemory,info,prometheus,memory,52.86,85,1,0
2026-02-10 01:28:17.815814,auth-service,ErrorRateSpike,warning,logs,errors,5.54,5,1,0
2026-02-10 01:33:17.815814,payment-gateway,ErrorRateSpike,info,prometheus,errors,0.0,5,1,0
2026-02-10 01:38:17.815814,inventory-db,DiskSpaceLow,info,grafana,disk,61.93,90,1,0
2026-02-10 01:43:17.815814,auth-service,HighCPU,info,prometheus,cpu,25.79,80,2,0
2026-02-10 01:48:17.815814,analytics-engine,HighLatency,info,grafana,latency,161.14,300,2,0
2026-02-10 01:53:17.815814,frontend-web,HighMemory,info,logs,memory,52.19,85,1,0
2026-02-10 01:58:17.815814,payment-gateway,ErrorRateSpike,info,prometheus,errors,2.38,5,1,0
2026-02-10 02:03:17.815814,inventory-db,HighMemory,info,prometheus,memory,51.81,85,1,0
2026-02-10 02:08:17.815814,analytics-engine,ErrorRateSpike,info,prometheus,errors,2.07,5,1,0
2026-02-10 02:13:17.815814,payment-gateway,HighLatency,info,grafana,latency,148.23,300,1,0
2026-02-10 02:18:17.815814,frontend-web,HighMemory,info,logs,memory,69.72,85,2,0
2026-02-10 02:23:17.815814,auth-service,HighMemory,info,prometheus,memory,65.01,85,2,0
2026-02-10 02:28:17.815814,analytics-engine,HighMemory,info,grafana,memory,64.28,85,1,0
2026-02-10 02:33:17.815814,frontend-web,ErrorRateSpike,warning,logs,errors,2.21,5,48,1
2026-02-10 02:38:17.815814,auth-service,HighMemory,info,prometheus,memory,48.22,85,1,0
2026-02-10 02:43:17.815814,analytics-engine,HighLatency,info,grafana,latency,189.93,300,1,0
2026-02-10 02:48:17.815814,inventory-db,DiskSpaceLow,info,prometheus,disk,28.57,90,1,0
2026-02-10 02:53:17.815814,frontend-web,HighMemory,info,prometheus,memory,57.23,85,1,0
2026-02-10 02:58:17.815814,frontend-web,ErrorRateSpike,warning,logs,errors,5.82,5,1,0
2026-02-10 03:03:17.815814,inventory-db,DiskSpaceLow,info,logs,disk,53.58,90,2,0
2026-02-10 03:08:17.815814,analytics-engine,HighCPU,info,grafana,cpu,50.47,80,1,0
2026-02-10 03:13:17.815814,auth-service,HighMemory,info,logs,memory,39.55,85,1,0
2026-02-10 03:18:17.815814,payment-gateway,HighMemory,info,grafana,memory,48.77,85,1,0
2026-02-10 03:23:17.815814,frontend-web,HighLatency,info,prometheus,latency,121.01,300,1,0
2026-02-10 03:28:17.815814,auth-service,HighLatency,info,grafana,latency,193.93,300,1,0
2026-02-10 03:33:17.815814,frontend-web,ErrorRateSpike,info,logs,errors,0.0,5,6,0
2026-02-10 03:38:17.815814,frontend-web,DiskSpaceLow,info,logs,disk,41.33,90,1,0
2026-02-10 03:43:17.815814,auth-service,DiskSpaceLow,info,logs,disk,31.02,90,1,0
2026-02-10 03:48:17.815814,analytics-engine,DiskSpaceLow,info,prometheus,disk,47.16,90,1,0
2026-02-10 03:53:17.815814,inventory-db,HighLatency,info,prometheus,latency,57.71,300,1,0
2026-02-10 03:58:17.815814,payment-gateway,DiskSpaceLow,info,grafana,disk,39.11,90,2,0
2026-02-10 04:03:17.815814,frontend-web,HighLatency,info,prometheus,latency,140.5,300,5,0
2026-02-10 04:08:17.815814,payment-gateway,HighLatency,info,prometheus,latency,54.86,300,1,0
2026-02-10 04:13:17.815814,auth-service,DiskSpaceLow,info,prometheus,disk,40.58,90,1,0
2026-02-10 04:18:17.815814,inventory-db,HighMemory,info,grafana,memory,43.12,85,1,0
2026-02-10 04:23:17.815814,payment-gateway,ErrorRateSpike,warning,logs,errors,5.72,5,1,0
2026-02-10 04:28:17.815814,payment-gateway,DiskSpaceLow,info,logs,disk,38.8,90,2,0
2026-02-10 04:33:17.815814,analytics-engine,DiskSpaceLow,info,logs,disk,44.58,90,1,0
2026-02-10 04:38:17.815814,auth-service,HighLatency,info,prometheus,latency,195.43,300,1,0
2026-02-10 04:43:17.815814,analytics-engine,HighLatency,info,prometheus,latency,60.22,300,1,0
2026-02-10 04:48:17.815814,analytics-engine,HighMemory,info,grafana,memory,71.1,85,1,0
2026-02-10 04:53:17.815814,auth-service,HighCPU,info,grafana,cpu,39.66,80,2,0
2026-02-10 04:58:17.815814,payment-gateway,HighMemory,info,logs,memory,49.51,85,1,0
2026-02-10 05:03:17.815814,frontend-web,HighMemory,info,grafana,memory,56.17,85,1,0
2026-02-10 05:08:17.815814,frontend-web,HighLatency,info,grafana,latency,163.89,300,1,0
2026-02-10 05:13:17.815814,frontend-web,ErrorRateSpike,info,grafana,errors,2.79,5,1,0
2026-02-10 05:18:17.815814,auth-service,ErrorRateSpike,info,logs,errors,0.53,5,1,0
2026-02-10 05:23:17.815814,payment-gateway,HighCPU,info,logs,cpu,48.82,80,2,0
2026-02-10 05:28:17.815814,frontend-web,HighLatency,info,grafana,latency,112.98,300,1,0
2026-02-10 05:33:17.815814,frontend-web,HighCPU,info,prometheus,cpu,57.05,80,1,0
2026-02-10 05:38:17.815814,frontend-web,DiskSpaceLow,info,grafana,disk,37.98,90,1,0
2026-02-10 05:43:17.815814,frontend-web,HighLatency,info,grafana,latency,122.59,300,1,0
2026-02-10 05:48:17.815814,payment-gateway,ErrorRateSpike,warning,grafana,errors,6.29,5,1,0
2026-02-10 05:53:17.815814,frontend-web,HighMemory,info,grafana,memory,48.14,85,1,0
2026-02-10 05:58:17.815814,frontend-web,HighMemory,info,logs,memory,54.31,85,1,0
2026-02-10 06:03:17.815814,inventory-db,HighMemory,info,prometheus,memory,54.64,85,1,0
2026-02-10 06:08:17.815814,inventory-db,ErrorRateSpike,info,logs,errors,4.46,5,3,0
2026-02-10 06:13:17.815814,analytics-engine,HighLatency,info,logs,latency,155.36,300,4,0
2026-02-10 06:18:17.815814,frontend-web,HighMemory,info,grafana,memory,57.93,85,2,0
2026-02-10 06:23:17.815814,payment-gateway,HighCPU,info,grafana,cpu,49.01,80,1,0
2026-02-10 06:28:17.815814,analytics-engine,HighLatency,info,grafana,latency,195.83,300,1,0
2026-02-10 06:33:17.815814,analytics-engine,HighLatency,info,logs,latency,171.36,300,2,0
2026-02-10 06:38:17.815814,payment-gateway,ErrorRateSpike,info,grafana,errors,0.52,5,1,0
2026-02-10 06:43:17.815814,inventory-db,HighLatency,info,grafana,latency,152.05,300,1,0
2026-02-10 06:48:17.815814,auth-service,ErrorRateSpike,info,prometheus,errors,0.0,5,2,0
2026-02-10 06:53:17.815814,frontend-web,HighMemory,info,logs,memory,54.61,85,1,0
2026-02-10 06:58:17.815814,analytics-engine,HighMemory,info,grafana,memory,42.37,85,1,0
2026-02-10 07:03:17.815814,inventory-db,HighMemory,info,prometheus,memory,48.15,85,1,0
2026-02-10 07:08:17.815814,inventory-db,DiskSpaceLow,info,grafana,disk,51.19,90,2,0
2026-02-10 07:13:17.815814,analytics-engine,DiskSpaceLow,info,grafana,disk,31.45,90,1,0
2026-02-10 07:18:17.815814,payment-gateway,HighCPU,info,grafana,cpu,53.67,80,2,0
2026-02-10 07:23:17.815814,frontend-web,HighCPU,info,logs,cpu,35.02,80,1,0
2026-02-10 07:28:17.815814,frontend-web,HighMemory,info,logs,memory,65.36,85,1,0
2026-02-10 07:33:17.815814,analytics-engine,HighLatency,info,prometheus,latency,80.91,300,1,0
2026-02-10 07:38:17.815814,inventory-db,HighLatency,info,prometheus,latency,185.46,300,1,0
2026-02-10 07:43:17.815814,auth-service,HighMemory,info,grafana,memory,35.77,85,3,0
2026-02-10 07:48:17.815814,analytics-engine,HighCPU,info,grafana,cpu,49.04,80,1,0
2026-02-10 07:53:17.815814,frontend-web,ErrorRateSpike,info,prometheus,errors,0.0,5,1,0
2026-02-10 07:58:17.815814,analytics-engine,ErrorRateSpike,info,grafana,errors,0.4,5,1,0
2026-02-10 08:03:17.815814,auth-service,HighLatency,info,logs,latency,124.77,300,1,0
2026-02-10 08:08:17.815814,analytics-engine,HighMemory,info,prometheus,memory,43.96,85,1,0
2026-02-10 08:13:17.815814,frontend-web,HighMemory,info,grafana,memory,39.88,85,2,0
2026-02-10 08:18:17.815814,analytics-engine,HighCPU,info,grafana,cpu,34.35,80,2,0
2026-02-10 08:23:17.815814,payment-gateway,HighCPU,info,grafana,cpu,57.33,80,1,0
2026-02-10 08:28:17.815814,inventory-db,ErrorRateSpike,warning,logs,errors,4.28,5,3,1
2026-02-10 08:33:17.815814,inventory-db,HighMemory,info,prometheus,memory,56.22,85,2,0
2026-02-10 08:38:17.815814,frontend-web,DiskSpaceLow,info,grafana,disk,48.48,90,1,0
2026-02-10 08:43:17.815814,frontend-web,HighCPU,info,logs,cpu,41.06,80,3,0
2026-02-10 08:48:17.815814,auth-service,HighMemory,info,grafana,memory,45.41,85,2,0
2026-02-10 08:53:17.815814,analytics-engine,HighCPU,info,grafana,cpu,19.96,80,1,0
2026-02-10 08:58:17.815814,payment-gateway,ErrorRateSpike,info,logs,errors,3.17,5,2,0
2026-02-10 09:03:17.815814,payment-gateway,DiskSpaceLow,info,prometheus,disk,59.48,90,1,0
2026-02-10 09:08:17.815814,analytics-engine,DiskSpaceLow,info,grafana,disk,30.33,90,1,0
2026-02-10 09:13:17.815814,analytics-engine,HighCPU,info,logs,cpu,36.47,80,1,0
2026-02-10 09:18:17.815814,auth-service,HighLatency,info,logs,latency,112.93,300,2,0
2026-02-10 09:23:17.815814,frontend-web,HighLatency,info,prometheus,latency,160.58,300,3,0
2026-02-10 09:28:17.815814,frontend-web,HighLatency,info,grafana,latency,76.33,300,3,0
2026-02-10 09:33:17.815814,payment-gateway,HighMemory,info,prometheus,memory,63.7,85,1,0
2026-02-10 09:38:17.815814,analytics-engine,HighLatency,info,prometheus,latency,73.21,300,3,0
2026-02-10 09:43:17.815814,analytics-engine,HighMemory,info,grafana,memory,43.73,85,2,0
2026-02-10 09:48:17.815814,inventory-db,HighMemory,info,prometheus,memory,45.65,85,1,0
2026-02-10 09:53:17.815814,auth-service,HighCPU,info,logs,cpu,23.47,80,1,0
2026-02-10 09:58:17.815814,auth-service,HighMemory,info,grafana,memory,57.95,85,1,0
2026-02-10 10:03:17.815814,inventory-db,HighMemory,info,prometheus,memory,52.54,85,1,0
2026-02-10 10:08:17.815814,inventory-db,DiskSpaceLow,info,prometheus,disk,47.57,90,2,0
2026-02-10 10:13:17.815814,payment-gateway,HighLatency,info,grafana,latency,119.86,300,2,0
2026-02-10 10:18:17.815814,inventory-db,DiskSpaceLow,info,prometheus,disk,33.52,90,4,0
2026-02-10 10:23:17.815814,auth-service,HighMemory,info,prometheus,memory,55.7,85,2,0
2026-02-10 10:28:17.815814,analytics-engine,HighCPU,info,prometheus,cpu,50.32,80,2,0
2026-02-10 10:33:17.815814,payment-gateway,HighCPU,info,grafana,cpu,45.85,80,1,0
2026-02-10 10:38:17.815814,payment-gateway,ErrorRateSpike,warning,prometheus,errors,5.16,5,1,0
2026-02-10 10:43:17.815814,analytics-engine,HighMemory,info,grafana,memory,43.55,85,1,0
2026-02-10 10:48:17.815814,analytics-engine,DiskSpaceLow,info,grafana,disk,32.91,90,1,0
2026-02-10 10:53:17.815814,analytics-engine,HighLatency,info,grafana,latency,192.18,300,2,0
2026-02-10 10:58:17.815814,inventory-db,HighCPU,info,prometheus,cpu,31.31,80,2,0
2026-02-10 11:03:17.815814,frontend-web,HighCPU,info,grafana,cpu,44.85,80,2,0
2026-02-10 11:08:17.815814,analytics-engine,HighLatency,info,logs,latency,157.64,300,3,0
2026-02-10 11:13:17.815814,inventory-db,HighLatency,warning,prometheus,latency,104.38,300,24,1
2026-02-10 11:18:17.815814,inventory-db,HighCPU,info,grafana,cpu,26.1,80,2,0
2026-02-10 11:23:17.815814,payment-gateway,DiskSpaceLow,info,grafana,disk,59.9,90,2,0
2026-02-10 11:28:17.815814,inventory-db,DiskSpaceLow,info,prometheus,disk,53.47,90,1,0
2026-02-10 11:33:17.815814,analytics-engine,HighMemory,info,grafana,memory,57.87,85,2,0
2026-02-10 11:38:17.815814,frontend-web,HighCPU,info,grafana,cpu,29.66,80,1,0
2026-02-10 11:43:17.815814,inventory-db,HighLatency,info,logs,latency,116.98,300,1,0
2026-02-10 11:48:17.815814,auth-service,DiskSpaceLow,info,logs,disk,55.3,90,1,0
2026-02-10 11:53:17.815814,inventory-db,DiskSpaceLow,info,logs,disk,57.41,90,4,0
2026-02-10 11:58:17.815814,inventory-db,HighLatency,info,logs,latency,77.28,300,1,0
2026-02-10 12:03:17.815814,payment-gateway,HighMemory,info,logs,memory,61.27,85,1,0
2026-02-10 12:08:17.815814,analytics-engine,HighLatency,info,prometheus,latency,78.21,300,2,0
2026-02-10 12:13:17.815814,inventory-db,HighMemory,info,prometheus,memory,42.52,85,2,0
2026-02-10 12:18:17.815814,analytics-engine,HighLatency,info,logs,latency,72.76,300,1,0
2026-02-10 12:23:17.815814,payment-gateway,ErrorRateSpike,info,prometheus,errors,3.1,5,2,0
2026-02-10 12:28:17.815814,inventory-db,HighLatency,info,logs,latency,174.95,300,1,0
2026-02-10 12:33:17.815814,payment-gateway,HighCPU,info,logs,cpu,50.44,80,2,0
2026-02-10 12:38:17.815814,auth-service,ErrorRateSpike,info,prometheus,errors,2.72,5,1,0
2026-02-10 12:43:17.815814,inventory-db,HighLatency,info,grafana,latency,78.52,300,1,0
2026-02-10 12:48:17.815814,frontend-web,ErrorRateSpike,info,logs,errors,4.11,5,1,0
2026-02-10 12:53:17.815814,auth-service,HighMemory,info,logs,memory,58.81,85,2,0
2026-02-10 12:58:17.815814,frontend-web,HighLatency,info,grafana,latency,78.42,300,1,0
2026-02-10 13:03:17.815814,frontend-web,HighCPU,info,prometheus,cpu,42.08,80,1,0
2026-02-10 13:08:17.815814,auth-service,DiskSpaceLow,info,grafana,disk,46.2,90,1,0
2026-02-10 13:13:17.815814,frontend-web,HighLatency,warning,logs,latency,140.21,300,1,1
2026-02-10 13:18:17.815814,frontend-web,DiskSpaceLow,info,grafana,disk,56.03,90,2,0
2026-02-10 13:23:17.815814,payment-gateway,ErrorRateSpike,info,grafana,errors,0.0,5,1,0
2026-02-10 13:28:17.815814,analytics-engine,ErrorRateSpike,info,grafana,errors,3.19,5,1,0
2026-02-10 13:33:17.815814,analytics-engine,HighMemory,info,prometheus,memory,64.97,85,1,0
2026-02-10 13:38:17.815814,inventory-db,HighCPU,info,grafana,cpu,26.62,80,1,0
2026-02-10 13:43:17.815814,inventory-db,HighCPU,info,prometheus,cpu,39.31,80,3,0
2026-02-10 13:48:17.815814,auth-service,HighMemory,info,prometheus,memory,42.98,85,4,0
2026-02-10 13:53:17.815814,auth-service,ErrorRateSpike,info,logs,errors,3.17,5,1,0
2026-02-10 13:58:17.815814,analytics-engine,DiskSpaceLow,info,grafana,disk,62.36,90,1,0
2026-02-10 14:03:17.815814,payment-gateway,HighLatency,info,logs,latency,151.78,300,1,0
2026-02-10 14:08:17.815814,payment-gateway,DiskSpaceLow,info,prometheus,disk,59.25,90,3,0
2026-02-10 14:13:17.815814,inventory-db,ErrorRateSpike,info,prometheus,errors,2.04,5,1,0
2026-02-10 14:18:17.815814,payment-gateway,DiskSpaceLow,info,grafana,disk,50.1,90,2,0
2026-02-10 14:23:17.815814,auth-service,DiskSpaceLow,info,grafana,disk,35.38,90,1,0
2026-02-10 14:28:17.815814,analytics-engine,HighCPU,info,grafana,cpu,29.78,80,2,0
2026-02-10 14:33:17.815814,inventory-db,DiskSpaceLow,info,prometheus,disk,43.36,90,2,0
2026-02-10 14:38:17.815814,analytics-engine,HighMemory,info,prometheus,memory,71.81,85,2,0
2026-02-10 14:43:17.815814,payment-gateway,HighLatency,info,logs,latency,143.73,300,1,0
2026-02-10 14:48:17.815814,inventory-db,DiskSpaceLow,info,logs,disk,31.6,90,1,0
2026-02-10 14:53:17.815814,auth-service,HighCPU,info,logs,cpu,53.85,80,1,0
2026-02-10 14:58:17.815814,inventory-db,ErrorRateSpike,info,grafana,errors,0.0,5,2,0
2026-02-10 15:03:17.815814,frontend-web,HighCPU,info,prometheus,cpu,26.32,80,2,0
2026-02-10 15:08:17.815814,analytics-engine,HighLatency,info,prometheus,latency,123.11,300,1,0
2026-02-10 15:13:17.815814,auth-service,ErrorRateSpike,info,prometheus,errors,2.84,5,2,0
2026-02-10 15:18:17.815814,inventory-db,HighLatency,info,logs,latency,173.72,300,1,0
2026-02-10 15:23:17.815814,frontend-web,HighLatency,info,logs,latency,72.57,300,1,0
2026-02-10 15:28:17.815814,inventory-db,DiskSpaceLow,info,grafana,disk,31.97,90,1,0
2026-02-10 15:33:17.815814,frontend-web,ErrorRateSpike,info,logs,errors,0.0,5,3,0
2026-02-10 15:38:17.815814,frontend-web,HighMemory,info,logs,memory,64.29,85,1,0
2026-02-10 15:43:17.815814,payment-gateway,HighLatency,info,logs,latency,72.54,300,1,0
2026-02-10 15:48:17.815814,auth-service,HighLatency,info,grafana,latency,64.0,300,1,0
2026-02-10 15:53:17.815814,inventory-db,ErrorRateSpike,info,logs,errors,3.52,5,1,0
2026-02-10 15:58:17.815814,payment-gateway,DiskSpaceLow,info,prometheus,disk,31.87,90,2,0
2026-02-10 16:03:17.815814,payment-gateway,ErrorRateSpike,info,grafana,errors,4.72,5,2,0
2026-02-10 16:08:17.815814,payment-gateway,ErrorRateSpike,info,grafana,errors,2.73,5,1,0
2026-02-10 16:13:17.815814,frontend-web,HighCPU,info,grafana,cpu,44.61,80,1,0
2026-02-10 16:18:17.815814,frontend-web,DiskSpaceLow,info,grafana,disk,34.87,90,1,0
2026-02-10 16:23:17.815814,analytics-engine,DiskSpaceLow,info,grafana,disk,41.4,90,1,0
2026-02-10 16:28:17.815814,inventory-db,DiskSpaceLow,info,prometheus,disk,33.27,90,2,0
2026-02-10 16:33:17.815814,analytics-engine,HighLatency,info,grafana,latency,193.94,300,3,0
2026-02-10 16:38:17.815814,analytics-engine,HighMemory,info,prometheus,memory,57.95,85,1,0
2026-02-10 16:43:17.815814,analytics-engine,ErrorRateSpike,info,grafana,errors,1.01,5,1,0
2026-02-10 16:48:17.815814,frontend-web,DiskSpaceLow,info,prometheus,disk,53.0,90,1,0
2026-02-10 16:53:17.815814,auth-service,HighMemory,info,prometheus,memory,53.94,85,2,0
2026-02-10 16:58:17.815814,frontend-web,HighCPU,warning,grafana,cpu,71.46,80,2,1
2026-02-10 17:03:17.815814,analytics-engine,ErrorRateSpike,info,grafana,errors,0.0,5,2,0
2026-02-10 17:08:17.815814,frontend-web,DiskSpaceLow,info,grafana,disk,37.55,90,1,0
2026-02-10 17:13:17.815814,payment-gateway,HighLatency,info,prometheus,latency,109.77,300,2,0
2026-02-10 17:18:17.815814,inventory-db,HighCPU,info,grafana,cpu,31.91,80,1,0
2026-02-10 17:23:17.815814,analytics-engine,HighLatency,info,logs,latency,59.87,300,1,0
2026-02-10 17:28:17.815814,payment-gateway,DiskSpaceLow,info,grafana,disk,52.68,90,2,0
2026-02-10 17:33:17.815814,analytics-engine,HighMemory,info,prometheus,memory,59.48,85,1,0
2026-02-10 17:38:17.815814,auth-service,HighMemory,info,prometheus,memory,58.94,85,1,0
2026-02-10 17:43:17.815814,auth-service,DiskSpaceLow,info,logs,disk,54.79,90,1,0
2026-02-10 17:48:17.815814,inventory-db,HighMemory,info,prometheus,memory,50.17,85,1,0
2026-02-10 17:53:17.815814,frontend-web,DiskSpaceLow,info,grafana,disk,41.05,90,1,0
2026-02-10 17:58:17.815814,frontend-web,HighCPU,info,logs,cpu,42.34,80,1,0
2026-02-10 18:03:17.815814,frontend-web,HighCPU,info,grafana,cpu,45.27,80,1,0
2026-02-10 18:08:17.815814,payment-gateway,HighCPU,info,grafana,cpu,32.43,80,7,0
2026-02-10 18:13:17.815814,auth-service,HighCPU,info,prometheus,cpu,50.19,80,5,0
2026-02-10 18:18:17.815814,analytics-engine,DiskSpaceLow,info,logs,disk,58.15,90,1,0
2026-02-10 18:23:17.815814,frontend-web,HighLatency,info,logs,latency,85.57,300,1,0
2026-02-10 18:28:17.815814,payment-gateway,DiskSpaceLow,info,grafana,disk,52.48,90,1,0
2026-02-10 18:33:17.815814,inventory-db,HighCPU,info,grafana,cpu,29.46,80,4,0
2026-02-10 18:38:17.815814,frontend-web,HighCPU,info,grafana,cpu,32.87,80,1,0
2026-02-10 18:43:17.815814,inventory-db,ErrorRateSpike,info,logs,errors,0.0,5,1,0
2026-02-10 18:48:17.815814,inventory-db,HighLatency,info,prometheus,latency,179.4,300,2,0
2026-02-10 18:53:17.815814,inventory-db,ErrorRateSpike,info,grafana,errors,0.0,5,1,0
2026-02-10 18:58:17.815814,frontend-web,ErrorRateSpike,info,grafana,errors,0.3,5,1,0
2026-02-10 19:03:17.815814,inventory-db,HighLatency,info,logs,latency,67.32,300,3,0
2026-02-10 19:08:17.815814,frontend-web,HighLatency,info,logs,latency,145.58,300,1,0
2026-02-10 19:13:17.815814,auth-service,ErrorRateSpike,info,prometheus,errors,1.21,5,2,0
2026-02-10 19:18:17.815814,auth-service,HighCPU,info,prometheus,cpu,47.48,80,1,0
2026-02-10 19:23:17.815814,auth-service,HighCPU,info,prometheus,cpu,52.99,80,1,0
2026-02-10 19:28:17.815814,frontend-web,ErrorRateSpike,warning,logs,errors,5.82,5,1,0
2026-02-10 19:33:17.815814,auth-service,DiskSpaceLow,info,grafana,disk,45.41,90,2,0
2026-02-10 19:38:17.815814,auth-service,DiskSpaceLow,info,grafana,disk,33.37,90,2,0
2026-02-10 19:43:17.815814,analytics-engine,ErrorRateSpike,info,prometheus,errors,0.76,5,1,0
2026-02-10 19:48:17.815814,auth-service,ErrorRateSpike,info,prometheus,errors,3.47,5,1,0
2026-02-10 19:53:17.815814,payment-gateway,HighLatency,info,logs,latency,132.03,300,2,0
2026-02-10 19:58:17.815814,analytics-engine,HighLatency,info,logs,latency,181.81,300,2,0
2026-02-10 20:03:17.815814,inventory-db,HighCPU,warning,prometheus,cpu,50.55,80,3,1
2026-02-10 20:08:17.815814,auth-service,HighCPU,info,logs,cpu,24.01,80,2,0
2026-02-10 20:13:17.815814,payment-gateway,ErrorRateSpike,info,prometheus,errors,0.49,5,3,0
2026-02-10 20:18:17.815814,payment-gateway,HighLatency,info,grafana,latency,182.74,300,2,0
2026-02-10 20:23:17.815814,analytics-engine,HighCPU,info,grafana,cpu,59.53,80,2,0
2026-02-10 20:28:17.815814,frontend-web,ErrorRateSpike,warning,logs,errors,5.12,5,3,0
2026-02-10 20:33:17.815814,frontend-web,HighCPU,info,prometheus,cpu,49.43,80,1,0
2026-02-10 20:38:17.815814,analytics-engine,HighMemory,info,grafana,memory,53.71,85,1,0
2026-02-10 20:43:17.815814,payment-gateway,DiskSpaceLow,info,prometheus,disk,59.88,90,1,0
2026-02-10 20:48:17.815814,frontend-web,ErrorRateSpike,info,logs,errors,0.41,5,3,0
2026-02-10 20:53:17.815814,frontend-web,ErrorRateSpike,warning,prometheus,errors,5.69,5,2,0
2026-02-10 20:58:17.815814,frontend-web,HighLatency,warning,logs,latency,249.83,300,19,1
2026-02-10 21:03:17.815814,analytics-engine,HighLatency,info,logs,latency,147.26,300,1,0
2026-02-10 21:08:17.815814,auth-service,HighCPU,info,grafana,cpu,37.07,80,3,0
2026-02-10 21:13:17.815814,analytics-engine,DiskSpaceLow,info,logs,disk,51.1,90,2,0
2026-02-10 21:18:17.815814,payment-gateway,ErrorRateSpike,info,grafana,errors,0.0,5,1,0
2026-02-10 21:23:17.815814,inventory-db,HighLatency,info,grafana,latency,186.1,300,6,0
2026-02-10 21:28:17.815814,analytics-engine,DiskSpaceLow,info,grafana,disk,40.39,90,5,0
2026-02-10 21:33:17.815814,frontend-web,ErrorRateSpike,info,logs,errors,0.0,5,1,0
2026-02-10 21:38:17.815814,payment-gateway,ErrorRateSpike,warning,grafana,errors,5.52,5,1,0
2026-02-10 21:43:17.815814,payment-gateway,HighCPU,critical,prometheus,cpu,144.76,80,17,1
2026-02-10 21:48:17.815814,payment-gateway,HighCPU,info,grafana,cpu,41.72,80,1,0
2026-02-10 21:53:17.815814,payment-gateway,HighMemory,info,grafana,memory,48.25,85,2,0
2026-02-10 21:58:17.815814,payment-gateway,HighMemory,info,grafana,memory,69.45,85,1,0
2026-02-10 22:03:17.815814,frontend-web,HighLatency,info,logs,latency,71.68,300,2,0
2026-02-10 22:08:17.815814,analytics-engine,HighMemory,critical,prometheus,memory,136.58,85,1,1
2026-02-10 22:13:17.815814,analytics-engine,HighLatency,info,prometheus,latency,145.84,300,1,0
2026-02-10 22:18:17.815814,frontend-web,DiskSpaceLow,info,logs,disk,43.15,90,2,0
2026-02-10 22:23:17.815814,frontend-web,DiskSpaceLow,info,logs,disk,42.08,90,1,0
2026-02-10 22:28:17.815814,auth-service,HighLatency,info,logs,latency,163.1,300,1,0
2026-02-10 22:33:17.815814,analytics-engine,HighMemory,info,grafana,memory,39.57,85,1,0
2026-02-10 22:38:17.815814,analytics-engine,ErrorRateSpike,info,grafana,errors,3.56,5,1,0
2026-02-10 22:43:17.815814,payment-gateway,HighLatency,info,grafana,latency,67.55,300,1,0
2026-02-10 22:48:17.815814,frontend-web,HighCPU,info,logs,cpu,24.27,80,1,0
2026-02-10 22:53:17.815814,payment-gateway,HighLatency,info,prometheus,latency,195.61,300,1,0
2026-02-10 22:58:17.815814,frontend-web,ErrorRateSpike,info,logs,errors,2.67,5,2,0
2026-02-10 23:03:17.815814,auth-service,HighLatency,info,prometheus,latency,165.82,300,1,0
2026-02-10 23:08:17.815814,analytics-engine,HighCPU,info,grafana,cpu,53.51,80,1,0
2026-02-10 23:13:17.815814,analytics-engine,ErrorRateSpike,info,logs,errors,0.07,5,1,0
2026-02-10 23:18:17.815814,payment-gateway,DiskSpaceLow,info,grafana,disk,52.54,90,2,0
2026-02-10 23:23:17.815814,analytics-engine,HighMemory,info,logs,memory,46.6,85,2,0
2026-02-10 23:28:17.815814,frontend-web,DiskSpaceLow,info,prometheus,disk,46.31,90,1,0
2026-02-10 23:33:17.815814,analytics-engine,HighMemory,critical,logs,memory,150.08,85,25,1
2026-02-10 23:38:17.815814,frontend-web,ErrorRateSpike,info,logs,errors,2.07,5,1,0
2026-02-10 23:43:17.815814,auth-service,HighMemory,info,prometheus,memory,38.71,85,2,0
2026-02-10 23:48:17.815814,frontend-web,ErrorRateSpike,info,prometheus,errors,3.56,5,3,0
2026-02-10 23:53:17.815814,payment-gateway,ErrorRateSpike,info,prometheus,errors,1.58,5,1,0
2026-02-10 23:58:17.815814,frontend-web,DiskSpaceLow,info,grafana,disk,59.77,90,1,0
2026-02-11 00:03:17.815814,frontend-web,ErrorRateSpike,info,grafana,errors,0.0,5,7,0
2026-02-11 00:08:17.815814,analytics-engine,HighLatency,info,logs,latency,176.08,300,1,0
2026-02-11 00:13:17.815814,analytics-engine,ErrorRateSpike,info,prometheus,errors,0.0,5,1,0
2026-02-11 00:18:17.815814,frontend-web,ErrorRateSpike,info,grafana,errors,0.53,5,1,0
2026-02-11 00:23:17.815814,inventory-db,HighMemory,info,logs,memory,38.52,85,1,0
2026-02-11 00:28:17.815814,analytics-engine,HighMemory,info,logs,memory,53.7,85,2,0
2026-02-11 00:33:17.815814,inventory-db,ErrorRateSpike,info,grafana,errors,0.0,5,1,0
2026-02-11 00:38:17.815814,frontend-web,HighLatency,info,grafana,latency,88.51,300,1,0
2026-02-11 00:43:17.815814,payment-gateway,ErrorRateSpike,info,logs,errors,0.0,5,2,0
2026-02-11 00:48:17.815814,auth-service,ErrorRateSpike,info,logs,errors,1.79,5,1,0
2026-02-11 00:53:17.815814,auth-service,HighLatency,info,grafana,latency,145.52,300,3,0
2026-02-11 00:58:17.815814,auth-service,HighMemory,info,grafana,memory,57.74,85,1,0
2026-02-11 01:03:17.815814,inventory-db,HighLatency,info,logs,latency,190.81,300,1,0
2026-02-11 01:08:17.815814,auth-service,HighCPU,info,prometheus,cpu,34.08,80,1,0
2026-02-11 01:13:17.815814,auth-service,HighMemory,info,logs,memory,68.75,85,1,0
2026-02-11 01:18:17.815814,inventory-db,DiskSpaceLow,info,prometheus,disk,48.36,90,1,0
2026-02-11 01:23:17.815814,auth-service,HighMemory,info,grafana,memory,66.07,85,2,0
2026-02-11 01:28:17.815814,analytics-engine,DiskSpaceLow,info,prometheus,disk,43.77,90,1,0
2026-02-11 01:33:17.815814,analytics-engine,ErrorRateSpike,info,grafana,errors,2.72,5,1,0
2026-02-11 01:38:17.815814,frontend-web,HighCPU,info,prometheus,cpu,48.32,80,1,0
2026-02-11 01:43:17.815814,payment-gateway,HighCPU,info,prometheus,cpu,54.46,80,2,0
2026-02-11 01:48:17.815814,analytics-engine,HighLatency,info,prometheus,latency,193.38,300,1,0
2026-02-11 01:53:17.815814,payment-gateway,DiskSpaceLow,info,logs,disk,54.47,90,1,0
2026-02-11 01:58:17.815814,analytics-engine,HighMemory,info,prometheus,memory,47.95,85,1,0
2026-02-11 02:03:17.815814,payment-gateway,DiskSpaceLow,info,prometheus,disk,44.78,90,1,0
2026-02-11 02:08:17.815814,inventory-db,ErrorRateSpike,info,logs,errors,2.23,5,1,0
2026-02-11 02:13:17.815814,payment-gateway,HighMemory,info,logs,memory,49.08,85,1,0
2026-02-11 02:18:17.815814,analytics-engine,HighCPU,info,grafana,cpu,56.48,80,1,0
2026-02-11 02:23:17.815814,auth-service,HighMemory,info,prometheus,memory,52.28,85,1,0
2026-02-11 02:28:17.815814,analytics-engine,ErrorRateSpike,info,prometheus,errors,4.32,5,1,0
2026-02-11 02:33:17.815814,payment-gateway,ErrorRateSpike,info,prometheus,errors,0.0,5,1,0
2026-02-11 02:38:17.815814,inventory-db,HighLatency,info,prometheus,latency,84.24,300,1,0
2026-02-11 02:43:17.815814,analytics-engine,HighCPU,info,prometheus,cpu,47.5,80,1,0
2026-02-11 02:48:17.815814,inventory-db,DiskSpaceLow,warning,prometheus,disk,88.86,90,1,1
2026-02-11 02:53:17.815814,analytics-engine,HighLatency,info,grafana,latency,99.56,300,1,0
2026-02-11 02:58:17.815814,auth-service,HighLatency,info,prometheus,latency,61.07,300,1,0
2026-02-11 03:03:17.815814,inventory-db,DiskSpaceLow,info,prometheus,disk,49.56,90,1,0
2026-02-11 03:08:17.815814,auth-service,HighLatency,critical,grafana,latency,533.73,300,1,1
2026-02-11 03:13:17.815814,analytics-engine,ErrorRateSpike,info,grafana,errors,0.0,5,1,0
2026-02-11 03:18:17.815814,frontend-web,HighLatency,critical,prometheus,latency,435.03,300,1,1
2026-02-11 03:23:17.815814,payment-gateway,ErrorRateSpike,info,prometheus,errors,3.05,5,2,0
2026-02-11 03:28:17.815814,frontend-web,HighLatency,info,grafana,latency,60.29,300,1,0
2026-02-11 03:33:17.815814,payment-gateway,HighCPU,info,logs,cpu,25.98,80,1,0
2026-02-11 03:38:17.815814,auth-service,DiskSpaceLow,info,grafana,disk,36.93,90,3,0
2026-02-11 03:43:17.815814,inventory-db,HighLatency,warning,grafana,latency,299.65,300,1,1
2026-02-11 03:48:17.815814,analytics-engine,HighCPU,critical,grafana,cpu,117.48,80,20,1
2026-02-11 03:53:17.815814,payment-gateway,DiskSpaceLow,info,grafana,disk,36.7,90,1,0
2026-02-11 03:58:17.815814,frontend-web,HighCPU,info,logs,cpu,33.33,80,6,0
2026-02-11 04:03:17.815814,auth-service,ErrorRateSpike,info,grafana,errors,3.06,5,4,0
2026-02-11 04:08:17.815814,inventory-db,DiskSpaceLow,info,grafana,disk,37.14,90,1,0
2026-02-11 04:13:17.815814,payment-gateway,HighLatency,info,prometheus,latency,140.48,300,1,0
2026-02-11 04:18:17.815814,auth-service,DiskSpaceLow,info,prometheus,disk,41.46,90,5,0
2026-02-11 04:23:17.815814,auth-service,HighCPU,info,prometheus,cpu,28.28,80,1,0
2026-02-11 04:28:17.815814,auth-service,DiskSpaceLow,info,logs,disk,47.48,90,1,0
2026-02-11 04:33:17.815814,analytics-engine,HighMemory,info,logs,memory,37.41,85,1,0
2026-02-11 04:38:17.815814,analytics-engine,HighMemory,info,grafana,memory,64.77,85,2,0
2026-02-11 04:43:17.815814,inventory-db,DiskSpaceLow,info,prometheus,disk,55.22,90,1,0
2026-02-11 04:48:17.815814,inventory-db,HighCPU,info,logs,cpu,34.0,80,1,0
2026-02-11 04:53:17.815814,payment-gateway,ErrorRateSpike,info,prometheus,errors,0.0,5,4,0
2026-02-11 04:58:17.815814,auth-service,DiskSpaceLow,info,logs,disk,29.44,90,2,0
2026-02-11 05:03:17.815814,auth-service,HighLatency,info,logs,latency,82.69,300,1,0
2026-02-11 05:08:17.815814,frontend-web,HighMemory,info,grafana,memory,47.71,85,2,0
2026-02-11 05:13:17.815814,auth-service,ErrorRateSpike,info,prometheus,errors,1.89,5,1,0
2026-02-11 05:18:17.815814,payment-gateway,ErrorRateSpike,info,prometheus,errors,0.0,5,1,0
2026-02-11 05:23:17.815814,analytics-engine,HighMemory,info,logs,memory,44.37,85,3,0
2026-02-11 05:28:17.815814,payment-gateway,HighLatency,info,prometheus,latency,153.38,300,1,0
2026-02-11 05:33:17.815814,auth-service,DiskSpaceLow,info,prometheus,disk,45.69,90,1,0
2026-02-11 05:38:17.815814,frontend-web,ErrorRateSpike,info,logs,errors,0.0,5,1,0
2026-02-11 05:43:17.815814,payment-gateway,HighMemory,info,logs,memory,41.14,85,1,0
2026-02-11 05:48:17.815814,payment-gateway,HighCPU,info,logs,cpu,27.2,80,1,0
2026-02-11 05:53:17.815814,analytics-engine,HighMemory,info,logs,memory,67.09,85,1,0
2026-02-11 05:58:17.815814,payment-gateway,ErrorRateSpike,info,grafana,errors,0.0,5,1,0
2026-02-11 06:03:17.815814,frontend-web,ErrorRateSpike,info,grafana,errors,1.38,5,1,0
2026-02-11 06:08:17.815814,frontend-web,HighMemory,info,grafana,memory,63.79,85,1,0
2026-02-11 06:13:17.815814,analytics-engine,DiskSpaceLow,info,prometheus,disk,49.52,90,1,0
2026-02-11 06:18:17.815814,auth-service,HighLatency,info,prometheus,latency,195.92,300,1,0
2026-02-11 06:23:17.815814,inventory-db,HighMemory,info,grafana,memory,64.32,85,1,0
2026-02-11 06:28:17.815814,inventory-db,ErrorRateSpike,info,logs,errors,1.62,5,3,0
2026-02-11 06:33:17.815814,payment-gateway,HighLatency,info,logs,latency,161.98,300,2,0
2026-02-11 06:38:17.815814,inventory-db,DiskSpaceLow,info,logs,disk,27.87,90,4,0
2026-02-11 06:43:17.815814,frontend-web,ErrorRateSpike,info,grafana,errors,4.3,5,1,0
2026-02-11 06:48:17.815814,payment-gateway,HighLatency,info,grafana,latency,102.16,300,1,0
2026-02-11 06:53:17.815814,analytics-engine,HighCPU,info,grafana,cpu,51.1,80,1,0
2026-02-11 06:58:17.815814,auth-service,HighMemory,critical,grafana,memory,137.55,85,26,1
2026-02-11 07:03:17.815814,frontend-web,DiskSpaceLow,info,prometheus,disk,62.93,90,5,0
2026-02-11 07:08:17.815814,auth-service,HighMemory,info,grafana,memory,51.11,85,1,0
2026-02-11 07:13:17.815814,payment-gateway,ErrorRateSpike,warning,prometheus,errors,5.42,5,1,0
2026-02-11 07:18:17.815814,inventory-db,HighLatency,info,grafana,latency,199.8,300,1,0
2026-02-11 07:23:17.815814,frontend-web,ErrorRateSpike,info,prometheus,errors,0.08,5,2,0
2026-02-11 07:28:17.815814,frontend-web,DiskSpaceLow,info,prometheus,disk,56.37,90,1,0
2026-02-11 07:33:17.815814,analytics-engine,HighMemory,info,grafana,memory,64.98,85,1,0
2026-02-11 07:38:17.815814,analytics-engine,DiskSpaceLow,info,grafana,disk,36.51,90,1,0
2026-02-11 07:43:17.815814,payment-gateway,HighCPU,info,logs,cpu,55.1,80,1,0
2026-02-11 07:48:17.815814,payment-gateway,HighLatency,info,grafana,latency,146.13,300,2,0
2026-02-11 07:53:17.815814,analytics-engine,HighLatency,info,logs,latency,115.85,300,2,0
2026-02-11 07:58:17.815814,analytics-engine,HighMemory,info,logs,memory,62.02,85,3,0
2026-02-11 08:03:17.815814,auth-service,HighLatency,info,logs,latency,45.9,300,1,0
2026-02-11 08:08:17.815814,analytics-engine,HighCPU,info,grafana,cpu,50.13,80,1,0
2026-02-11 08:13:17.815814,frontend-web,ErrorRateSpike,info,grafana,errors,0.0,5,1,0
2026-02-11 08:18:17.815814,frontend-web,HighLatency,info,logs,latency,89.57,300,2,0
2026-02-11 08:23:17.815814,frontend-web,ErrorRateSpike,warning,grafana,errors,0.65,5,33,1
2026-02-11 08:28:17.815814,auth-service,HighCPU,info,grafana,cpu,53.21,80,1,0
2026-02-11 08:33:17.815814,frontend-web,HighCPU,info,logs,cpu,35.07,80,1,0
2026-02-11 08:38:17.815814,inventory-db,HighCPU,info,prometheus,cpu,36.31,80,1,0
2026-02-11 08:43:17.815814,auth-service,HighMemory,info,grafana,memory,69.71,85,1,0
2026-02-11 08:48:17.815814,inventory-db,ErrorRateSpike,warning,logs,errors,5.38,5,3,0
2026-02-11 08:53:17.815814,inventory-db,HighCPU,info,prometheus,cpu,23.38,80,3,0
2026-02-11 08:58:17.815814,auth-service,HighMemory,critical,grafana,memory,96.61,85,1,1
2026-02-11 09:03:17.815814,frontend-web,HighCPU,info,grafana,cpu,24.75,80,1,0
2026-02-11 09:08:17.815814,auth-service,HighMemory,info,grafana,memory,57.45,85,1,0
2026-02-11 09:13:17.815814,payment-gateway,HighCPU,info,prometheus,cpu,34.01,80,2,0
2026-02-11 09:18:17.815814,inventory-db,HighMemory,info,grafana,memory,59.47,85,1,0
2026-02-11 09:23:17.815814,analytics-engine,DiskSpaceLow,info,logs,disk,55.73,90,1,0
2026-02-11 09:28:17.815814,analytics-engine,HighCPU,info,grafana,cpu,35.71,80,1,0
2026-02-11 09:33:17.815814,inventory-db,HighCPU,info,grafana,cpu,31.58,80,4,0
2026-02-11 09:38:17.815814,inventory-db,ErrorRateSpike,info,grafana,errors,2.24,5,2,0
2026-02-11 09:43:17.815814,inventory-db,HighMemory,info,prometheus,memory,59.04,85,4,0
2026-02-11 09:48:17.815814,payment-gateway,DiskSpaceLow,info,logs,disk,63.23,90,1,0
2026-02-11 09:53:17.815814,frontend-web,HighCPU,info,grafana,cpu,19.17,80,1,0
2026-02-11 09:58:17.815814,inventory-db,HighCPU,info,prometheus,cpu,36.5,80,1,0
2026-02-11 10:03:17.815814,frontend-web,DiskSpaceLow,info,logs,disk,42.09,90,1,0
2026-02-11 10:08:17.815814,auth-service,HighMemory,info,logs,memory,56.75,85,1,0
2026-02-11 10:13:17.815814,inventory-db,DiskSpaceLow,info,grafana,disk,55.18,90,1,0
2026-02-11 10:18:17.815814,analytics-engine,HighLatency,info,grafana,latency,192.44,300,2,0
2026-02-11 10:23:17.815814,frontend-web,HighCPU,info,grafana,cpu,21.1,80,1,0
2026-02-11 10:28:17.815814,inventory-db,HighLatency,info,grafana,latency,98.08,300,2,0
2026-02-11 10:33:17.815814,analytics-engine,ErrorRateSpike,info,grafana,errors,0.42,5,1,0
2026-02-11 10:38:17.815814,auth-service,HighMemory,info,grafana,memory,64.98,85,1,0
2026-02-11 10:43:17.815814,auth-service,HighCPU,info,prometheus,cpu,53.73,80,1,0
2026-02-11 10:48:17.815814,payment-gateway,HighLatency,info,logs,latency,97.41,300,1,0
2026-02-11 10:53:17.815814,inventory-db,HighCPU,info,prometheus,cpu,24.23,80,1,0
2026-02-11 10:58:17.815814,auth-service,HighCPU,info,grafana,cpu,36.51,80,1,0
2026-02-11 11:03:17.815814,inventory-db,ErrorRateSpike,info,prometheus,errors,2.74,5,1,0
2026-02-11 11:08:17.815814,analytics-engine,DiskSpaceLow,info,prometheus,disk,58.95,90,1,0
2026-02-11 11:13:17.815814,frontend-web,ErrorRateSpike,info,grafana,errors,0.0,5,1,0
2026-02-11 11:18:17.815814,frontend-web,DiskSpaceLow,info,grafana,disk,50.45,90,1,0
2026-02-11 11:23:17.815814,frontend-web,HighLatency,info,logs,latency,142.21,300,1,0
2026-02-11 11:28:17.815814,inventory-db,DiskSpaceLow,info,grafana,disk,32.86,90,1,0
2026-02-11 11:33:17.815814,inventory-db,HighMemory,critical,prometheus,memory,140.4,85,1,1
2026-02-11 11:38:17.815814,inventory-db,HighLatency,info,grafana,latency,149.08,300,1,0
2026-02-11 11:43:17.815814,auth-service,DiskSpaceLow,info,prometheus,disk,34.64,90,1,0
2026-02-11 11:48:17.815814,auth-service,DiskSpaceLow,info,logs,disk,36.75,90,1,0
2026-02-11 11:53:17.815814,inventory-db,HighLatency,info,logs,latency,118.02,300,3,0
2026-02-11 11:58:17.815814,analytics-engine,DiskSpaceLow,info,grafana,disk,56.14,90,1,0
2026-02-11 12:03:17.815814,payment-gateway,DiskSpaceLow,info,logs,disk,30.99,90,3,0
2026-02-11 12:08:17.815814,frontend-web,HighMemory,info,logs,memory,53.36,85,1,0
2026-02-11 12:13:17.815814,analytics-engine,ErrorRateSpike,info,prometheus,errors,0.0,5,1,0
2026-02-11 12:18:17.815814,inventory-db,HighMemory,info,logs,memory,62.21,85,2,0
2026-02-11 12:23:17.815814,frontend-web,HighLatency,info,logs,latency,118.18,300,1,0
2026-02-11 12:28:17.815814,inventory-db,HighCPU,info,grafana,cpu,20.44,80,2,0
2026-02-11 12:33:17.815814,auth-service,HighCPU,info,grafana,cpu,58.52,80,1,0
2026-02-11 12:38:17.815814,inventory-db,HighLatency,warning,prometheus,latency,218.8,300,2,1
2026-02-11 12:43:17.815814,frontend-web,HighCPU,info,grafana,cpu,27.1,80,1,0
2026-02-11 12:48:17.815814,payment-gateway,ErrorRateSpike,info,logs,errors,0.0,5,1,0
2026-02-11 12:53:17.815814,analytics-engine,DiskSpaceLow,info,grafana,disk,60.54,90,2,0
2026-02-11 12:58:17.815814,inventory-db,ErrorRateSpike,warning,prometheus,errors,1.55,5,1,1
2026-02-11 13:03:17.815814,payment-gateway,DiskSpaceLow,info,prometheus,disk,61.17,90,1,0
2026-02-11 13:08:17.815814,frontend-web,ErrorRateSpike,info,grafana,errors,2.64,5,3,0
2026-02-11 13:13:17.815814,inventory-db,ErrorRateSpike,info,logs,errors,0.0,5,1,0
2026-02-11 13:18:17.815814,inventory-db,HighLatency,info,grafana,latency,169.83,300,1,0
2026-02-11 13:23:17.815814,analytics-engine,DiskSpaceLow,warning,logs,disk,77.5,90,1,1
2026-02-11 13:28:17.815814,inventory-db,HighCPU,info,prometheus,cpu,32.55,80,1,0
2026-02-11 13:33:17.815814,analytics-engine,DiskSpaceLow,info,logs,disk,27.38,90,1,0
2026-02-11 13:38:17.815814,inventory-db,HighCPU,info,logs,cpu,47.06,80,1,0
2026-02-11 13:43:17.815814,auth-service,HighCPU,info,prometheus,cpu,55.98,80,3,0
2026-02-11 13:48:17.815814,frontend-web,ErrorRateSpike,info,logs,errors,0.0,5,1,0
2026-02-11 13:53:17.815814,payment-gateway,HighLatency,info,grafana,latency,175.63,300,2,0
2026-02-11 13:58:17.815814,auth-service,HighCPU,info,grafana,cpu,45.65,80,2,0
2026-02-11 14:03:17.815814,payment-gateway,HighMemory,info,logs,memory,57.58,85,2,0
2026-02-11 14:08:17.815814,payment-gateway,ErrorRateSpike,info,logs,errors,0.0,5,1,0
2026-02-11 14:13:17.815814,analytics-engine,HighLatency,info,logs,latency,52.62,300,2,0
2026-02-11 14:18:17.815814,inventory-db,ErrorRateSpike,info,grafana,errors,0.0,5,1,0
2026-02-11 14:23:17.815814,payment-gateway,ErrorRateSpike,info,grafana,errors,0.52,5,1,0
2026-02-11 14:28:17.815814,frontend-web,HighMemory,info,logs,memory,60.9,85,1,0
2026-02-11 14:33:17.815814,analytics-engine,HighCPU,info,prometheus,cpu,28.32,80,2,0
2026-02-11 14:38:17.815814,frontend-web,HighCPU,info,logs,cpu,39.87,80,3,0
2026-02-11 14:43:17.815814,payment-gateway,HighMemory,info,grafana,memory,73.4,85,4,0
2026-02-11 14:48:17.815814,frontend-web,DiskSpaceLow,info,prometheus,disk,44.76,90,3,0
2026-02-11 14:53:17.815814,payment-gateway,HighLatency,info,logs,latency,52.63,300,2,0
2026-02-11 14:58:17.815814,frontend-web,DiskSpaceLow,info,grafana,disk,46.67,90,1,0
2026-02-11 15:03:17.815814,payment-gateway,HighCPU,info,logs,cpu,41.67,80,1,0
2026-02-11 15:08:17.815814,frontend-web,DiskSpaceLow,info,prometheus,disk,40.85,90,2,0
2026-02-11 15:13:17.815814,analytics-engine,HighLatency,info,logs,latency,185.9,300,1,0
2026-02-11 15:18:17.815814,auth-service,ErrorRateSpike,info,prometheus,errors,3.78,5,1,0
2026-02-11 15:23:17.815814,frontend-web,HighMemory,info,prometheus,memory,50.59,85,1,0
2026-02-11 15:28:17.815814,analytics-engine,HighMemory,info,grafana,memory,41.52,85,2,0
2026-02-11 15:33:17.815814,analytics-engine,ErrorRateSpike,warning,logs,errors,0.82,5,24,1
2026-02-11 15:38:17.815814,analytics-engine,DiskSpaceLow,info,prometheus,disk,31.8,90,1,0
2026-02-11 15:43:17.815814,payment-gateway,HighMemory,info,grafana,memory,43.98,85,5,0
2026-02-11 15:48:17.815814,frontend-web,ErrorRateSpike,info,prometheus,errors,2.48,5,3,0
2026-02-11 15:53:17.815814,inventory-db,HighCPU,info,prometheus,cpu,50.57,80,2,0
2026-02-11 15:58:17.815814,analytics-engine,HighCPU,info,prometheus,cpu,36.14,80,4,0
2026-02-11 16:03:17.815814,analytics-engine,ErrorRateSpike,info,logs,errors,0.0,5,2,0
2026-02-11 16:08:17.815814,inventory-db,ErrorRateSpike,info,prometheus,errors,3.19,5,1,0
2026-02-11 16:13:17.815814,payment-gateway,HighLatency,info,grafana,latency,137.94,300,1,0
2026-02-11 16:18:17.815814,frontend-web,HighCPU,info,prometheus,cpu,34.27,80,1,0
2026-02-11 16:23:17.815814,inventory-db,HighLatency,info,grafana,latency,166.79,300,2,0
2026-02-11 16:28:17.815814,inventory-db,DiskSpaceLow,info,prometheus,disk,50.1,90,1,0
2026-02-11 16:33:17.815814,payment-gateway,HighCPU,info,logs,cpu,48.24,80,1,0
2026-02-11 16:38:17.815814,payment-gateway,DiskSpaceLow,info,logs,disk,35.41,90,1,0
2026-02-11 16:43:17.815814,analytics-engine,HighCPU,info,logs,cpu,55.51,80,3,0
2026-02-11 16:48:17.815814,auth-service,HighCPU,info,grafana,cpu,17.33,80,2,0
2026-02-11 16:53:17.815814,frontend-web,HighLatency,info,logs,latency,138.18,300,1,0
2026-02-11 16:58:17.815814,frontend-web,ErrorRateSpike,info,grafana,errors,0.0,5,2,0
2026-02-11 17:03:17.815814,auth-service,DiskSpaceLow,info,prometheus,disk,48.56,90,1,0
2026-02-11 17:08:17.815814,frontend-web,HighMemory,info,logs,memory,71.53,85,1,0
2026-02-11 17:13:17.815814,auth-service,ErrorRateSpike,info,logs,errors,0.39,5,1,0
2026-02-11 17:18:17.815814,analytics-engine,HighCPU,critical,grafana,cpu,144.77,80,41,1
2026-02-11 17:23:17.815814,frontend-web,HighMemory,info,prometheus,memory,55.15,85,3,0
2026-02-11 17:28:17.815814,payment-gateway,HighLatency,info,grafana,latency,178.84,300,2,0
2026-02-11 17:33:17.815814,inventory-db,HighMemory,info,prometheus,memory,46.59,85,2,0
2026-02-11 17:38:17.815814,payment-gateway,ErrorRateSpike,info,logs,errors,1.4,5,1,0
2026-02-11 17:43:17.815814,frontend-web,HighCPU,info,grafana,cpu,39.47,80,1,0
2026-02-11 17:48:17.815814,frontend-web,HighLatency,info,prometheus,latency,114.4,300,1,0
2026-02-11 17:53:17.815814,inventory-db,DiskSpaceLow,critical,prometheus,disk,108.62,90,1,1
2026-02-11 17:58:17.815814,auth-service,HighLatency,info,grafana,latency,160.41,300,1,0
2026-02-11 18:03:17.815814,inventory-db,HighCPU,info,grafana,cpu,61.61,80,2,0
2026-02-11 18:08:17.815814,inventory-db,HighLatency,info,logs,latency,72.61,300,2,0
2026-02-11 18:13:17.815814,payment-gateway,DiskSpaceLow,info,grafana,disk,40.75,90,3,0
2026-02-11 18:18:17.815814,auth-service,HighLatency,info,grafana,latency,56.97,300,1,0
2026-02-11 18:23:17.815814,inventory-db,HighLatency,info,logs,latency,184.96,300,2,0
2026-02-11 18:28:17.815814,analytics-engine,HighCPU,info,prometheus,cpu,53.25,80,2,0
2026-02-11 18:33:17.815814,frontend-web,DiskSpaceLow,info,logs,disk,50.25,90,1,0
2026-02-11 18:38:17.815814,inventory-db,HighLatency,info,prometheus,latency,59.54,300,1,0
2026-02-11 18:43:17.815814,frontend-web,ErrorRateSpike,info,logs,errors,0.0,5,2,0
2026-02-11 18:48:17.815814,frontend-web,ErrorRateSpike,info,grafana,errors,4.69,5,1,0
2026-02-11 18:53:17.815814,inventory-db,HighMemory,info,logs,memory,61.11,85,1,0
2026-02-11 18:58:17.815814,auth-service,HighMemory,info,prometheus,memory,50.99,85,1,0
2026-02-11 19:03:17.815814,auth-service,ErrorRateSpike,info,logs,errors,0.0,5,1,0
2026-02-11 19:08:17.815814,payment-gateway,DiskSpaceLow,info,grafana,disk,50.35,90,1,0
2026-02-11 19:13:17.815814,frontend-web,HighCPU,info,prometheus,cpu,50.69,80,2,0
2026-02-11 19:18:17.815814,frontend-web,HighCPU,info,logs,cpu,47.57,80,2,0
2026-02-11 19:23:17.815814,frontend-web,DiskSpaceLow,info,logs,disk,41.99,90,1,0
2026-02-11 19:28:17.815814,analytics-engine,ErrorRateSpike,info,grafana,errors,0.31,5,1,0
2026-02-11 19:33:17.815814,frontend-web,DiskSpaceLow,info,prometheus,disk,41.73,90,1,0
2026-02-11 19:38:17.815814,frontend-web,HighMemory,info,prometheus,memory,67.36,85,2,0
2026-02-11 19:43:17.815814,payment-gateway,HighMemory,info,logs,memory,63.13,85,2,0
2026-02-11 19:48:17.815814,analytics-engine,DiskSpaceLow,info,prometheus,disk,39.71,90,1,0
2026-02-11 19:53:17.815814,inventory-db,HighMemory,info,grafana,memory,60.81,85,2,0
2026-02-11 19:58:17.815814,inventory-db,HighLatency,info,logs,latency,180.32,300,1,0
2026-02-11 20:03:17.815814,inventory-db,HighCPU,warning,logs,cpu,66.61,80,1,1
2026-02-11 20:08:17.815814,inventory-db,ErrorRateSpike,info,logs,errors,0.0,5,1,0
2026-02-11 20:13:17.815814,inventory-db,ErrorRateSpike,info,prometheus,errors,2.61,5,1,0
2026-02-11 20:18:17.815814,analytics-engine,HighLatency,info,grafana,latency,185.51,300,2,0
2026-02-11 20:23:17.815814,auth-service,DiskSpaceLow,info,prometheus,disk,32.59,90,1,0
2026-02-11 20:28:17.815814,inventory-db,HighLatency,info,grafana,latency,173.8,300,1,0
2026-02-11 20:33:17.815814,auth-service,HighMemory,info,logs,memory,61.53,85,2,0
2026-02-11 20:38:17.815814,inventory-db,HighMemory,info,logs,memory,62.57,85,1,0
2026-02-11 20:43:17.815814,inventory-db,HighLatency,info,logs,latency,192.25,300,1,0
2026-02-11 20:48:17.815814,frontend-web,HighCPU,info,grafana,cpu,61.47,80,2,0
2026-02-11 20:53:17.815814,auth-service,HighLatency,info,prometheus,latency,144.39,300,1,0
2026-02-11 20:58:17.815814,auth-service,ErrorRateSpike,info,prometheus,errors,0.0,5,1,0
2026-02-11 21:03:17.815814,frontend-web,DiskSpaceLow,info,logs,disk,50.34,90,1,0
2026-02-11 21:08:17.815814,auth-service,DiskSpaceLow,info,grafana,disk,53.95,90,1,0
2026-02-11 21:13:17.815814,analytics-engine,HighCPU,info,logs,cpu,36.06,80,2,0
2026-02-11 21:18:17.815814,analytics-engine,HighCPU,info,logs,cpu,31.78,80,5,0
2026-02-11 21:23:17.815814,payment-gateway,HighMemory,info,prometheus,memory,54.35,85,1,0
2026-02-11 21:28:17.815814,inventory-db,DiskSpaceLow,info,prometheus,disk,27.55,90,1,0
2026-02-11 21:33:17.815814,analytics-engine,DiskSpaceLow,info,logs,disk,48.57,90,1,0
2026-02-11 21:38:17.815814,payment-gateway,HighLatency,info,grafana,latency,63.24,300,2,0
2026-02-11 21:43:17.815814,analytics-engine,ErrorRateSpike,info,grafana,errors,2.99,5,1,0
2026-02-11 21:48:17.815814,inventory-db,DiskSpaceLow,info,grafana,disk,52.09,90,2,0
2026-02-11 21:53:17.815814,analytics-engine,DiskSpaceLow,info,grafana,disk,42.56,90,1,0
2026-02-11 21:58:17.815814,inventory-db,HighCPU,info,grafana,cpu,42.62,80,3,0
2026-02-11 22:03:17.815814,analytics-engine,HighLatency,info,grafana,latency,125.56,300,2,0
2026-02-11 22:08:17.815814,auth-service,HighMemory,info,grafana,memory,60.17,85,1,0
2026-02-11 22:13:17.815814,analytics-engine,HighLatency,info,prometheus,latency,57.62,300,2,0
2026-02-11 22:18:17.815814,inventory-db,DiskSpaceLow,info,grafana,disk,32.56,90,1,0
2026-02-11 22:23:17.815814,frontend-web,HighMemory,info,grafana,memory,50.28,85,1,0
2026-02-11 22:28:17.815814,inventory-db,HighCPU,info,logs,cpu,55.4,80,1,0
2026-02-11 22:33:17.815814,analytics-engine,HighCPU,info,prometheus,cpu,58.41,80,1,0
2026-02-11 22:38:17.815814,auth-service,DiskSpaceLow,info,grafana,disk,30.33,90,3,0
2026-02-11 22:43:17.815814,payment-gateway,DiskSpaceLow,info,prometheus,disk,53.4,90,2,0
2026-02-11 22:48:17.815814,analytics-engine,HighCPU,info,grafana,cpu,25.86,80,1,0
2026-02-11 22:53:17.815814,inventory-db,HighCPU,info,prometheus,cpu,24.02,80,1,0
2026-02-11 22:58:17.815814,frontend-web,HighLatency,info,prometheus,latency,127.9,300,1,0
2026-02-11 23:03:17.815814,frontend-web,HighLatency,info,logs,latency,55.91,300,2,0
2026-02-11 23:08:17.815814,payment-gateway,HighMemory,info,grafana,memory,59.17,85,1,0
2026-02-11 23:13:17.815814,payment-gateway,DiskSpaceLow,info,grafana,disk,37.7,90,1,0
2026-02-11 23:18:17.815814,frontend-web,ErrorRateSpike,info,logs,errors,2.9,5,1,0
2026-02-11 23:23:17.815814,frontend-web,HighCPU,critical,prometheus,cpu,84.58,80,35,1
2026-02-11 23:28:17.815814,payment-gateway,ErrorRateSpike,info,logs,errors,2.35,5,1,0
2026-02-11 23:33:17.815814,inventory-db,HighLatency,info,grafana,latency,175.06,300,1,0
2026-02-11 23:38:17.815814,analytics-engine,HighCPU,info,prometheus,cpu,39.42,80,1,0
2026-02-11 23:43:17.815814,inventory-db,HighLatency,info,logs,latency,141.79,300,2,0
2026-02-11 23:48:17.815814,analytics-engine,HighLatency,info,grafana,latency,64.85,300,1,0
2026-02-11 23:53:17.815814,analytics-engine,HighMemory,info,logs,memory,55.54,85,1,0
2026-02-11 23:58:17.815814,analytics-engine,HighMemory,info,logs,memory,65.86,85,1,0
2026-02-12 00:03:17.815814,auth-service,ErrorRateSpike,info,grafana,errors,2.84,5,1,0
2026-02-12 00:08:17.815814,payment-gateway,DiskSpaceLow,info,prometheus,disk,33.54,90,1,0
2026-02-12 00:13:17.815814,frontend-web,HighLatency,info,prometheus,latency,70.16,300,2,0
2026-02-12 00:18:17.815814,analytics-engine,HighMemory,info,logs,memory,51.9,85,1,0
2026-02-12 00:23:17.815814,frontend-web,HighLatency,info,grafana,latency,52.25,300,1,0
2026-02-12 00:28:17.815814,auth-service,HighLatency,info,grafana,latency,167.93,300,1,0
2026-02-12 00:33:17.815814,frontend-web,HighMemory,info,grafana,memory,67.84,85,1,0
2026-02-12 00:38:17.815814,auth-service,HighCPU,info,prometheus,cpu,29.34,80,1,0
2026-02-12 00:43:17.815814,frontend-web,HighLatency,info,logs,latency,197.1,300,1,0
2026-02-12 00:48:17.815814,payment-gateway,ErrorRateSpike,info,grafana,errors,0.0,5,1,0
2026-02-12 00:53:17.815814,payment-gateway,DiskSpaceLow,info,grafana,disk,56.74,90,3,0
2026-02-12 00:58:17.815814,frontend-web,HighLatency,info,grafana,latency,112.41,300,4,0
2026-02-12 01:03:17.815814,frontend-web,DiskSpaceLow,info,logs,disk,42.37,90,3,0
2026-02-12 01:08:17.815814,payment-gateway,HighLatency,info,logs,latency,167.25,300,1,0
2026-02-12 01:13:17.815814,analytics-engine,ErrorRateSpike,info,grafana,errors,2.24,5,1,0
2026-02-12 01:18:17.815814,frontend-web,HighCPU,info,grafana,cpu,55.17,80,1,0
2026-02-12 01:23:17.815814,inventory-db,HighCPU,info,logs,cpu,38.94,80,1,0
2026-02-12 01:28:17.815814,payment-gateway,ErrorRateSpike,info,grafana,errors,0.28,5,2,0
2026-02-12 01:33:17.815814,payment-gateway,ErrorRateSpike,info,grafana,errors,0.0,5,1,0
2026-02-12 01:38:17.815814,payment-gateway,DiskSpaceLow,info,grafana,disk,52.97,90,1,0
2026-02-12 01:43:17.815814,inventory-db,DiskSpaceLow,info,logs,disk,36.58,90,2,0
2026-02-12 01:48:17.815814,analytics-engine,HighCPU,info,grafana,cpu,60.75,80,2,0
2026-02-12 01:53:17.815814,auth-service,ErrorRateSpike,info,grafana,errors,0.0,5,1,0
2026-02-12 01:58:17.815814,frontend-web,ErrorRateSpike,info,prometheus,errors,2.38,5,2,0
2026-02-12 02:03:17.815814,analytics-engine,HighMemory,info,grafana,memory,41.71,85,1,0
2026-02-12 02:08:17.815814,payment-gateway,HighCPU,info,grafana,cpu,58.17,80,1,0
2026-02-12 02:13:17.815814,payment-gateway,ErrorRateSpike,info,logs,errors,0.0,5,1,0
2026-02-12 02:18:17.815814,frontend-web,HighLatency,info,logs,latency,139.36,300,1,0
2026-02-12 02:23:17.815814,analytics-engine,ErrorRateSpike,info,grafana,errors,1.0,5,1,0
2026-02-12 02:28:17.815814,payment-gateway,DiskSpaceLow,info,grafana,disk,31.13,90,2,0
2026-02-12 02:33:17.815814,auth-service,HighLatency,info,logs,latency,185.25,300,3,0
2026-02-12 02:38:17.815814,frontend-web,DiskSpaceLow,info,prometheus,disk,44.42,90,2,0
2026-02-12 02:43:17.815814,auth-service,ErrorRateSpike,info,grafana,errors,0.0,5,1,0
2026-02-12 02:48:17.815814,inventory-db,HighMemory,info,grafana,memory,63.03,85,1,0
2026-02-12 02:53:17.815814,analytics-engine,DiskSpaceLow,info,logs,disk,45.52,90,2,0
2026-02-12 02:58:17.815814,payment-gateway,DiskSpaceLow,info,grafana,disk,31.4,90,3,0
2026-02-12 03:03:17.815814,analytics-engine,HighLatency,info,prometheus,latency,68.52,300,2,0
2026-02-12 03:08:17.815814,auth-service,HighLatency,info,prometheus,latency,67.64,300,1,0
2026-02-12 03:13:17.815814,inventory-db,HighCPU,info,logs,cpu,42.0,80,1,0
2026-02-12 03:18:17.815814,inventory-db,HighLatency,info,grafana,latency,143.82,300,3,0
2026-02-12 03:23:17.815814,inventory-db,DiskSpaceLow,info,grafana,disk,48.2,90,1,0
2026-02-12 03:28:17.815814,inventory-db,HighMemory,critical,grafana,memory,101.76,85,10,1
2026-02-12 03:33:17.815814,analytics-engine,HighCPU,info,grafana,cpu,44.64,80,2,0
2026-02-12 03:38:17.815814,analytics-engine,HighCPU,info,logs,cpu,51.71,80,1,0
2026-02-12 03:43:17.815814,analytics-engine,ErrorRateSpike,warning,logs,errors,1.45,5,1,1
2026-02-12 03:48:17.815814,inventory-db,HighLatency,info,prometheus,latency,139.26,300,1,0
2026-02-12 03:53:17.815814,inventory-db,HighMemory,info,grafana,memory,42.6,85,1,0
2026-02-12 03:58:17.815814,frontend-web,DiskSpaceLow,info,prometheus,disk,54.42,90,1,0
2026-02-12 04:03:17.815814,analytics-engine,ErrorRateSpike,info,grafana,errors,0.0,5,1,0
2026-02-12 04:08:17.815814,auth-service,DiskSpaceLow,info,grafana,disk,55.23,90,2,0
2026-02-12 04:13:17.815814,payment-gateway,HighMemory,info,grafana,memory,51.84,85,2,0
2026-02-12 04:18:17.815814,payment-gateway,HighLatency,info,prometheus,latency,190.47,300,1,0
2026-02-12 04:23:17.815814,analytics-engine,DiskSpaceLow,info,prometheus,disk,54.98,90,1,0
2026-02-12 04:28:17.815814,auth-service,DiskSpaceLow,info,prometheus,disk,55.39,90,1,0
2026-02-12 04:33:17.815814,analytics-engine,DiskSpaceLow,info,logs,disk,62.77,90,2,0
2026-02-12 04:38:17.815814,inventory-db,ErrorRateSpike,info,grafana,errors,0.0,5,1,0
2026-02-12 04:43:17.815814,payment-gateway,DiskSpaceLow,info,prometheus,disk,35.3,90,2,0
2026-02-12 04:48:17.815814,inventory-db,DiskSpaceLow,info,logs,disk,51.38,90,1,0
2026-02-12 04:53:17.815814,auth-service,HighLatency,info,prometheus,latency,202.54,300,1,0
2026-02-12 04:58:17.815814,frontend-web,HighMemory,critical,grafana,memory,153.96,85,1,1
2026-02-12 05:03:17.815814,payment-gateway,ErrorRateSpike,info,logs,errors,0.0,5,1,0
2026-02-12 05:08:17.815814,inventory-db,HighMemory,info,logs,memory,47.31,85,1,0
2026-02-12 05:13:17.815814,auth-service,HighLatency,info,grafana,latency,69.66,300,3,0
2026-02-12 05:18:17.815814,auth-service,HighMemory,info,grafana,memory,54.61,85,2,0
2026-02-12 05:23:17.815814,inventory-db,ErrorRateSpike,info,grafana,errors,2.21,5,1,0
2026-02-12 05:28:17.815814,inventory-db,HighMemory,critical,grafana,memory,85.26,85,1,1
2026-02-12 05:33:17.815814,auth-service,HighCPU,info,logs,cpu,43.68,80,6,0
2026-02-12 05:38:17.815814,auth-service,DiskSpaceLow,info,prometheus,disk,39.28,90,1,0
2026-02-12 05:43:17.815814,frontend-web,HighCPU,info,grafana,cpu,31.85,80,1,0
2026-02-12 05:48:17.815814,analytics-engine,HighCPU,critical,logs,cpu,86.56,80,26,1
2026-02-12 05:53:17.815814,payment-gateway,HighCPU,info,grafana,cpu,39.68,80,1,0
2026-02-12 05:58:17.815814,analytics-engine,DiskSpaceLow,info,logs,disk,47.8,90,1,0
2026-02-12 06:03:17.815814,frontend-web,HighCPU,info,logs,cpu,48.36,80,2,0
2026-02-12 06:08:17.815814,auth-service,DiskSpaceLow,info,prometheus,disk,43.81,90,1,0
2026-02-12 06:13:17.815814,auth-service,ErrorRateSpike,info,prometheus,errors,0.0,5,3,0
2026-02-12 06:18:17.815814,analytics-engine,HighCPU,info,grafana,cpu,26.96,80,1,0
2026-02-12 06:23:17.815814,analytics-engine,DiskSpaceLow,info,logs,disk,55.79,90,1,0
2026-02-12 06:28:17.815814,analytics-engine,HighMemory,info,grafana,memory,66.59,85,1,0
2026-02-12 06:33:17.815814,frontend-web,HighCPU,info,logs,cpu,19.38,80,1,0
2026-02-12 06:38:17.815814,payment-gateway,ErrorRateSpike,critical,logs,errors,5.07,5,38,1
2026-02-12 06:43:17.815814,inventory-db,HighCPU,info,logs,cpu,48.77,80,2,0
2026-02-12 06:48:17.815814,payment-gateway,HighCPU,info,grafana,cpu,35.43,80,2,0
2026-02-12 06:53:17.815814,payment-gateway,HighMemory,info,prometheus,memory,68.7,85,5,0
2026-02-12 06:58:17.815814,frontend-web,HighMemory,info,logs,memory,53.76,85,2,0
2026-02-12 07:03:17.815814,auth-service,HighMemory,info,logs,memory,48.12,85,2,0
2026-02-12 07:08:17.815814,analytics-engine,HighCPU,info,grafana,cpu,53.45,80,1,0
2026-02-12 07:13:17.815814,payment-gateway,HighMemory,info,grafana,memory,65.4,85,3,0
2026-02-12 07:18:17.815814,inventory-db,ErrorRateSpike,info,prometheus,errors,0.0,5,2,0
2026-02-12 07:23:17.815814,analytics-engine,HighCPU,info,grafana,cpu,31.4,80,2,0
2026-02-12 07:28:17.815814,inventory-db,HighMemory,info,prometheus,memory,51.56,85,1,0
2026-02-12 07:33:17.815814,payment-gateway,ErrorRateSpike,info,logs,errors,2.55,5,1,0
2026-02-12 07:38:17.815814,payment-gateway,HighMemory,info,grafana,memory,61.96,85,1,0
2026-02-12 07:43:17.815814,frontend-web,ErrorRateSpike,info,logs,errors,0.0,5,4,0
2026-02-12 07:48:17.815814,inventory-db,HighCPU,info,prometheus,cpu,47.73,80,1,0
2026-02-12 07:53:17.815814,frontend-web,HighLatency,info,grafana,latency,146.75,300,1,0
2026-02-12 07:58:17.815814,frontend-web,HighCPU,warning,logs,cpu,54.74,80,40,1
2026-02-12 08:03:17.815814,analytics-engine,DiskSpaceLow,info,logs,disk,26.4,90,1,0
2026-02-12 08:08:17.815814,inventory-db,ErrorRateSpike,info,grafana,errors,1.33,5,2,0
2026-02-12 08:13:17.815814,auth-service,ErrorRateSpike,info,grafana,errors,0.0,5,2,0
2026-02-12 08:18:17.815814,payment-gateway,HighMemory,info,grafana,memory,50.63,85,1,0
2026-02-12 08:23:17.815814,auth-service,HighCPU,info,prometheus,cpu,56.1,80,1,0
2026-02-12 08:28:17.815814,payment-gateway,DiskSpaceLow,info,logs,disk,55.77,90,1,0
2026-02-12 08:33:17.815814,analytics-engine,HighMemory,info,prometheus,memory,63.62,85,1,0
2026-02-12 08:38:17.815814,auth-service,HighLatency,info,prometheus,latency,74.22,300,1,0
2026-02-12 08:43:17.815814,auth-service,ErrorRateSpike,info,grafana,errors,0.73,5,1,0
2026-02-12 08:48:17.815814,analytics-engine,HighCPU,info,grafana,cpu,48.2,80,2,0
2026-02-12 08:53:17.815814,auth-service,HighLatency,info,logs,latency,64.67,300,1,0
2026-02-12 08:58:17.815814,auth-service,DiskSpaceLow,info,prometheus,disk,45.05,90,1,0
2026-02-12 09:03:17.815814,frontend-web,ErrorRateSpike,warning,prometheus,errors,6.18,5,1,0
2026-02-12 09:08:17.815814,frontend-web,HighCPU,info,grafana,cpu,33.24,80,1,0
2026-02-12 09:13:17.815814,payment-gateway,DiskSpaceLow,info,logs,disk,35.76,90,1,0
2026-02-12 09:18:17.815814,analytics-engine,HighLatency,info,logs,latency,150.18,300,1,0
2026-02-12 09:23:17.815814,auth-service,DiskSpaceLow,info,prometheus,disk,42.42,90,1,0
2026-02-12 09:28:17.815814,analytics-engine,HighMemory,info,grafana,memory,64.53,85,1,0
2026-02-12 09:33:17.815814,inventory-db,DiskSpaceLow,info,grafana,disk,34.99,90,3,0
2026-02-12 09:38:17.815814,auth-service,DiskSpaceLow,info,logs,disk,47.38,90,1,0
2026-02-12 09:43:17.815814,analytics-engine,DiskSpaceLow,info,grafana,disk,42.98,90,2,0
2026-02-12 09:48:17.815814,analytics-engine,HighMemory,info,grafana,memory,65.44,85,1,0
2026-02-12 09:53:17.815814,inventory-db,ErrorRateSpike,info,logs,errors,4.89,5,2,0
2026-02-12 09:58:17.815814,auth-service,HighMemory,info,grafana,memory,56.11,85,1,0
2026-02-12 10:03:17.815814,analytics-engine,ErrorRateSpike,info,grafana,errors,1.55,5,1,0
2026-02-12 10:08:17.815814,analytics-engine,HighLatency,info,grafana,latency,105.28,300,1,0
2026-02-12 10:13:17.815814,payment-gateway,HighCPU,warning,grafana,cpu,51.48,80,2,1
2026-02-12 10:18:17.815814,frontend-web,HighLatency,info,prometheus,latency,146.96,300,1,0
2026-02-12 10:23:17.815814,frontend-web,DiskSpaceLow,info,prometheus,disk,44.44,90,1,0
2026-02-12 10:28:17.815814,auth-service,HighMemory,info,logs,memory,41.33,85,3,0
2026-02-12 10:33:17.815814,inventory-db,HighMemory,info,logs,memory,49.46,85,1,0
2026-02-12 10:38:17.815814,payment-gateway,DiskSpaceLow,info,prometheus,disk,44.84,90,1,0
2026-02-12 10:43:17.815814,payment-gateway,ErrorRateSpike,info,grafana,errors,0.0,5,1,0
2026-02-12 10:48:17.815814,inventory-db,HighLatency,info,logs,latency,169.65,300,1,0
2026-02-12 10:53:17.815814,analytics-engine,HighMemory,info,grafana,memory,57.94,85,2,0
2026-02-12 10:58:17.815814,inventory-db,HighMemory,info,logs,memory,68.83,85,3,0
2026-02-12 11:03:17.815814,frontend-web,HighMemory,critical,logs,memory,114.16,85,3,1
2026-02-12 11:08:17.815814,inventory-db,HighMemory,info,prometheus,memory,57.16,85,2,0
2026-02-12 11:13:17.815814,frontend-web,HighMemory,info,prometheus,memory,66.14,85,1,0
2026-02-12 11:18:17.815814,auth-service,DiskSpaceLow,info,logs,disk,35.27,90,1,0
2026-02-12 11:23:17.815814,inventory-db,HighCPU,info,prometheus,cpu,53.19,80,1,0
2026-02-12 11:28:17.815814,frontend-web,ErrorRateSpike,info,logs,errors,0.0,5,1,0
2026-02-12 11:33:17.815814,frontend-web,HighCPU,info,prometheus,cpu,27.46,80,1,0
2026-02-12 11:38:17.815814,auth-service,DiskSpaceLow,info,logs,disk,44.49,90,2,0
2026-02-12 11:43:17.815814,inventory-db,HighLatency,info,logs,latency,84.22,300,4,0
2026-02-12 11:48:17.815814,inventory-db,DiskSpaceLow,info,logs,disk,52.56,90,2,0
2026-02-12 11:53:17.815814,inventory-db,ErrorRateSpike,info,prometheus,errors,3.15,5,1,0
2026-02-12 11:58:17.815814,payment-gateway,ErrorRateSpike,info,grafana,errors,1.05,5,1,0
2026-02-12 12:03:17.815814,analytics-engine,HighMemory,info,logs,memory,66.64,85,2,0
2026-02-12 12:08:17.815814,frontend-web,HighCPU,info,grafana,cpu,38.35,80,2,0
2026-02-12 12:13:17.815814,payment-gateway,DiskSpaceLow,info,prometheus,disk,39.98,90,1,0
2026-02-12 12:18:17.815814,frontend-web,HighLatency,info,grafana,latency,127.85,300,1,0
2026-02-12 12:23:17.815814,payment-gateway,HighMemory,info,prometheus,memory,40.76,85,2,0
2026-02-12 12:28:17.815814,auth-service,HighLatency,info,grafana,latency,109.6,300,4,0
2026-02-12 12:33:17.815814,auth-service,HighLatency,info,grafana,latency,72.21,300,3,0
2026-02-12 12:38:17.815814,auth-service,ErrorRateSpike,info,prometheus,errors,1.31,5,1,0
2026-02-12 12:43:17.815814,analytics-engine,ErrorRateSpike,info,prometheus,errors,0.0,5,1,0
2026-02-12 12:48:17.815814,payment-gateway,ErrorRateSpike,info,logs,errors,0.0,5,1,0
2026-02-12 12:53:17.815814,frontend-web,HighCPU,info,logs,cpu,42.04,80,2,0
2026-02-12 12:58:17.815814,payment-gateway,HighCPU,info,prometheus,cpu,41.62,80,1,0
2026-02-12 13:03:17.815814,inventory-db,HighLatency,info,grafana,latency,73.22,300,2,0
2026-02-12 13:08:17.815814,analytics-engine,HighLatency,info,grafana,latency,164.61,300,3,0
2026-02-12 13:13:17.815814,payment-gateway,DiskSpaceLow,info,logs,disk,38.14,90,1,0
2026-02-12 13:18:17.815814,inventory-db,HighMemory,info,logs,memory,41.26,85,2,0
2026-02-12 13:23:17.815814,analytics-engine,DiskSpaceLow,info,prometheus,disk,54.94,90,4,0
2026-02-12 13:28:17.815814,payment-gateway,HighLatency,info,grafana,latency,138.91,300,3,0
2026-02-12 13:33:17.815814,inventory-db,ErrorRateSpike,info,logs,errors,0.0,5,2,0
2026-02-12 13:38:17.815814,analytics-engine,HighLatency,info,logs,latency,73.47,300,4,0
2026-02-12 13:43:17.815814,auth-service,HighLatency,info,prometheus,latency,142.29,300,2,0
2026-02-12 13:48:17.815814,analytics-engine,HighLatency,info,logs,latency,64.17,300,2,0
2026-02-12 13:53:17.815814,analytics-engine,DiskSpaceLow,info,prometheus,disk,49.8,90,1,0
2026-02-12 13:58:17.815814,frontend-web,ErrorRateSpike,warning,logs,errors,5.6,5,1,0
2026-02-12 14:03:17.815814,auth-service,ErrorRateSpike,info,grafana,errors,0.15,5,2,0
2026-02-12 14:08:17.815814,analytics-engine,ErrorRateSpike,info,logs,errors,0.0,5,1,0
2026-02-12 14:13:17.815814,analytics-engine,HighLatency,info,logs,latency,132.17,300,2,0
2026-02-12 14:18:17.815814,payment-gateway,HighMemory,info,logs,memory,55.11,85,1,0
2026-02-12 14:23:17.815814,inventory-db,ErrorRateSpike,warning,grafana,errors,2.44,5,27,1
2026-02-12 14:28:17.815814,inventory-db,HighMemory,info,logs,memory,38.78,85,2,0
2026-02-12 14:33:17.815814,frontend-web,DiskSpaceLow,info,logs,disk,56.32,90,3,0
2026-02-12 14:38:17.815814,inventory-db,ErrorRateSpike,info,grafana,errors,0.23,5,2,0
2026-02-12 14:43:17.815814,auth-service,HighMemory,info,prometheus,memory,55.72,85,1,0
2026-02-12 14:48:17.815814,frontend-web,DiskSpaceLow,info,logs,disk,40.08,90,1,0
2026-02-12 14:53:17.815814,auth-service,ErrorRateSpike,info,grafana,errors,0.37,5,1,0
2026-02-12 14:58:17.815814,inventory-db,HighLatency,info,logs,latency,146.84,300,1,0
2026-02-12 15:03:17.815814,analytics-engine,HighLatency,info,grafana,latency,175.79,300,1,0
2026-02-12 15:08:17.815814,payment-gateway,DiskSpaceLow,info,grafana,disk,32.51,90,2,0
2026-02-12 15:13:17.815814,inventory-db,HighLatency,info,logs,latency,157.19,300,1,0
2026-02-12 15:18:17.815814,frontend-web,HighMemory,info,prometheus,memory,70.14,85,3,0
2026-02-12 15:23:17.815814,payment-gateway,ErrorRateSpike,info,grafana,errors,0.0,5,1,0
2026-02-12 15:28:17.815814,inventory-db,HighMemory,info,prometheus,memory,41.58,85,2,0
2026-02-12 15:33:17.815814,analytics-engine,HighLatency,info,grafana,latency,156.87,300,1,0
2026-02-12 15:38:17.815814,auth-service,HighCPU,info,prometheus,cpu,23.1,80,1,0
2026-02-12 15:43:17.815814,payment-gateway,DiskSpaceLow,info,grafana,disk,46.58,90,1,0
2026-02-12 15:48:17.815814,frontend-web,HighLatency,info,logs,latency,199.73,300,3,0
2026-02-12 15:53:17.815814,payment-gateway,HighMemory,info,prometheus,memory,58.36,85,1,0
2026-02-12 15:58:17.815814,auth-service,HighLatency,warning,logs,latency,232.66,300,32,1
2026-02-12 16:03:17.815814,payment-gateway,HighMemory,info,logs,memory,54.78,85,1,0
2026-02-12 16:08:17.815814,auth-service,HighLatency,info,logs,latency,125.5,300,1,0
2026-02-12 16:13:17.815814,auth-service,HighCPU,info,grafana,cpu,59.37,80,2,0
2026-02-12 16:18:17.815814,payment-gateway,ErrorRateSpike,info,prometheus,errors,0.71,5,1,0
2026-02-12 16:23:17.815814,frontend-web,HighMemory,info,logs,memory,58.48,85,1,0
2026-02-12 16:28:17.815814,frontend-web,DiskSpaceLow,info,logs,disk,44.45,90,3,0
2026-02-12 16:33:17.815814,frontend-web,HighLatency,info,logs,latency,173.17,300,1,0
2026-02-12 16:38:17.815814,frontend-web,HighMemory,info,prometheus,memory,62.47,85,1,0
2026-02-12 16:43:17.815814,auth-service,HighLatency,info,prometheus,latency,109.66,300,1,0
2026-02-12 16:48:17.815814,analytics-engine,ErrorRateSpike,warning,prometheus,errors,5.35,5,1,0
2026-02-12 16:53:17.815814,payment-gateway,HighMemory,info,prometheus,memory,40.35,85,2,0
2026-02-12 16:58:17.815814,analytics-engine,ErrorRateSpike,info,grafana,errors,0.0,5,1,0
2026-02-12 17:03:17.815814,payment-gateway,HighMemory,info,grafana,memory,44.42,85,1,0
2026-02-12 17:08:17.815814,payment-gateway,HighMemory,info,logs,memory,49.97,85,1,0
2026-02-12 17:13:17.815814,analytics-engine,HighLatency,info,grafana,latency,82.37,300,1,0
2026-02-12 17:18:17.815814,payment-gateway,ErrorRateSpike,info,prometheus,errors,2.45,5,2,0
2026-02-12 17:23:17.815814,auth-service,DiskSpaceLow,info,logs,disk,50.92,90,1,0
2026-02-12 17:28:17.815814,payment-gateway,HighLatency,info,grafana,latency,108.83,300,2,0
2026-02-12 17:33:17.815814,analytics-engine,HighLatency,info,logs,latency,57.15,300,3,0
2026-02-12 17:38:17.815814,auth-service,HighLatency,info,grafana,latency,77.85,300,2,0
2026-02-12 17:43:17.815814,payment-gateway,HighLatency,info,prometheus,latency,192.97,300,1,0
2026-02-12 17:48:17.815814,payment-gateway,HighLatency,info,prometheus,latency,181.02,300,2,0
2026-02-12 17:53:17.815814,payment-gateway,DiskSpaceLow,info,logs,disk,33.98,90,1,0
2026-02-12 17:58:17.815814,auth-service,HighMemory,info,prometheus,memory,41.16,85,2,0
2026-02-12 18:03:17.815814,frontend-web,HighMemory,info,prometheus,memory,42.73,85,2,0
2026-02-12 18:08:17.815814,analytics-engine,HighMemory,info,logs,memory,63.45,85,1,0
2026-02-12 18:13:17.815814,auth-service,DiskSpaceLow,info,logs,disk,56.5,90,1,0
2026-02-12 18:18:17.815814,payment-gateway,HighLatency,info,logs,latency,164.15,300,1,0
2026-02-12 18:23:17.815814,payment-gateway,HighMemory,info,grafana,memory,44.82,85,2,0
2026-02-12 18:28:17.815814,inventory-db,DiskSpaceLow,info,grafana,disk,33.85,90,1,0
2026-02-12 18:33:17.815814,payment-gateway,HighLatency,critical,grafana,latency,364.79,300,11,1
2026-02-12 18:38:17.815814,auth-service,HighLatency,info,prometheus,latency,168.06,300,2,0
2026-02-12 18:43:17.815814,analytics-engine,HighLatency,info,logs,latency,50.18,300,1,0
2026-02-12 18:48:17.815814,frontend-web,HighCPU,info,logs,cpu,32.6,80,1,0
2026-02-12 18:53:17.815814,payment-gateway,DiskSpaceLow,critical,prometheus,disk,139.26,90,4,1
2026-02-12 18:58:17.815814,frontend-web,DiskSpaceLow,info,prometheus,disk,36.65,90,1,0
2026-02-12 19:03:17.815814,frontend-web,ErrorRateSpike,info,prometheus,errors,1.33,5,1,0
2026-02-12 19:08:17.815814,frontend-web,HighLatency,info,grafana,latency,122.0,300,1,0
2026-02-12 19:13:17.815814,frontend-web,HighMemory,info,grafana,memory,73.48,85,2,0
2026-02-12 19:18:17.815814,inventory-db,HighMemory,info,grafana,memory,56.9,85,1,0
2026-02-12 19:23:17.815814,frontend-web,HighLatency,warning,prometheus,latency,194.99,300,44,1
2026-02-12 19:28:17.815814,inventory-db,HighCPU,info,prometheus,cpu,31.27,80,1,0
2026-02-12 19:33:17.815814,analytics-engine,HighMemory,info,prometheus,memory,64.8,85,1,0
2026-02-12 19:38:17.815814,frontend-web,HighMemory,info,prometheus,memory,49.23,85,1,0
2026-02-12 19:43:17.815814,frontend-web,HighCPU,info,logs,cpu,26.52,80,1,0
2026-02-12 19:48:17.815814,analytics-engine,ErrorRateSpike,info,grafana,errors,0.0,5,1,0
2026-02-12 19:53:17.815814,inventory-db,HighLatency,info,logs,latency,163.32,300,1,0
2026-02-12 19:58:17.815814,payment-gateway,HighLatency,info,grafana,latency,158.44,300,2,0
2026-02-12 20:03:17.815814,inventory-db,HighCPU,info,logs,cpu,27.76,80,2,0
2026-02-12 20:08:17.815814,frontend-web,HighLatency,info,logs,latency,167.03,300,1,0
2026-02-12 20:13:17.815814,analytics-engine,HighLatency,info,logs,latency,66.95,300,3,0
2026-02-12 20:18:17.815814,frontend-web,ErrorRateSpike,info,logs,errors,0.0,5,3,0
2026-02-12 20:23:17.815814,inventory-db,ErrorRateSpike,info,grafana,errors,0.0,5,1,0
2026-02-12 20:28:17.815814,inventory-db,HighCPU,info,logs,cpu,57.51,80,1,0
2026-02-12 20:33:17.815814,frontend-web,HighMemory,info,grafana,memory,60.59,85,2,0
2026-02-12 20:38:17.815814,analytics-engine,DiskSpaceLow,info,prometheus,disk,52.53,90,5,0
2026-02-12 20:43:17.815814,frontend-web,HighMemory,info,grafana,memory,68.51,85,1,0
2026-02-12 20:48:17.815814,frontend-web,HighCPU,info,grafana,cpu,49.98,80,2,0
2026-02-12 20:53:17.815814,analytics-engine,HighLatency,info,prometheus,latency,157.39,300,1,0
2026-02-12 20:58:17.815814,analytics-engine,ErrorRateSpike,info,prometheus,errors,1.9,5,1,0
2026-02-12 21:03:17.815814,auth-service,ErrorRateSpike,info,prometheus,errors,3.91,5,1,0
2026-02-12 21:08:17.815814,analytics-engine,HighCPU,info,grafana,cpu,35.05,80,4,0
2026-02-12 21:13:17.815814,analytics-engine,ErrorRateSpike,warning,prometheus,errors,1.73,5,22,1
2026-02-12 21:18:17.815814,inventory-db,HighMemory,critical,logs,memory,86.37,85,16,1
2026-02-12 21:23:17.815814,inventory-db,ErrorRateSpike,info,grafana,errors,3.85,5,10,0
2026-02-12 21:28:17.815814,auth-service,ErrorRateSpike,info,logs,errors,4.24,5,2,0
2026-02-12 21:33:17.815814,payment-gateway,DiskSpaceLow,info,logs,disk,49.41,90,2,0
2026-02-12 21:38:17.815814,frontend-web,HighMemory,info,prometheus,memory,54.03,85,2,0
2026-02-12 21:43:17.815814,frontend-web,HighMemory,info,prometheus,memory,55.5,85,3,0
2026-02-12 21:48:17.815814,auth-service,HighMemory,info,logs,memory,67.12,85,2,0
2026-02-12 21:53:17.815814,payment-gateway,ErrorRateSpike,info,prometheus,errors,0.0,5,2,0
2026-02-12 21:58:17.815814,payment-gateway,HighMemory,info,grafana,memory,57.2,85,3,0
2026-02-12 22:03:17.815814,auth-service,HighCPU,info,grafana,cpu,23.44,80,2,0
2026-02-12 22:08:17.815814,frontend-web,DiskSpaceLow,info,grafana,disk,60.58,90,1,0
2026-02-12 22:13:17.815814,frontend-web,HighCPU,info,logs,cpu,26.04,80,1,0
2026-02-12 22:18:17.815814,payment-gateway,DiskSpaceLow,info,prometheus,disk,31.31,90,2,0
2026-02-12 22:23:17.815814,frontend-web,HighMemory,info,prometheus,memory,45.5,85,2,0
2026-02-12 22:28:17.815814,inventory-db,HighCPU,info,logs,cpu,35.66,80,1,0
2026-02-12 22:33:17.815814,inventory-db,ErrorRateSpike,info,logs,errors,2.34,5,1,0
2026-02-12 22:38:17.815814,analytics-engine,DiskSpaceLow,info,prometheus,disk,27.57,90,1,0
2026-02-12 22:43:17.815814,payment-gateway,DiskSpaceLow,info,grafana,disk,43.76,90,1,0
2026-02-12 22:48:17.815814,payment-gateway,ErrorRateSpike,info,prometheus,errors,1.61,5,1,0
2026-02-12 22:53:17.815814,inventory-db,HighMemory,info,grafana,memory,64.6,85,1,0
2026-02-12 22:58:17.815814,inventory-db,ErrorRateSpike,info,grafana,errors,0.0,5,2,0
2026-02-12 23:03:17.815814,payment-gateway,DiskSpaceLow,info,logs,disk,49.15,90,1,0
2026-02-12 23:08:17.815814,analytics-engine,HighMemory,info,prometheus,memory,42.53,85,3,0
2026-02-12 23:13:17.815814,inventory-db,HighMemory,info,prometheus,memory,56.6,85,1,0
2026-02-12 23:18:17.815814,frontend-web,HighLatency,info,grafana,latency,158.8,300,3,0
2026-02-12 23:23:17.815814,frontend-web,HighLatency,info,prometheus,latency,115.44,300,2,0
2026-02-12 23:28:17.815814,inventory-db,HighMemory,info,prometheus,memory,54.46,85,2,0
2026-02-12 23:33:17.815814,payment-gateway,ErrorRateSpike,warning,logs,errors,6.05,5,3,0
2026-02-12 23:38:17.815814,frontend-web,HighLatency,info,grafana,latency,130.3,300,1,0
2026-02-12 23:43:17.815814,auth-service,HighCPU,info,grafana,cpu,60.2,80,1,0
2026-02-12 23:48:17.815814,auth-service,DiskSpaceLow,info,logs,disk,47.67,90,2,0
2026-02-12 23:53:17.815814,analytics-engine,HighMemory,info,logs,memory,50.57,85,1,0
2026-02-12 23:58:17.815814,payment-gateway,HighLatency,info,prometheus,latency,76.68,300,2,0
2026-02-13 00:03:17.815814,inventory-db,ErrorRateSpike,info,grafana,errors,0.0,5,2,0
2026-02-13 00:08:17.815814,frontend-web,DiskSpaceLow,info,logs,disk,32.14,90,3,0
2026-02-13 00:13:17.815814,inventory-db,HighMemory,info,prometheus,memory,45.87,85,1,0
2026-02-13 00:18:17.815814,inventory-db,DiskSpaceLow,info,grafana,disk,40.54,90,1,0
2026-02-13 00:23:17.815814,payment-gateway,HighLatency,info,grafana,latency,192.29,300,1,0
2026-02-13 00:28:17.815814,inventory-db,HighCPU,info,grafana,cpu,18.71,80,3,0
2026-02-13 00:33:17.815814,analytics-engine,HighMemory,info,prometheus,memory,67.39,85,1,0
2026-02-13 00:38:17.815814,inventory-db,HighCPU,info,grafana,cpu,45.35,80,1,0
2026-02-13 00:43:17.815814,auth-service,HighCPU,info,prometheus,cpu,42.88,80,3,0
2026-02-13 00:48:17.815814,inventory-db,HighCPU,info,prometheus,cpu,38.0,80,1,0
2026-02-13 00:53:17.815814,payment-gateway,ErrorRateSpike,warning,prometheus,errors,1.56,5,1,1
2026-02-13 00:58:17.815814,inventory-db,HighLatency,info,grafana,latency,152.73,300,3,0
2026-02-13 01:03:17.815814,analytics-engine,HighMemory,info,grafana,memory,63.63,85,2,0
2026-02-13 01:08:17.815814,analytics-engine,HighLatency,info,grafana,latency,150.65,300,1,0
2026-02-13 01:13:17.815814,inventory-db,HighMemory,info,logs,memory,59.76,85,1,0
2026-02-13 01:18:17.815814,payment-gateway,DiskSpaceLow,info,logs,disk,48.12,90,1,0
2026-02-13 01:23:17.815814,frontend-web,HighLatency,info,logs,latency,82.59,300,2,0
2026-02-13 01:28:17.815814,auth-service,HighCPU,info,prometheus,cpu,48.77,80,1,0
2026-02-13 01:33:17.815814,analytics-engine,DiskSpaceLow,info,logs,disk,30.35,90,1,0
2026-02-13 01:38:17.815814,analytics-engine,HighMemory,info,logs,memory,50.28,85,2,0
2026-02-13 01:43:17.815814,frontend-web,ErrorRateSpike,info,prometheus,errors,0.0,5,3,0
2026-02-13 01:48:17.815814,inventory-db,DiskSpaceLow,info,prometheus,disk,46.12,90,2,0
2026-02-13 01:53:17.815814,payment-gateway,HighCPU,info,grafana,cpu,25.71,80,1,0
2026-02-13 01:58:17.815814,frontend-web,HighCPU,info,grafana,cpu,33.29,80,1,0
2026-02-13 02:03:17.815814,analytics-engine,ErrorRateSpike,warning,prometheus,errors,5.05,5,1,0
2026-02-13 02:08:17.815814,auth-service,HighCPU,info,grafana,cpu,27.13,80,1,0
2026-02-13 02:13:17.815814,auth-service,HighLatency,info,logs,latency,88.92,300,3,0
2026-02-13 02:18:17.815814,frontend-web,ErrorRateSpike,info,logs,errors,3.6,5,3,0
2026-02-13 02:23:17.815814,payment-gateway,HighLatency,info,logs,latency,75.29,300,2,0
2026-02-13 02:28:17.815814,frontend-web,HighCPU,info,logs,cpu,48.77,80,3,0
2026-02-13 02:33:17.815814,frontend-web,HighCPU,info,prometheus,cpu,38.54,80,1,0
2026-02-13 02:38:17.815814,frontend-web,HighCPU,info,prometheus,cpu,50.69,80,1,0
2026-02-13 02:43:17.815814,analytics-engine,HighMemory,info,prometheus,memory,47.79,85,3,0
2026-02-13 02:48:17.815814,analytics-engine,ErrorRateSpike,info,grafana,errors,1.7,5,2,0
2026-02-13 02:53:17.815814,analytics-engine,ErrorRateSpike,info,logs,errors,3.19,5,2,0
2026-02-13 02:58:17.815814,frontend-web,ErrorRateSpike,info,logs,errors,1.47,5,2,0
2026-02-13 03:03:17.815814,payment-gateway,HighLatency,info,prometheus,latency,170.72,300,1,0
2026-02-13 03:08:17.815814,frontend-web,HighLatency,info,prometheus,latency,130.9,300,3,0
2026-02-13 03:13:17.815814,frontend-web,HighCPU,info,prometheus,cpu,27.13,80,1,0
2026-02-13 03:18:17.815814,payment-gateway,HighMemory,info,logs,memory,49.75,85,1,0
2026-02-13 03:23:17.815814,auth-service,HighLatency,info,logs,latency,130.36,300,1,0
2026-02-13 03:28:17.815814,frontend-web,HighMemory,info,logs,memory,63.55,85,2,0
2026-02-13 03:33:17.815814,payment-gateway,HighLatency,info,logs,latency,135.1,300,3,0
2026-02-13 03:38:17.815814,frontend-web,HighCPU,info,prometheus,cpu,59.0,80,1,0
2026-02-13 03:43:17.815814,auth-service,HighMemory,info,prometheus,memory,71.31,85,1,0
2026-02-13 03:48:17.815814,auth-service,DiskSpaceLow,info,prometheus,disk,28.06,90,1,0
2026-02-13 03:53:17.815814,auth-service,ErrorRateSpike,info,grafana,errors,0.0,5,2,0
2026-02-13 03:58:17.815814,frontend-web,HighMemory,info,grafana,memory,60.11,85,3,0
2026-02-13 04:03:17.815814,inventory-db,DiskSpaceLow,info,logs,disk,38.34,90,2,0
2026-02-13 04:08:17.815814,inventory-db,HighLatency,info,prometheus,latency,113.48,300,2,0
2026-02-13 04:13:17.815814,analytics-engine,ErrorRateSpike,warning,grafana,errors,6.25,5,2,0
2026-02-13 04:18:17.815814,inventory-db,HighLatency,info,prometheus,latency,185.7,300,1,0
2026-02-13 04:23:17.815814,payment-gateway,HighMemory,info,prometheus,memory,44.61,85,2,0
2026-02-13 04:28:17.815814,auth-service,DiskSpaceLow,info,prometheus,disk,55.49,90,2,0
2026-02-13 04:33:17.815814,analytics-engine,HighMemory,critical,grafana,memory,157.17,85,1,1
2026-02-13 04:38:17.815814,auth-service,ErrorRateSpike,info,logs,errors,2.56,5,2,0
2026-02-13 04:43:17.815814,payment-gateway,ErrorRateSpike,info,logs,errors,0.0,5,1,0
2026-02-13 04:48:17.815814,frontend-web,DiskSpaceLow,info,grafana,disk,56.01,90,1,0
2026-02-13 04:53:17.815814,payment-gateway,ErrorRateSpike,info,logs,errors,0.0,5,1,0
2026-02-13 04:58:17.815814,inventory-db,HighLatency,info,prometheus,latency,122.02,300,2,0
2026-02-13 05:03:17.815814,auth-service,HighCPU,info,prometheus,cpu,31.29,80,1,0
2026-02-13 05:08:17.815814,inventory-db,ErrorRateSpike,info,prometheus,errors,2.87,5,1,0
2026-02-13 05:13:17.815814,inventory-db,HighCPU,info,grafana,cpu,54.14,80,2,0
2026-02-13 05:18:17.815814,frontend-web,HighLatency,info,grafana,latency,175.24,300,1,0
2026-02-13 05:23:17.815814,inventory-db,DiskSpaceLow,info,prometheus,disk,45.34,90,1,0
2026-02-13 05:28:17.815814,auth-service,HighMemory,info,prometheus,memory,49.5,85,2,0
2026-02-13 05:33:17.815814,payment-gateway,DiskSpaceLow,info,logs,disk,37.98,90,1,0
2026-02-13 05:38:17.815814,analytics-engine,HighMemory,info,logs,memory,66.9,85,1,0
2026-02-13 05:43:17.815814,auth-service,ErrorRateSpike,warning,logs,errors,2.17,5,32,1
2026-02-13 05:48:17.815814,frontend-web,HighLatency,info,grafana,latency,51.56,300,1,0
2026-02-13 05:53:17.815814,inventory-db,HighLatency,info,grafana,latency,160.02,300,1,0
2026-02-13 05:58:17.815814,payment-gateway,DiskSpaceLow,info,prometheus,disk,42.07,90,2,0
2026-02-13 06:03:17.815814,auth-service,HighLatency,info,grafana,latency,132.02,300,1,0
2026-02-13 06:08:17.815814,analytics-engine,DiskSpaceLow,info,grafana,disk,27.41,90,1,0
2026-02-13 06:13:17.815814,analytics-engine,HighCPU,info,prometheus,cpu,37.8,80,1,0
2026-02-13 06:18:17.815814,inventory-db,HighMemory,info,grafana,memory,48.34,85,2,0
2026-02-13 06:23:17.815814,auth-service,HighLatency,info,prometheus,latency,168.6,300,2,0
2026-02-13 06:28:17.815814,frontend-web,HighMemory,info,logs,memory,49.71,85,1,0
2026-02-13 06:33:17.815814,inventory-db,ErrorRateSpike,info,logs,errors,2.03,5,3,0
2026-02-13 06:38:17.815814,analytics-engine,HighCPU,info,logs,cpu,62.42,80,1,0
2026-02-13 06:43:17.815814,analytics-engine,DiskSpaceLow,info,logs,disk,58.12,90,1,0
2026-02-13 06:48:17.815814,analytics-engine,DiskSpaceLow,info,prometheus,disk,39.05,90,1,0
2026-02-13 06:53:17.815814,analytics-engine,HighLatency,info,logs,latency,196.94,300,1,0
2026-02-13 06:58:17.815814,inventory-db,DiskSpaceLow,info,prometheus,disk,34.25,90,8,0
2026-02-13 07:03:17.815814,analytics-engine,HighMemory,info,grafana,memory,55.33,85,1,0
2026-02-13 07:08:17.815814,payment-gateway,DiskSpaceLow,info,grafana,disk,50.16,90,1,0
2026-02-13 07:13:17.815814,analytics-engine,HighMemory,info,grafana,memory,57.05,85,1,0
2026-02-13 07:18:17.815814,analytics-engine,ErrorRateSpike,info,prometheus,errors,0.75,5,1,0
2026-02-13 07:23:17.815814,payment-gateway,HighMemory,info,prometheus,memory,66.98,85,1,0
2026-02-13 07:28:17.815814,auth-service,HighLatency,info,grafana,latency,130.64,300,3,0
2026-02-13 07:33:17.815814,analytics-engine,HighLatency,info,grafana,latency,124.66,300,1,0
2026-02-13 07:38:17.815814,analytics-engine,ErrorRateSpike,info,grafana,errors,1.51,5,1,0
2026-02-13 07:43:17.815814,analytics-engine,ErrorRateSpike,info,logs,errors,1.96,5,3,0
2026-02-13 07:48:17.815814,payment-gateway,HighLatency,info,logs,latency,66.43,300,1,0
2026-02-13 07:53:17.815814,analytics-engine,HighLatency,info,logs,latency,187.79,300,1,0
2026-02-13 07:58:17.815814,payment-gateway,HighLatency,info,prometheus,latency,105.17,300,2,0
2026-02-13 08:03:17.815814,auth-service,ErrorRateSpike,warning,grafana,errors,5.99,5,1,0
2026-02-13 08:08:17.815814,analytics-engine,DiskSpaceLow,info,grafana,disk,44.53,90,1,0
2026-02-13 08:13:17.815814,payment-gateway,HighMemory,info,grafana,memory,45.23,85,1,0
2026-02-13 08:18:17.815814,payment-gateway,DiskSpaceLow,info,prometheus,disk,55.29,90,2,0
2026-02-13 08:23:17.815814,payment-gateway,ErrorRateSpike,info,prometheus,errors,1.87,5,1,0
2026-02-13 08:28:17.815814,frontend-web,HighLatency,info,grafana,latency,187.59,300,1,0
2026-02-13 08:33:17.815814,inventory-db,ErrorRateSpike,info,logs,errors,0.18,5,2,0
2026-02-13 08:38:17.815814,analytics-engine,DiskSpaceLow,info,grafana,disk,39.49,90,5,0
2026-02-13 08:43:17.815814,frontend-web,DiskSpaceLow,info,grafana,disk,51.25,90,1,0
2026-02-13 08:48:17.815814,analytics-engine,ErrorRateSpike,info,grafana,errors,0.0,5,1,0
2026-02-13 08:53:17.815814,inventory-db,HighMemory,info,logs,memory,47.97,85,1,0
2026-02-13 08:58:17.815814,payment-gateway,HighLatency,info,logs,latency,76.86,300,4,0
2026-02-13 09:03:17.815814,auth-service,DiskSpaceLow,info,prometheus,disk,37.36,90,1,0
2026-02-13 09:08:17.815814,analytics-engine,HighLatency,info,grafana,latency,76.61,300,2,0
2026-02-13 09:13:17.815814,frontend-web,HighMemory,info,prometheus,memory,56.8,85,1,0
2026-02-13 09:18:17.815814,auth-service,ErrorRateSpike,info,prometheus,errors,0.0,5,1,0
2026-02-13 09:23:17.815814,payment-gateway,HighMemory,critical,logs,memory,93.49,85,1,1
2026-02-13 09:28:17.815814,analytics-engine,HighLatency,info,grafana,latency,182.36,300,4,0
2026-02-13 09:33:17.815814,payment-gateway,HighCPU,info,grafana,cpu,39.35,80,1,0
2026-02-13 09:38:17.815814,auth-service,HighCPU,info,logs,cpu,52.65,80,2,0
2026-02-13 09:43:17.815814,auth-service,HighCPU,info,grafana,cpu,35.69,80,1,0
2026-02-13 09:48:17.815814,analytics-engine,HighCPU,info,prometheus,cpu,50.45,80,2,0
2026-02-13 09:53:17.815814,payment-gateway,DiskSpaceLow,info,logs,disk,36.78,90,2,0
2026-02-13 09:58:17.815814,frontend-web,HighMemory,info,prometheus,memory,65.74,85,4,0
2026-02-13 10:03:17.815814,frontend-web,HighCPU,critical,prometheus,cpu,87.42,80,2,1
2026-02-13 10:08:17.815814,auth-service,DiskSpaceLow,critical,grafana,disk,116.06,90,5,1
2026-02-13 10:13:17.815814,auth-service,HighMemory,info,logs,memory,44.06,85,2,0
2026-02-13 10:18:17.815814,auth-service,ErrorRateSpike,info,grafana,errors,4.24,5,1,0
2026-02-13 10:23:17.815814,analytics-engine,HighMemory,info,logs,memory,51.12,85,2,0
2026-02-13 10:28:17.815814,analytics-engine,HighCPU,info,logs,cpu,38.54,80,1,0
2026-02-13 10:33:17.815814,auth-service,HighCPU,info,logs,cpu,52.04,80,1,0
2026-02-13 10:38:17.815814,frontend-web,HighMemory,critical,prometheus,memory,117.16,85,49,1
2026-02-13 10:43:17.815814,analytics-engine,HighLatency,info,grafana,latency,182.07,300,2,0
2026-02-13 10:48:17.815814,analytics-engine,HighLatency,info,grafana,latency,85.76,300,2,0
2026-02-13 10:53:17.815814,auth-service,HighCPU,info,prometheus,cpu,51.3,80,1,0
2026-02-13 10:58:17.815814,inventory-db,DiskSpaceLow,info,prometheus,disk,26.28,90,1,0
2026-02-13 11:03:17.815814,analytics-engine,HighLatency,info,prometheus,latency,162.14,300,2,0
2026-02-13 11:08:17.815814,inventory-db,HighMemory,info,grafana,memory,48.64,85,2,0
2026-02-13 11:13:17.815814,inventory-db,DiskSpaceLow,info,prometheus,disk,54.72,90,1,0
2026-02-13 11:18:17.815814,inventory-db,HighMemory,info,prometheus,memory,51.5,85,1,0
2026-02-13 11:23:17.815814,auth-service,HighCPU,info,grafana,cpu,59.14,80,4,0
2026-02-13 11:28:17.815814,frontend-web,HighMemory,info,logs,memory,46.72,85,1,0
2026-02-13 11:33:17.815814,inventory-db,HighCPU,warning,grafana,cpu,57.32,80,1,1
2026-02-13 11:38:17.815814,analytics-engine,ErrorRateSpike,info,logs,errors,0.0,5,3,0
